line,from_station,to_station,distance_km,direction,train_no,train_code,cars,speed,train_type,days_of_week,origin,destination,departure_time,arrival_time,departure_hour,departure_minute,travel_time_minutes,route,train_id,train_category,time_period
CR,mumbai_cst,masjid,1.2,DOWN,96301,A1,12.0,S,LOCAL,DAILY,Mumbai CST,Ambernath,00:02,00:05,0,2,3,mumbai_cst -> masjid,96301,LOCAL,Late Night
CR,mumbai_cst,masjid,1.2,DOWN,97601,C1,12.0,S,LOCAL,DAILY,Mumbai CST,Kurla,00:05,00:08,0,5,3,mumbai_cst -> masjid,97601,LOCAL,Late Night
CR,mumbai_cst,masjid,1.2,DOWN,96401,N1,12.0,S,LOCAL,DAILY,Mumbai CST,Kasara,00:08,00:11,0,8,3,mumbai_cst -> masjid,96401,LOCAL,Late Night
CR,mumbai_cst,masjid,1.2,DOWN,96101,S1,12.0,S,LOCAL,DAILY,Mumbai CST,Karjat,00:12,00:15,0,12,3,mumbai_cst -> masjid,96101,LOCAL,Late Night
CR,mumbai_cst,masjid,1.2,DOWN,97301,T1,12.0,S,LOCAL,DAILY,Mumbai CST,Thane,00:24,00:27,0,24,3,mumbai_cst -> masjid,97301,LOCAL,Late Night
CR,masjid,sandhurst_road,0.6,DOWN,97651,C51,12.0,S,LOCAL,DAILY,Mumbai CST,Kurla,00:01,00:03,0,1,2,masjid -> sandhurst_road,97651,LOCAL,Late Night
CR,masjid,sandhurst_road,0.6,DOWN,96301,A1,12.0,S,LOCAL,DAILY,Mumbai CST,Ambernath,00:05,00:07,0,5,2,masjid -> sandhurst_road,96301,LOCAL,Late Night
CR,masjid,sandhurst_road,0.6,DOWN,97601,C1,12.0,S,LOCAL,DAILY,Mumbai CST,Kurla,00:08,00:10,0,8,2,masjid -> sandhurst_road,97601,LOCAL,Late Night
CR,masjid,sandhurst_road,0.6,DOWN,96401,N1,12.0,S,LOCAL,DAILY,Mumbai CST,Kasara,00:11,00:13,0,11,2,masjid -> sandhurst_road,96401,LOCAL,Late Night
CR,masjid,sandhurst_road,0.6,DOWN,96101,S1,12.0,S,LOCAL,DAILY,Mumbai CST,Karjat,00:15,00:17,0,15,2,masjid -> sandhurst_road,96101,LOCAL,Late Night
CR,masjid,sandhurst_road,0.6,DOWN,97301,T1,12.0,S,LOCAL,DAILY,Mumbai CST,Thane,00:27,00:29,0,27,2,masjid -> sandhurst_road,97301,LOCAL,Late Night
CR,sandhurst_road,byculla,2.2,DOWN,97441,T141,12.0,S,LOCAL,DAILY,Mumbai CST,Thane,00:00,00:03,0,0,3,sandhurst_road -> byculla,97441,LOCAL,Late Night
CR,sandhurst_road,byculla,2.2,DOWN,97651,C51,12.0,S,LOCAL,DAILY,Mumbai CST,Kurla,00:03,00:06,0,3,3,sandhurst_road -> byculla,97651,LOCAL,Late Night
CR,sandhurst_road,byculla,2.2,DOWN,96301,A1,12.0,S,LOCAL,DAILY,Mumbai CST,Ambernath,00:07,00:10,0,7,3,sandhurst_road -> byculla,96301,LOCAL,Late Night
CR,sandhurst_road,byculla,2.2,DOWN,97601,C1,12.0,S,LOCAL,DAILY,Mumbai CST,Kurla,00:10,00:13,0,10,3,sandhurst_road -> byculla,97601,LOCAL,Late Night
CR,sandhurst_road,byculla,2.2,DOWN,96401,N1,12.0,S,LOCAL,DAILY,Mumbai CST,Kasara,00:13,00:16,0,13,3,sandhurst_road -> byculla,96401,LOCAL,Late Night
CR,sandhurst_road,byculla,2.2,DOWN,96101,S1,12.0,S,LOCAL,DAILY,Mumbai CST,Karjat,00:17,00:20,0,17,3,sandhurst_road -> byculla,96101,LOCAL,Late Night
CR,sandhurst_road,byculla,2.2,DOWN,97301,T1,12.0,S,LOCAL,DAILY,Mumbai CST,Thane,00:29,00:32,0,29,3,sandhurst_road -> byculla,97301,LOCAL,Late Night
CR,byculla,chinchpokli,1.5,DOWN,97441,T141,12.0,S,LOCAL,DAILY,Mumbai CST,Thane,00:03,00:05,0,3,2,byculla -> chinchpokli,97441,LOCAL,Late Night
CR,byculla,chinchpokli,1.5,DOWN,97651,C51,12.0,S,LOCAL,DAILY,Mumbai CST,Kurla,00:06,00:08,0,6,2,byculla -> chinchpokli,97651,LOCAL,Late Night
CR,byculla,chinchpokli,1.5,DOWN,96301,A1,12.0,S,LOCAL,DAILY,Mumbai CST,Ambernath,00:10,00:12,0,10,2,byculla -> chinchpokli,96301,LOCAL,Late Night
CR,byculla,chinchpokli,1.5,DOWN,97601,C1,12.0,S,LOCAL,DAILY,Mumbai CST,Kurla,00:13,00:15,0,13,2,byculla -> chinchpokli,97601,LOCAL,Late Night
CR,byculla,chinchpokli,1.5,DOWN,96401,N1,12.0,S,LOCAL,DAILY,Mumbai CST,Kasara,00:16,00:18,0,16,2,byculla -> chinchpokli,96401,LOCAL,Late Night
CR,byculla,chinchpokli,1.5,DOWN,96101,S1,12.0,S,LOCAL,DAILY,Mumbai CST,Karjat,00:20,00:22,0,20,2,byculla -> chinchpokli,96101,LOCAL,Late Night
CR,byculla,chinchpokli,1.5,DOWN,97301,T1,12.0,S,LOCAL,DAILY,Mumbai CST,Thane,00:32,00:34,0,32,2,byculla -> chinchpokli,97301,LOCAL,Late Night
CR,chinchpokli,currey_road,0.5,DOWN,96229,BL61,12.0,S,LOCAL,DAILY,Mumbai CST,Badlapur,00:01,00:03,0,1,2,chinchpokli -> currey_road,96229,LOCAL,Late Night
CR,chinchpokli,currey_road,0.5,DOWN,97441,T141,12.0,S,LOCAL,DAILY,Mumbai CST,Thane,00:05,00:07,0,5,2,chinchpokli -> currey_road,97441,LOCAL,Late Night
CR,chinchpokli,currey_road,0.5,DOWN,97651,C51,12.0,S,LOCAL,DAILY,Mumbai CST,Kurla,00:08,00:10,0,8,2,chinchpokli -> currey_road,97651,LOCAL,Late Night
CR,chinchpokli,currey_road,0.5,DOWN,96301,A1,12.0,S,LOCAL,DAILY,Mumbai CST,Ambernath,00:12,00:14,0,12,2,chinchpokli -> currey_road,96301,LOCAL,Late Night
CR,chinchpokli,currey_road,0.5,DOWN,97601,C1,12.0,S,LOCAL,DAILY,Mumbai CST,Kurla,00:15,00:17,0,15,2,chinchpokli -> currey_road,97601,LOCAL,Late Night
CR,chinchpokli,currey_road,0.5,DOWN,96401,N1,12.0,S,LOCAL,DAILY,Mumbai CST,Kasara,00:18,00:20,0,18,2,chinchpokli -> currey_road,96401,LOCAL,Late Night
CR,chinchpokli,currey_road,0.5,DOWN,96101,S1,12.0,S,LOCAL,DAILY,Mumbai CST,Karjat,00:22,00:24,0,22,2,chinchpokli -> currey_road,96101,LOCAL,Late Night
CR,chinchpokli,currey_road,0.5,DOWN,97301,T1,12.0,S,LOCAL,DAILY,Mumbai CST,Thane,00:34,00:36,0,34,2,chinchpokli -> currey_road,97301,LOCAL,Late Night
CR,currey_road,parel,1.6,DOWN,96229,BL61,12.0,S,LOCAL,DAILY,Mumbai CST,Badlapur,00:03,00:06,0,3,3,currey_road -> parel,96229,LOCAL,Late Night
CR,currey_road,parel,1.6,DOWN,97441,T141,12.0,S,LOCAL,DAILY,Mumbai CST,Thane,00:07,00:10,0,7,3,currey_road -> parel,97441,LOCAL,Late Night
CR,currey_road,parel,1.6,DOWN,97651,C51,12.0,S,LOCAL,DAILY,Mumbai CST,Kurla,00:10,00:13,0,10,3,currey_road -> parel,97651,LOCAL,Late Night
CR,currey_road,parel,1.6,DOWN,96301,A1,12.0,S,LOCAL,DAILY,Mumbai CST,Ambernath,00:14,00:17,0,14,3,currey_road -> parel,96301,LOCAL,Late Night
CR,currey_road,parel,1.6,DOWN,97601,C1,12.0,S,LOCAL,DAILY,Mumbai CST,Kurla,00:17,00:20,0,17,3,currey_road -> parel,97601,LOCAL,Late Night
CR,currey_road,parel,1.6,DOWN,96401,N1,12.0,S,LOCAL,DAILY,Mumbai CST,Kasara,00:20,00:23,0,20,3,currey_road -> parel,96401,LOCAL,Late Night
CR,currey_road,parel,1.6,DOWN,96101,S1,12.0,S,LOCAL,DAILY,Mumbai CST,Karjat,00:24,00:27,0,24,3,currey_road -> parel,96101,LOCAL,Late Night
CR,currey_road,parel,1.6,DOWN,97301,T1,12.0,S,LOCAL,DAILY,Mumbai CST,Thane,00:36,00:39,0,36,3,currey_road -> parel,97301,LOCAL,Late Night
CR,parel,dadar,1.2,DOWN,97439,T139,12.0,S,LOCAL,DAILY,Mumbai CST,Thane,00:01,00:04,0,1,3,parel -> dadar,97439,LOCAL,Late Night
CR,parel,dadar,1.2,DOWN,96229,BL61,12.0,S,LOCAL,DAILY,Mumbai CST,Badlapur,00:06,00:09,0,6,3,parel -> dadar,96229,LOCAL,Late Night
CR,parel,dadar,1.2,DOWN,97441,T141,12.0,S,LOCAL,DAILY,Mumbai CST,Thane,00:10,00:13,0,10,3,parel -> dadar,97441,LOCAL,Late Night
CR,parel,dadar,1.2,DOWN,97651,C51,12.0,S,LOCAL,DAILY,Mumbai CST,Kurla,00:13,00:16,0,13,3,parel -> dadar,97651,LOCAL,Late Night
CR,parel,dadar,1.2,DOWN,96301,A1,12.0,S,LOCAL,DAILY,Mumbai CST,Ambernath,00:17,00:20,0,17,3,parel -> dadar,96301,LOCAL,Late Night
CR,parel,dadar,1.2,DOWN,97601,C1,12.0,S,LOCAL,DAILY,Mumbai CST,Kurla,00:20,00:23,0,20,3,parel -> dadar,97601,LOCAL,Late Night
CR,parel,dadar,1.2,DOWN,96401,N1,12.0,S,LOCAL,DAILY,Mumbai CST,Kasara,00:23,00:26,0,23,3,parel -> dadar,96401,LOCAL,Late Night
CR,parel,dadar,1.2,DOWN,96101,S1,12.0,S,LOCAL,DAILY,Mumbai CST,Karjat,00:27,00:30,0,27,3,parel -> dadar,96101,LOCAL,Late Night
CR,parel,dadar,1.2,DOWN,97301,T1,12.0,S,LOCAL,DAILY,Mumbai CST,Thane,00:39,00:42,0,39,3,parel -> dadar,97301,LOCAL,Late Night
CR,dadar,matunga,1.3,DOWN,96653,TL65,12.0,S,LOCAL,DAILY,Mumbai CST,Titwala,00:00,00:03,0,0,3,dadar -> matunga,96653,LOCAL,Late Night
CR,dadar,matunga,1.3,DOWN,97439,T139,12.0,S,LOCAL,DAILY,Mumbai CST,Thane,00:04,00:07,0,4,3,dadar -> matunga,97439,LOCAL,Late Night
CR,dadar,matunga,1.3,DOWN,96229,BL61,12.0,S,LOCAL,DAILY,Mumbai CST,Badlapur,00:09,00:13,0,9,4,dadar -> matunga,96229,LOCAL,Late Night
CR,dadar,matunga,1.3,DOWN,97441,T141,12.0,S,LOCAL,DAILY,Mumbai CST,Thane,00:13,00:17,0,13,4,dadar -> matunga,97441,LOCAL,Late Night
CR,dadar,matunga,1.3,DOWN,97651,C51,12.0,S,LOCAL,DAILY,Mumbai CST,Kurla,00:16,00:19,0,16,3,dadar -> matunga,97651,LOCAL,Late Night
CR,dadar,matunga,1.3,DOWN,96301,A1,12.0,S,LOCAL,DAILY,Mumbai CST,Ambernath,00:20,00:23,0,20,3,dadar -> matunga,96301,LOCAL,Late Night
CR,dadar,matunga,1.3,DOWN,97601,C1,12.0,S,LOCAL,DAILY,Mumbai CST,Kurla,00:23,00:26,0,23,3,dadar -> matunga,97601,LOCAL,Late Night
CR,dadar,matunga,1.3,DOWN,96401,N1,12.0,S,LOCAL,DAILY,Mumbai CST,Kasara,00:26,00:29,0,26,3,dadar -> matunga,96401,LOCAL,Late Night
CR,dadar,matunga,1.3,DOWN,96101,S1,12.0,S,LOCAL,DAILY,Mumbai CST,Karjat,00:30,00:33,0,30,3,dadar -> matunga,96101,LOCAL,Late Night
CR,dadar,matunga,1.3,DOWN,97301,T1,12.0,S,LOCAL,DAILY,Mumbai CST,Thane,00:42,00:45,0,42,3,dadar -> matunga,97301,LOCAL,Late Night
CR,matunga,sion,2.6,DOWN,96653,TL65,12.0,S,LOCAL,DAILY,Mumbai CST,Titwala,00:03,00:06,0,3,3,matunga -> sion,96653,LOCAL,Late Night
CR,matunga,sion,2.6,DOWN,97439,T139,12.0,S,LOCAL,DAILY,Mumbai CST,Thane,00:07,00:10,0,7,3,matunga -> sion,97439,LOCAL,Late Night
CR,matunga,sion,2.6,DOWN,96229,BL61,12.0,S,LOCAL,DAILY,Mumbai CST,Badlapur,00:13,00:16,0,13,3,matunga -> sion,96229,LOCAL,Late Night
CR,matunga,sion,2.6,DOWN,97441,T141,12.0,S,LOCAL,DAILY,Mumbai CST,Thane,00:17,00:20,0,17,3,matunga -> sion,97441,LOCAL,Late Night
CR,matunga,sion,2.6,DOWN,97651,C51,12.0,S,LOCAL,DAILY,Mumbai CST,Kurla,00:19,00:22,0,19,3,matunga -> sion,97651,LOCAL,Late Night
CR,matunga,sion,2.6,DOWN,96301,A1,12.0,S,LOCAL,DAILY,Mumbai CST,Ambernath,00:23,00:26,0,23,3,matunga -> sion,96301,LOCAL,Late Night
CR,matunga,sion,2.6,DOWN,97601,C1,12.0,S,LOCAL,DAILY,Mumbai CST,Kurla,00:26,00:29,0,26,3,matunga -> sion,97601,LOCAL,Late Night
CR,matunga,sion,2.6,DOWN,96401,N1,12.0,S,LOCAL,DAILY,Mumbai CST,Kasara,00:29,00:32,0,29,3,matunga -> sion,96401,LOCAL,Late Night
CR,matunga,sion,2.6,DOWN,96101,S1,12.0,S,LOCAL,DAILY,Mumbai CST,Karjat,00:33,00:36,0,33,3,matunga -> sion,96101,LOCAL,Late Night
CR,matunga,sion,2.6,DOWN,97301,T1,12.0,S,LOCAL,DAILY,Mumbai CST,Thane,00:45,00:48,0,45,3,matunga -> sion,97301,LOCAL,Late Night
CR,sion,kurla,2.7,DOWN,97437,T137,12.0,S,LOCAL,DAILY,Mumbai CST,Thane,00:02,00:06,0,2,4,sion -> kurla,97437,LOCAL,Late Night
CR,sion,kurla,2.7,DOWN,96653,TL65,12.0,S,LOCAL,DAILY,Mumbai CST,Titwala,00:06,00:10,0,6,4,sion -> kurla,96653,LOCAL,Late Night
CR,sion,kurla,2.7,DOWN,97439,T139,12.0,S,LOCAL,DAILY,Mumbai CST,Thane,00:10,00:14,0,10,4,sion -> kurla,97439,LOCAL,Late Night
CR,sion,kurla,2.7,DOWN,96229,BL61,12.0,S,LOCAL,DAILY,Mumbai CST,Badlapur,00:16,00:20,0,16,4,sion -> kurla,96229,LOCAL,Late Night
CR,sion,kurla,2.7,DOWN,97441,T141,12.0,S,LOCAL,DAILY,Mumbai CST,Thane,00:20,00:24,0,20,4,sion -> kurla,97441,LOCAL,Late Night
CR,sion,kurla,2.7,DOWN,97651,C51,12.0,S,LOCAL,DAILY,Mumbai CST,Kurla,00:22,00:27,0,22,5,sion -> kurla,97651,LOCAL,Late Night
CR,sion,kurla,2.7,DOWN,96301,A1,12.0,S,LOCAL,DAILY,Mumbai CST,Ambernath,00:26,00:30,0,26,4,sion -> kurla,96301,LOCAL,Late Night
CR,sion,kurla,2.7,DOWN,97601,C1,12.0,S,LOCAL,DAILY,Mumbai CST,Kurla,00:29,00:33,0,29,4,sion -> kurla,97601,LOCAL,Late Night
CR,sion,kurla,2.7,DOWN,96401,N1,12.0,S,LOCAL,DAILY,Mumbai CST,Kasara,00:32,00:36,0,32,4,sion -> kurla,96401,LOCAL,Late Night
CR,sion,kurla,2.7,DOWN,96101,S1,12.0,S,LOCAL,DAILY,Mumbai CST,Karjat,00:36,00:40,0,36,4,sion -> kurla,96101,LOCAL,Late Night
CR,sion,kurla,2.7,DOWN,97301,T1,12.0,S,LOCAL,DAILY,Mumbai CST,Thane,00:48,00:52,0,48,4,sion -> kurla,97301,LOCAL,Late Night
CR,kurla,vidyavihar,2.4,DOWN,97437,T137,12.0,S,LOCAL,DAILY,Mumbai CST,Thane,00:06,00:09,0,6,3,kurla -> vidyavihar,97437,LOCAL,Late Night
CR,kurla,vidyavihar,2.4,DOWN,96653,TL65,12.0,S,LOCAL,DAILY,Mumbai CST,Titwala,00:10,00:13,0,10,3,kurla -> vidyavihar,96653,LOCAL,Late Night
CR,kurla,vidyavihar,2.4,DOWN,97439,T139,12.0,S,LOCAL,DAILY,Mumbai CST,Thane,00:14,00:17,0,14,3,kurla -> vidyavihar,97439,LOCAL,Late Night
CR,kurla,vidyavihar,2.4,DOWN,96229,BL61,12.0,S,LOCAL,DAILY,Mumbai CST,Badlapur,00:20,00:23,0,20,3,kurla -> vidyavihar,96229,LOCAL,Late Night
CR,kurla,vidyavihar,2.4,DOWN,97441,T141,12.0,S,LOCAL,DAILY,Mumbai CST,Thane,00:24,00:27,0,24,3,kurla -> vidyavihar,97441,LOCAL,Late Night
CR,kurla,vidyavihar,2.4,DOWN,96301,A1,12.0,S,LOCAL,DAILY,Mumbai CST,Ambernath,00:30,00:33,0,30,3,kurla -> vidyavihar,96301,LOCAL,Late Night
CR,kurla,vidyavihar,2.4,DOWN,96401,N1,12.0,S,LOCAL,DAILY,Mumbai CST,Kasara,00:36,00:39,0,36,3,kurla -> vidyavihar,96401,LOCAL,Late Night
CR,kurla,vidyavihar,2.4,DOWN,96101,S1,12.0,S,LOCAL,DAILY,Mumbai CST,Karjat,00:40,00:43,0,40,3,kurla -> vidyavihar,96101,LOCAL,Late Night
CR,kurla,vidyavihar,2.4,DOWN,97301,T1,12.0,S,LOCAL,DAILY,Mumbai CST,Thane,00:52,00:55,0,52,3,kurla -> vidyavihar,97301,LOCAL,Late Night
CR,vidyavihar,ghatkopar,1.5,DOWN,96115,S41,12.0,S,LOCAL,DAILY,Mumbai CST,Karjat,00:01,00:04,0,1,3,vidyavihar -> ghatkopar,96115,LOCAL,Late Night
CR,vidyavihar,ghatkopar,1.5,DOWN,97437,T137,12.0,S,LOCAL,DAILY,Mumbai CST,Thane,00:09,00:12,0,9,3,vidyavihar -> ghatkopar,97437,LOCAL,Late Night
CR,vidyavihar,ghatkopar,1.5,DOWN,96653,TL65,12.0,S,LOCAL,DAILY,Mumbai CST,Titwala,00:13,00:16,0,13,3,vidyavihar -> ghatkopar,96653,LOCAL,Late Night
CR,vidyavihar,ghatkopar,1.5,DOWN,97439,T139,12.0,S,LOCAL,DAILY,Mumbai CST,Thane,00:17,00:20,0,17,3,vidyavihar -> ghatkopar,97439,LOCAL,Late Night
CR,vidyavihar,ghatkopar,1.5,DOWN,96229,BL61,12.0,S,LOCAL,DAILY,Mumbai CST,Badlapur,00:23,00:26,0,23,3,vidyavihar -> ghatkopar,96229,LOCAL,Late Night
CR,vidyavihar,ghatkopar,1.5,DOWN,97441,T141,12.0,S,LOCAL,DAILY,Mumbai CST,Thane,00:27,00:30,0,27,3,vidyavihar -> ghatkopar,97441,LOCAL,Late Night
CR,vidyavihar,ghatkopar,1.5,DOWN,96301,A1,12.0,S,LOCAL,DAILY,Mumbai CST,Ambernath,00:33,00:36,0,33,3,vidyavihar -> ghatkopar,96301,LOCAL,Late Night
CR,vidyavihar,ghatkopar,1.5,DOWN,96401,N1,12.0,S,LOCAL,DAILY,Mumbai CST,Kasara,00:39,00:42,0,39,3,vidyavihar -> ghatkopar,96401,LOCAL,Late Night
CR,vidyavihar,ghatkopar,1.5,DOWN,96101,S1,12.0,S,LOCAL,DAILY,Mumbai CST,Karjat,00:43,00:46,0,43,3,vidyavihar -> ghatkopar,96101,LOCAL,Late Night
CR,vidyavihar,ghatkopar,1.5,DOWN,97301,T1,12.0,S,LOCAL,DAILY,Mumbai CST,Thane,00:55,00:58,0,55,3,vidyavihar -> ghatkopar,97301,LOCAL,Late Night
CR,ghatkopar,vikhroli,3.6,DOWN,96115,S41,12.0,S,LOCAL,DAILY,Mumbai CST,Karjat,00:04,00:08,0,4,4,ghatkopar -> vikhroli,96115,LOCAL,Late Night
CR,ghatkopar,vikhroli,3.6,DOWN,97437,T137,12.0,S,LOCAL,DAILY,Mumbai CST,Thane,00:12,00:16,0,12,4,ghatkopar -> vikhroli,97437,LOCAL,Late Night
CR,ghatkopar,vikhroli,3.6,DOWN,96653,TL65,12.0,S,LOCAL,DAILY,Mumbai CST,Titwala,00:16,00:20,0,16,4,ghatkopar -> vikhroli,96653,LOCAL,Late Night
CR,ghatkopar,vikhroli,3.6,DOWN,97439,T139,12.0,S,LOCAL,DAILY,Mumbai CST,Thane,00:20,00:24,0,20,4,ghatkopar -> vikhroli,97439,LOCAL,Late Night
CR,ghatkopar,vikhroli,3.6,DOWN,96229,BL61,12.0,S,LOCAL,DAILY,Mumbai CST,Badlapur,00:26,00:30,0,26,4,ghatkopar -> vikhroli,96229,LOCAL,Late Night
CR,ghatkopar,vikhroli,3.6,DOWN,97441,T141,12.0,S,LOCAL,DAILY,Mumbai CST,Thane,00:30,00:35,0,30,5,ghatkopar -> vikhroli,97441,LOCAL,Late Night
CR,ghatkopar,vikhroli,3.6,DOWN,96301,A1,12.0,S,LOCAL,DAILY,Mumbai CST,Ambernath,00:36,00:40,0,36,4,ghatkopar -> vikhroli,96301,LOCAL,Late Night
CR,ghatkopar,vikhroli,3.6,DOWN,96401,N1,12.0,S,LOCAL,DAILY,Mumbai CST,Kasara,00:42,00:46,0,42,4,ghatkopar -> vikhroli,96401,LOCAL,Late Night
CR,ghatkopar,vikhroli,3.6,DOWN,96101,S1,12.0,S,LOCAL,DAILY,Mumbai CST,Karjat,00:46,00:50,0,46,4,ghatkopar -> vikhroli,96101,LOCAL,Late Night
CR,ghatkopar,vikhroli,3.6,DOWN,97301,T1,12.0,S,LOCAL,DAILY,Mumbai CST,Thane,00:58,01:02,0,58,4,ghatkopar -> vikhroli,97301,LOCAL,Late Night
CR,vikhroli,kanjur_marg,1.8,DOWN,96115,S41,12.0,S,LOCAL,DAILY,Mumbai CST,Karjat,00:08,00:11,0,8,3,vikhroli -> kanjur_marg,96115,LOCAL,Late Night
CR,vikhroli,kanjur_marg,1.8,DOWN,97437,T137,12.0,S,LOCAL,DAILY,Mumbai CST,Thane,00:16,00:19,0,16,3,vikhroli -> kanjur_marg,97437,LOCAL,Late Night
CR,vikhroli,kanjur_marg,1.8,DOWN,96653,TL65,12.0,S,LOCAL,DAILY,Mumbai CST,Titwala,00:20,00:23,0,20,3,vikhroli -> kanjur_marg,96653,LOCAL,Late Night
CR,vikhroli,kanjur_marg,1.8,DOWN,97439,T139,12.0,S,LOCAL,DAILY,Mumbai CST,Thane,00:24,00:27,0,24,3,vikhroli -> kanjur_marg,97439,LOCAL,Late Night
CR,vikhroli,kanjur_marg,1.8,DOWN,96229,BL61,12.0,S,LOCAL,DAILY,Mumbai CST,Badlapur,00:30,00:33,0,30,3,vikhroli -> kanjur_marg,96229,LOCAL,Late Night
CR,vikhroli,kanjur_marg,1.8,DOWN,97441,T141,12.0,S,LOCAL,DAILY,Mumbai CST,Thane,00:35,00:38,0,35,3,vikhroli -> kanjur_marg,97441,LOCAL,Late Night
CR,vikhroli,kanjur_marg,1.8,DOWN,96301,A1,12.0,S,LOCAL,DAILY,Mumbai CST,Ambernath,00:40,00:43,0,40,3,vikhroli -> kanjur_marg,96301,LOCAL,Late Night
CR,vikhroli,kanjur_marg,1.8,DOWN,96401,N1,12.0,S,LOCAL,DAILY,Mumbai CST,Kasara,00:46,00:49,0,46,3,vikhroli -> kanjur_marg,96401,LOCAL,Late Night
CR,vikhroli,kanjur_marg,1.8,DOWN,96101,S1,12.0,S,LOCAL,DAILY,Mumbai CST,Karjat,00:50,00:53,0,50,3,vikhroli -> kanjur_marg,96101,LOCAL,Late Night
CR,vikhroli,kanjur_marg,1.8,DOWN,97301,T1,12.0,S,LOCAL,DAILY,Mumbai CST,Thane,01:02,01:05,1,2,3,vikhroli -> kanjur_marg,97301,LOCAL,Late Night
CR,kanjur_marg,bhandup,1.9,DOWN,96115,S41,12.0,S,LOCAL,DAILY,Mumbai CST,Karjat,00:11,00:14,0,11,3,kanjur_marg -> bhandup,96115,LOCAL,Late Night
CR,kanjur_marg,bhandup,1.9,DOWN,97437,T137,12.0,S,LOCAL,DAILY,Mumbai CST,Thane,00:19,00:22,0,19,3,kanjur_marg -> bhandup,97437,LOCAL,Late Night
CR,kanjur_marg,bhandup,1.9,DOWN,96653,TL65,12.0,S,LOCAL,DAILY,Mumbai CST,Titwala,00:23,00:26,0,23,3,kanjur_marg -> bhandup,96653,LOCAL,Late Night
CR,kanjur_marg,bhandup,1.9,DOWN,97439,T139,12.0,S,LOCAL,DAILY,Mumbai CST,Thane,00:27,00:30,0,27,3,kanjur_marg -> bhandup,97439,LOCAL,Late Night
CR,kanjur_marg,bhandup,1.9,DOWN,96229,BL61,12.0,S,LOCAL,DAILY,Mumbai CST,Badlapur,00:33,00:36,0,33,3,kanjur_marg -> bhandup,96229,LOCAL,Late Night
CR,kanjur_marg,bhandup,1.9,DOWN,97441,T141,12.0,S,LOCAL,DAILY,Mumbai CST,Thane,00:38,00:40,0,38,2,kanjur_marg -> bhandup,97441,LOCAL,Late Night
CR,kanjur_marg,bhandup,1.9,DOWN,96301,A1,12.0,S,LOCAL,DAILY,Mumbai CST,Ambernath,00:43,00:46,0,43,3,kanjur_marg -> bhandup,96301,LOCAL,Late Night
CR,kanjur_marg,bhandup,1.9,DOWN,96401,N1,12.0,S,LOCAL,DAILY,Mumbai CST,Kasara,00:49,00:52,0,49,3,kanjur_marg -> bhandup,96401,LOCAL,Late Night
CR,kanjur_marg,bhandup,1.9,DOWN,96101,S1,12.0,S,LOCAL,DAILY,Mumbai CST,Karjat,00:53,00:56,0,53,3,kanjur_marg -> bhandup,96101,LOCAL,Late Night
CR,kanjur_marg,bhandup,1.9,DOWN,97301,T1,12.0,S,LOCAL,DAILY,Mumbai CST,Thane,01:05,01:08,1,5,3,kanjur_marg -> bhandup,97301,LOCAL,Late Night
CR,bhandup,nahur,2.1,DOWN,96115,S41,12.0,S,LOCAL,DAILY,Mumbai CST,Karjat,00:14,00:17,0,14,3,bhandup -> nahur,96115,LOCAL,Late Night
CR,bhandup,nahur,2.1,DOWN,97437,T137,12.0,S,LOCAL,DAILY,Mumbai CST,Thane,00:22,00:25,0,22,3,bhandup -> nahur,97437,LOCAL,Late Night
CR,bhandup,nahur,2.1,DOWN,96653,TL65,12.0,S,LOCAL,DAILY,Mumbai CST,Titwala,00:26,00:29,0,26,3,bhandup -> nahur,96653,LOCAL,Late Night
CR,bhandup,nahur,2.1,DOWN,97439,T139,12.0,S,LOCAL,DAILY,Mumbai CST,Thane,00:30,00:33,0,30,3,bhandup -> nahur,97439,LOCAL,Late Night
CR,bhandup,nahur,2.1,DOWN,96229,BL61,12.0,S,LOCAL,DAILY,Mumbai CST,Badlapur,00:36,00:39,0,36,3,bhandup -> nahur,96229,LOCAL,Late Night
CR,bhandup,nahur,2.1,DOWN,97441,T141,12.0,S,LOCAL,DAILY,Mumbai CST,Thane,00:40,00:43,0,40,3,bhandup -> nahur,97441,LOCAL,Late Night
CR,bhandup,nahur,2.1,DOWN,96301,A1,12.0,S,LOCAL,DAILY,Mumbai CST,Ambernath,00:46,00:49,0,46,3,bhandup -> nahur,96301,LOCAL,Late Night
CR,bhandup,nahur,2.1,DOWN,96401,N1,12.0,S,LOCAL,DAILY,Mumbai CST,Kasara,00:52,00:55,0,52,3,bhandup -> nahur,96401,LOCAL,Late Night
CR,bhandup,nahur,2.1,DOWN,96101,S1,12.0,S,LOCAL,DAILY,Mumbai CST,Karjat,00:56,00:59,0,56,3,bhandup -> nahur,96101,LOCAL,Late Night
CR,bhandup,nahur,2.1,DOWN,97301,T1,12.0,S,LOCAL,DAILY,Mumbai CST,Thane,01:08,01:11,1,8,3,bhandup -> nahur,97301,LOCAL,Late Night
CR,nahur,mulund,1.9,DOWN,96651,TL63,12.0,S,LOCAL,DAILY,Mumbai CST,Titwala,00:03,00:06,0,3,3,nahur -> mulund,96651,LOCAL,Late Night
CR,nahur,mulund,1.9,DOWN,96115,S41,12.0,S,LOCAL,DAILY,Mumbai CST,Karjat,00:17,00:20,0,17,3,nahur -> mulund,96115,LOCAL,Late Night
CR,nahur,mulund,1.9,DOWN,97437,T137,12.0,S,LOCAL,DAILY,Mumbai CST,Thane,00:25,00:28,0,25,3,nahur -> mulund,97437,LOCAL,Late Night
CR,nahur,mulund,1.9,DOWN,96653,TL65,12.0,S,LOCAL,DAILY,Mumbai CST,Titwala,00:29,00:32,0,29,3,nahur -> mulund,96653,LOCAL,Late Night
CR,nahur,mulund,1.9,DOWN,97439,T139,12.0,S,LOCAL,DAILY,Mumbai CST,Thane,00:33,00:36,0,33,3,nahur -> mulund,97439,LOCAL,Late Night
CR,nahur,mulund,1.9,DOWN,96229,BL61,12.0,S,LOCAL,DAILY,Mumbai CST,Badlapur,00:39,00:42,0,39,3,nahur -> mulund,96229,LOCAL,Late Night
CR,nahur,mulund,1.9,DOWN,97441,T141,12.0,S,LOCAL,DAILY,Mumbai CST,Thane,00:43,00:46,0,43,3,nahur -> mulund,97441,LOCAL,Late Night
CR,nahur,mulund,1.9,DOWN,96301,A1,12.0,S,LOCAL,DAILY,Mumbai CST,Ambernath,00:49,00:52,0,49,3,nahur -> mulund,96301,LOCAL,Late Night
CR,nahur,mulund,1.9,DOWN,96401,N1,12.0,S,LOCAL,DAILY,Mumbai CST,Kasara,00:55,00:58,0,55,3,nahur -> mulund,96401,LOCAL,Late Night
CR,nahur,mulund,1.9,DOWN,96101,S1,12.0,S,LOCAL,DAILY,Mumbai CST,Karjat,00:59,01:02,0,59,3,nahur -> mulund,96101,LOCAL,Late Night
CR,nahur,mulund,1.9,DOWN,97301,T1,12.0,S,LOCAL,DAILY,Mumbai CST,Thane,01:11,01:14,1,11,3,nahur -> mulund,97301,LOCAL,Late Night
CR,mulund,thane,2.5,DOWN,97435,T135,12.0,S,AC,DAILY,Mumbai CST,Thane,00:02,00:07,0,2,5,mulund -> thane,97435,AC,Late Night
CR,mulund,thane,2.5,DOWN,96651,TL63,12.0,S,LOCAL,DAILY,Mumbai CST,Titwala,00:06,00:11,0,6,5,mulund -> thane,96651,LOCAL,Late Night
CR,mulund,thane,2.5,DOWN,96115,S41,12.0,S,LOCAL,DAILY,Mumbai CST,Karjat,00:20,00:25,0,20,5,mulund -> thane,96115,LOCAL,Late Night
CR,mulund,thane,2.5,DOWN,97437,T137,12.0,S,LOCAL,DAILY,Mumbai CST,Thane,00:28,00:33,0,28,5,mulund -> thane,97437,LOCAL,Late Night
CR,mulund,thane,2.5,DOWN,96653,TL65,12.0,S,LOCAL,DAILY,Mumbai CST,Titwala,00:32,00:37,0,32,5,mulund -> thane,96653,LOCAL,Late Night
CR,mulund,thane,2.5,DOWN,97439,T139,12.0,S,LOCAL,DAILY,Mumbai CST,Thane,00:36,00:41,0,36,5,mulund -> thane,97439,LOCAL,Late Night
CR,mulund,thane,2.5,DOWN,96229,BL61,12.0,S,LOCAL,DAILY,Mumbai CST,Badlapur,00:42,00:47,0,42,5,mulund -> thane,96229,LOCAL,Late Night
CR,mulund,thane,2.5,DOWN,97441,T141,12.0,S,LOCAL,DAILY,Mumbai CST,Thane,00:46,00:51,0,46,5,mulund -> thane,97441,LOCAL,Late Night
CR,mulund,thane,2.5,DOWN,96301,A1,12.0,S,LOCAL,DAILY,Mumbai CST,Ambernath,00:52,00:56,0,52,4,mulund -> thane,96301,LOCAL,Late Night
CR,mulund,thane,2.5,DOWN,96401,N1,12.0,S,LOCAL,DAILY,Mumbai CST,Kasara,00:58,01:02,0,58,4,mulund -> thane,96401,LOCAL,Late Night
CR,mulund,thane,2.5,DOWN,96101,S1,12.0,S,LOCAL,DAILY,Mumbai CST,Karjat,01:02,01:06,1,2,4,mulund -> thane,96101,LOCAL,Late Night
CR,mulund,thane,2.5,DOWN,97301,T1,12.0,S,LOCAL,DAILY,Mumbai CST,Thane,01:14,01:19,1,14,5,mulund -> thane,97301,LOCAL,Late Night
CR,thane,kalva,2.4,DOWN,96341,A59,12.0,S,LOCAL,DAILY,Mumbai CST,Ambernath,00:03,00:08,0,3,5,thane -> kalva,96341,LOCAL,Late Night
CR,thane,kalva,2.4,DOWN,96651,TL63,12.0,S,LOCAL,DAILY,Mumbai CST,Titwala,00:11,00:16,0,11,5,thane -> kalva,96651,LOCAL,Late Night
CR,thane,kalva,2.4,DOWN,96115,S41,12.0,S,LOCAL,DAILY,Mumbai CST,Karjat,00:25,00:30,0,25,5,thane -> kalva,96115,LOCAL,Late Night
CR,thane,kalva,2.4,DOWN,96653,TL65,12.0,S,LOCAL,DAILY,Mumbai CST,Titwala,00:37,00:42,0,37,5,thane -> kalva,96653,LOCAL,Late Night
CR,thane,kalva,2.4,DOWN,96229,BL61,12.0,S,LOCAL,DAILY,Mumbai CST,Badlapur,00:47,00:52,0,47,5,thane -> kalva,96229,LOCAL,Late Night
CR,thane,kalva,2.4,DOWN,96301,A1,12.0,S,LOCAL,DAILY,Mumbai CST,Ambernath,00:56,01:01,0,56,5,thane -> kalva,96301,LOCAL,Late Night
CR,thane,kalva,2.4,DOWN,96401,N1,12.0,S,LOCAL,DAILY,Mumbai CST,Kasara,01:02,01:07,1,2,5,thane -> kalva,96401,LOCAL,Late Night
CR,thane,kalva,2.4,DOWN,96101,S1,12.0,S,LOCAL,DAILY,Mumbai CST,Karjat,01:06,01:11,1,6,5,thane -> kalva,96101,LOCAL,Late Night
CR,kalva,mumbra,3.7,DOWN,96341,A59,12.0,S,LOCAL,DAILY,Mumbai CST,Ambernath,00:08,00:14,0,8,6,kalva -> mumbra,96341,LOCAL,Late Night
CR,kalva,mumbra,3.7,DOWN,96651,TL63,12.0,S,LOCAL,DAILY,Mumbai CST,Titwala,00:16,00:22,0,16,6,kalva -> mumbra,96651,LOCAL,Late Night
CR,kalva,mumbra,3.7,DOWN,96115,S41,12.0,S,LOCAL,DAILY,Mumbai CST,Karjat,00:30,00:36,0,30,6,kalva -> mumbra,96115,LOCAL,Late Night
CR,kalva,mumbra,3.7,DOWN,96653,TL65,12.0,S,LOCAL,DAILY,Mumbai CST,Titwala,00:42,00:48,0,42,6,kalva -> mumbra,96653,LOCAL,Late Night
CR,kalva,mumbra,3.7,DOWN,96229,BL61,12.0,S,LOCAL,DAILY,Mumbai CST,Badlapur,00:52,00:58,0,52,6,kalva -> mumbra,96229,LOCAL,Late Night
CR,kalva,mumbra,3.7,DOWN,96301,A1,12.0,S,LOCAL,DAILY,Mumbai CST,Ambernath,01:01,01:07,1,1,6,kalva -> mumbra,96301,LOCAL,Late Night
CR,kalva,mumbra,3.7,DOWN,96401,N1,12.0,S,LOCAL,DAILY,Mumbai CST,Kasara,01:07,01:13,1,7,6,kalva -> mumbra,96401,LOCAL,Late Night
CR,kalva,mumbra,3.7,DOWN,96101,S1,12.0,S,LOCAL,DAILY,Mumbai CST,Karjat,01:11,01:17,1,11,6,kalva -> mumbra,96101,LOCAL,Late Night
CR,mumbra,diva,3.4,DOWN,96339,PA3,12.0,S,LOCAL,DAILY,Parel,Ambernath,00:04,00:08,0,4,4,mumbra -> diva,96339,LOCAL,Late Night
CR,mumbra,diva,3.4,DOWN,96341,A59,12.0,S,LOCAL,DAILY,Mumbai CST,Ambernath,00:14,00:18,0,14,4,mumbra -> diva,96341,LOCAL,Late Night
CR,mumbra,diva,3.4,DOWN,96651,TL63,12.0,S,LOCAL,DAILY,Mumbai CST,Titwala,00:22,00:26,0,22,4,mumbra -> diva,96651,LOCAL,Late Night
CR,mumbra,diva,3.4,DOWN,96115,S41,12.0,S,LOCAL,DAILY,Mumbai CST,Karjat,00:36,00:40,0,36,4,mumbra -> diva,96115,LOCAL,Late Night
CR,mumbra,diva,3.4,DOWN,96653,TL65,12.0,S,LOCAL,DAILY,Mumbai CST,Titwala,00:48,00:52,0,48,4,mumbra -> diva,96653,LOCAL,Late Night
CR,mumbra,diva,3.4,DOWN,96229,BL61,12.0,S,LOCAL,DAILY,Mumbai CST,Badlapur,00:58,01:02,0,58,4,mumbra -> diva,96229,LOCAL,Late Night
CR,mumbra,diva,3.4,DOWN,96301,A1,12.0,S,LOCAL,DAILY,Mumbai CST,Ambernath,01:07,01:11,1,7,4,mumbra -> diva,96301,LOCAL,Late Night
CR,mumbra,diva,3.4,DOWN,96401,N1,12.0,S,LOCAL,DAILY,Mumbai CST,Kasara,01:13,01:17,1,13,4,mumbra -> diva,96401,LOCAL,Late Night
CR,mumbra,diva,3.4,DOWN,96101,S1,12.0,S,LOCAL,DAILY,Mumbai CST,Karjat,01:17,01:21,1,17,4,mumbra -> diva,96101,LOCAL,Late Night
CR,diva,kopar,4.4,DOWN,96339,PA3,12.0,S,LOCAL,DAILY,Parel,Ambernath,00:08,00:13,0,8,5,diva -> kopar,96339,LOCAL,Late Night
CR,diva,kopar,4.4,DOWN,96341,A59,12.0,S,LOCAL,DAILY,Mumbai CST,Ambernath,00:18,00:23,0,18,5,diva -> kopar,96341,LOCAL,Late Night
CR,diva,kopar,4.4,DOWN,96651,TL63,12.0,S,LOCAL,DAILY,Mumbai CST,Titwala,00:26,00:31,0,26,5,diva -> kopar,96651,LOCAL,Late Night
CR,diva,kopar,4.4,DOWN,96115,S41,12.0,S,LOCAL,DAILY,Mumbai CST,Karjat,00:40,00:45,0,40,5,diva -> kopar,96115,LOCAL,Late Night
CR,diva,kopar,4.4,DOWN,96653,TL65,12.0,S,LOCAL,DAILY,Mumbai CST,Titwala,00:52,00:57,0,52,5,diva -> kopar,96653,LOCAL,Late Night
CR,diva,kopar,4.4,DOWN,96229,BL61,12.0,S,LOCAL,DAILY,Mumbai CST,Badlapur,01:02,01:07,1,2,5,diva -> kopar,96229,LOCAL,Late Night
CR,diva,kopar,4.4,DOWN,96301,A1,12.0,S,LOCAL,DAILY,Mumbai CST,Ambernath,01:11,01:16,1,11,5,diva -> kopar,96301,LOCAL,Late Night
CR,diva,kopar,4.4,DOWN,96401,N1,12.0,S,LOCAL,DAILY,Mumbai CST,Kasara,01:17,01:22,1,17,5,diva -> kopar,96401,LOCAL,Late Night
CR,diva,kopar,4.4,DOWN,96101,S1,12.0,S,LOCAL,DAILY,Mumbai CST,Karjat,01:21,01:26,1,21,5,diva -> kopar,96101,LOCAL,Late Night
CR,kopar,dombivli,1.2,DOWN,96649,TL61,12.0,S,LOCAL,DAILY,Mumbai CST,Titwala,00:05,00:08,0,5,3,kopar -> dombivli,96649,LOCAL,Late Night
CR,kopar,dombivli,1.2,DOWN,96339,PA3,12.0,S,LOCAL,DAILY,Parel,Ambernath,00:13,00:17,0,13,4,kopar -> dombivli,96339,LOCAL,Late Night
CR,kopar,dombivli,1.2,DOWN,96341,A59,12.0,S,LOCAL,DAILY,Mumbai CST,Ambernath,00:23,00:26,0,23,3,kopar -> dombivli,96341,LOCAL,Late Night
CR,kopar,dombivli,1.2,DOWN,96651,TL63,12.0,S,LOCAL,DAILY,Mumbai CST,Titwala,00:31,00:34,0,31,3,kopar -> dombivli,96651,LOCAL,Late Night
CR,kopar,dombivli,1.2,DOWN,96115,S41,12.0,S,LOCAL,DAILY,Mumbai CST,Karjat,00:45,00:48,0,45,3,kopar -> dombivli,96115,LOCAL,Late Night
CR,kopar,dombivli,1.2,DOWN,96653,TL65,12.0,S,LOCAL,DAILY,Mumbai CST,Titwala,00:57,01:01,0,57,4,kopar -> dombivli,96653,LOCAL,Late Night
CR,kopar,dombivli,1.2,DOWN,96229,BL61,12.0,S,LOCAL,DAILY,Mumbai CST,Badlapur,01:07,01:10,1,7,3,kopar -> dombivli,96229,LOCAL,Late Night
CR,kopar,dombivli,1.2,DOWN,96301,A1,12.0,S,LOCAL,DAILY,Mumbai CST,Ambernath,01:16,01:20,1,16,4,kopar -> dombivli,96301,LOCAL,Late Night
CR,kopar,dombivli,1.2,DOWN,96401,N1,12.0,S,LOCAL,DAILY,Mumbai CST,Kasara,01:22,01:26,1,22,4,kopar -> dombivli,96401,LOCAL,Late Night
CR,kopar,dombivli,1.2,DOWN,96101,S1,12.0,S,LOCAL,DAILY,Mumbai CST,Karjat,01:26,01:30,1,26,4,kopar -> dombivli,96101,LOCAL,Late Night
CR,dombivli,thakurli,1.4,DOWN,96227,BL59,12.0,S,LOCAL,DAILY,Mumbai CST,Badlapur,00:01,00:04,0,1,3,dombivli -> thakurli,96227,LOCAL,Late Night
CR,dombivli,thakurli,1.4,DOWN,96649,TL61,12.0,S,LOCAL,DAILY,Mumbai CST,Titwala,00:08,00:12,0,8,4,dombivli -> thakurli,96649,LOCAL,Late Night
CR,dombivli,thakurli,1.4,DOWN,96339,PA3,12.0,S,LOCAL,DAILY,Parel,Ambernath,00:17,00:21,0,17,4,dombivli -> thakurli,96339,LOCAL,Late Night
CR,dombivli,thakurli,1.4,DOWN,96341,A59,12.0,S,LOCAL,DAILY,Mumbai CST,Ambernath,00:26,00:30,0,26,4,dombivli -> thakurli,96341,LOCAL,Late Night
CR,dombivli,thakurli,1.4,DOWN,96651,TL63,12.0,S,LOCAL,DAILY,Mumbai CST,Titwala,00:34,00:38,0,34,4,dombivli -> thakurli,96651,LOCAL,Late Night
CR,dombivli,thakurli,1.4,DOWN,96115,S41,12.0,S,LOCAL,DAILY,Mumbai CST,Karjat,00:48,00:52,0,48,4,dombivli -> thakurli,96115,LOCAL,Late Night
CR,dombivli,thakurli,1.4,DOWN,96653,TL65,12.0,S,LOCAL,DAILY,Mumbai CST,Titwala,01:01,01:05,1,1,4,dombivli -> thakurli,96653,LOCAL,Late Night
CR,dombivli,thakurli,1.4,DOWN,96229,BL61,12.0,S,LOCAL,DAILY,Mumbai CST,Badlapur,01:10,01:13,1,10,3,dombivli -> thakurli,96229,LOCAL,Late Night
CR,dombivli,thakurli,1.4,DOWN,96301,A1,12.0,S,LOCAL,DAILY,Mumbai CST,Ambernath,01:20,01:24,1,20,4,dombivli -> thakurli,96301,LOCAL,Late Night
CR,dombivli,thakurli,1.4,DOWN,96401,N1,12.0,S,LOCAL,DAILY,Mumbai CST,Kasara,01:26,01:30,1,26,4,dombivli -> thakurli,96401,LOCAL,Late Night
CR,dombivli,thakurli,1.4,DOWN,96101,S1,12.0,S,LOCAL,DAILY,Mumbai CST,Karjat,01:30,01:34,1,30,4,dombivli -> thakurli,96101,LOCAL,Late Night
CR,thakurli,kalyan,3.7,DOWN,96227,BL59,12.0,S,LOCAL,DAILY,Mumbai CST,Badlapur,00:04,00:12,0,4,8,thakurli -> kalyan,96227,LOCAL,Late Night
CR,thakurli,kalyan,3.7,DOWN,96649,TL61,12.0,S,LOCAL,DAILY,Mumbai CST,Titwala,00:12,00:18,0,12,6,thakurli -> kalyan,96649,LOCAL,Late Night
CR,thakurli,kalyan,3.7,DOWN,96339,PA3,12.0,S,LOCAL,DAILY,Parel,Ambernath,00:21,00:27,0,21,6,thakurli -> kalyan,96339,LOCAL,Late Night
CR,thakurli,kalyan,3.7,DOWN,96341,A59,12.0,S,LOCAL,DAILY,Mumbai CST,Ambernath,00:30,00:36,0,30,6,thakurli -> kalyan,96341,LOCAL,Late Night
CR,thakurli,kalyan,3.7,DOWN,96651,TL63,12.0,S,LOCAL,DAILY,Mumbai CST,Titwala,00:38,00:44,0,38,6,thakurli -> kalyan,96651,LOCAL,Late Night
CR,thakurli,kalyan,3.7,DOWN,96115,S41,12.0,S,LOCAL,DAILY,Mumbai CST,Karjat,00:52,00:58,0,52,6,thakurli -> kalyan,96115,LOCAL,Late Night
CR,thakurli,kalyan,3.7,DOWN,96653,TL65,12.0,S,LOCAL,DAILY,Mumbai CST,Titwala,01:05,01:11,1,5,6,thakurli -> kalyan,96653,LOCAL,Late Night
CR,thakurli,kalyan,3.7,DOWN,96229,BL61,12.0,S,LOCAL,DAILY,Mumbai CST,Badlapur,01:13,01:19,1,13,6,thakurli -> kalyan,96229,LOCAL,Late Night
CR,thakurli,kalyan,3.7,DOWN,96301,A1,12.0,S,LOCAL,DAILY,Mumbai CST,Ambernath,01:24,01:30,1,24,6,thakurli -> kalyan,96301,LOCAL,Late Night
CR,thakurli,kalyan,3.7,DOWN,96401,N1,12.0,S,LOCAL,DAILY,Mumbai CST,Kasara,01:30,01:37,1,30,7,thakurli -> kalyan,96401,LOCAL,Late Night
CR,thakurli,kalyan,3.7,DOWN,96101,S1,12.0,S,LOCAL,DAILY,Mumbai CST,Karjat,01:34,01:40,1,34,6,thakurli -> kalyan,96101,LOCAL,Late Night
CR,kalyan,vithalwadi,2.4,DOWN,96337,PA1,12.0,S,LOCAL,DAILY,Parel,Ambernath,00:02,00:07,0,2,5,kalyan -> vithalwadi,96337,LOCAL,Late Night
CR,kalyan,vithalwadi,2.4,DOWN,96227,BL59,12.0,S,LOCAL,DAILY,Mumbai CST,Badlapur,00:12,00:16,0,12,4,kalyan -> vithalwadi,96227,LOCAL,Late Night
CR,kalyan,vithalwadi,2.4,DOWN,95015,KP17,12.0,F,LOCAL,DAILY,Mumbai CST,Khopoli,00:21,00:26,0,21,5,kalyan -> vithalwadi,95015,LOCAL,Late Night
CR,kalyan,vithalwadi,2.4,DOWN,96339,PA3,12.0,S,LOCAL,DAILY,Parel,Ambernath,00:27,00:32,0,27,5,kalyan -> vithalwadi,96339,LOCAL,Late Night
CR,kalyan,vithalwadi,2.4,DOWN,96341,A59,12.0,S,LOCAL,DAILY,Mumbai CST,Ambernath,00:36,00:41,0,36,5,kalyan -> vithalwadi,96341,LOCAL,Late Night
CR,kalyan,vithalwadi,2.4,DOWN,96115,S41,12.0,S,LOCAL,DAILY,Mumbai CST,Karjat,00:58,01:03,0,58,5,kalyan -> vithalwadi,96115,LOCAL,Late Night
CR,kalyan,vithalwadi,2.4,DOWN,96229,BL61,12.0,S,LOCAL,DAILY,Mumbai CST,Badlapur,01:19,01:23,1,19,4,kalyan -> vithalwadi,96229,LOCAL,Late Night
CR,kalyan,vithalwadi,2.4,DOWN,96301,A1,12.0,S,LOCAL,DAILY,Mumbai CST,Ambernath,01:30,01:35,1,30,5,kalyan -> vithalwadi,96301,LOCAL,Late Night
CR,kalyan,vithalwadi,2.4,DOWN,96101,S1,12.0,S,LOCAL,DAILY,Mumbai CST,Karjat,01:40,01:44,1,40,4,kalyan -> vithalwadi,96101,LOCAL,Late Night
CR,vithalwadi,ulhas_nagar,1.6,DOWN,96019,KP15,12.0,S,LOCAL,DAILY,Mumbai CST,Khopoli,00:02,00:05,0,2,3,vithalwadi -> ulhas_nagar,96019,LOCAL,Late Night
CR,vithalwadi,ulhas_nagar,1.6,DOWN,96337,PA1,12.0,S,LOCAL,DAILY,Parel,Ambernath,00:07,00:10,0,7,3,vithalwadi -> ulhas_nagar,96337,LOCAL,Late Night
CR,vithalwadi,ulhas_nagar,1.6,DOWN,96227,BL59,12.0,S,LOCAL,DAILY,Mumbai CST,Badlapur,00:16,00:19,0,16,3,vithalwadi -> ulhas_nagar,96227,LOCAL,Late Night
CR,vithalwadi,ulhas_nagar,1.6,DOWN,95015,KP17,12.0,F,LOCAL,DAILY,Mumbai CST,Khopoli,00:26,00:29,0,26,3,vithalwadi -> ulhas_nagar,95015,LOCAL,Late Night
CR,vithalwadi,ulhas_nagar,1.6,DOWN,96339,PA3,12.0,S,LOCAL,DAILY,Parel,Ambernath,00:32,00:35,0,32,3,vithalwadi -> ulhas_nagar,96339,LOCAL,Late Night
CR,vithalwadi,ulhas_nagar,1.6,DOWN,96341,A59,12.0,S,LOCAL,DAILY,Mumbai CST,Ambernath,00:41,00:44,0,41,3,vithalwadi -> ulhas_nagar,96341,LOCAL,Late Night
CR,vithalwadi,ulhas_nagar,1.6,DOWN,96115,S41,12.0,S,LOCAL,DAILY,Mumbai CST,Karjat,01:03,01:06,1,3,3,vithalwadi -> ulhas_nagar,96115,LOCAL,Late Night
CR,vithalwadi,ulhas_nagar,1.6,DOWN,96229,BL61,12.0,S,LOCAL,DAILY,Mumbai CST,Badlapur,01:23,01:26,1,23,3,vithalwadi -> ulhas_nagar,96229,LOCAL,Late Night
CR,vithalwadi,ulhas_nagar,1.6,DOWN,96301,A1,12.0,S,LOCAL,DAILY,Mumbai CST,Ambernath,01:35,01:38,1,35,3,vithalwadi -> ulhas_nagar,96301,LOCAL,Late Night
CR,vithalwadi,ulhas_nagar,1.6,DOWN,96101,S1,12.0,S,LOCAL,DAILY,Mumbai CST,Karjat,01:44,01:47,1,44,3,vithalwadi -> ulhas_nagar,96101,LOCAL,Late Night
CR,ulhas_nagar,ambernath,2.6,DOWN,96019,KP15,12.0,S,LOCAL,DAILY,Mumbai CST,Khopoli,00:05,00:09,0,5,4,ulhas_nagar -> ambernath,96019,LOCAL,Late Night
CR,ulhas_nagar,ambernath,2.6,DOWN,96337,PA1,12.0,S,LOCAL,DAILY,Parel,Ambernath,00:10,00:16,0,10,6,ulhas_nagar -> ambernath,96337,LOCAL,Late Night
CR,ulhas_nagar,ambernath,2.6,DOWN,96227,BL59,12.0,S,LOCAL,DAILY,Mumbai CST,Badlapur,00:19,00:23,0,19,4,ulhas_nagar -> ambernath,96227,LOCAL,Late Night
CR,ulhas_nagar,ambernath,2.6,DOWN,95015,KP17,12.0,F,LOCAL,DAILY,Mumbai CST,Khopoli,00:29,00:33,0,29,4,ulhas_nagar -> ambernath,95015,LOCAL,Late Night
CR,ulhas_nagar,ambernath,2.6,DOWN,96339,PA3,12.0,S,LOCAL,DAILY,Parel,Ambernath,00:35,00:41,0,35,6,ulhas_nagar -> ambernath,96339,LOCAL,Late Night
CR,ulhas_nagar,ambernath,2.6,DOWN,96341,A59,12.0,S,LOCAL,DAILY,Mumbai CST,Ambernath,00:44,00:50,0,44,6,ulhas_nagar -> ambernath,96341,LOCAL,Late Night
CR,ulhas_nagar,ambernath,2.6,DOWN,96115,S41,12.0,S,LOCAL,DAILY,Mumbai CST,Karjat,01:06,01:10,1,6,4,ulhas_nagar -> ambernath,96115,LOCAL,Late Night
CR,ulhas_nagar,ambernath,2.6,DOWN,96229,BL61,12.0,S,LOCAL,DAILY,Mumbai CST,Badlapur,01:26,01:30,1,26,4,ulhas_nagar -> ambernath,96229,LOCAL,Late Night
CR,ulhas_nagar,ambernath,2.6,DOWN,96301,A1,12.0,S,LOCAL,DAILY,Mumbai CST,Ambernath,01:38,01:46,1,38,8,ulhas_nagar -> ambernath,96301,LOCAL,Late Night
CR,ulhas_nagar,ambernath,2.6,DOWN,96101,S1,12.0,S,LOCAL,DAILY,Mumbai CST,Karjat,01:47,01:51,1,47,4,ulhas_nagar -> ambernath,96101,LOCAL,Late Night
CR,ambernath,badlapur,7.4,DOWN,96019,KP15,12.0,S,LOCAL,DAILY,Mumbai CST,Khopoli,00:09,00:16,0,9,7,ambernath -> badlapur,96019,LOCAL,Late Night
CR,ambernath,badlapur,7.4,DOWN,96227,BL59,12.0,S,LOCAL,DAILY,Mumbai CST,Badlapur,00:23,00:32,0,23,9,ambernath -> badlapur,96227,LOCAL,Late Night
CR,ambernath,badlapur,7.4,DOWN,95015,KP17,12.0,F,LOCAL,DAILY,Mumbai CST,Khopoli,00:33,00:40,0,33,7,ambernath -> badlapur,95015,LOCAL,Late Night
CR,ambernath,badlapur,7.4,DOWN,96115,S41,12.0,S,LOCAL,DAILY,Mumbai CST,Karjat,01:10,01:17,1,10,7,ambernath -> badlapur,96115,LOCAL,Late Night
CR,ambernath,badlapur,7.4,DOWN,96229,BL61,12.0,S,LOCAL,DAILY,Mumbai CST,Badlapur,01:30,01:39,1,30,9,ambernath -> badlapur,96229,LOCAL,Late Night
CR,ambernath,badlapur,7.4,DOWN,96101,S1,12.0,S,LOCAL,DAILY,Mumbai CST,Karjat,01:51,01:58,1,51,7,ambernath -> badlapur,96101,LOCAL,Late Night
CR,badlapur,vangani,10.7,DOWN,96019,KP15,12.0,S,LOCAL,DAILY,Mumbai CST,Khopoli,00:16,00:25,0,16,9,badlapur -> vangani,96019,LOCAL,Late Night
CR,badlapur,vangani,10.7,DOWN,95015,KP17,12.0,F,LOCAL,DAILY,Mumbai CST,Khopoli,00:40,00:48,0,40,8,badlapur -> vangani,95015,LOCAL,Late Night
CR,badlapur,vangani,10.7,DOWN,96115,S41,12.0,S,LOCAL,DAILY,Mumbai CST,Karjat,01:17,01:25,1,17,8,badlapur -> vangani,96115,LOCAL,Late Night
CR,badlapur,vangani,10.7,DOWN,96101,S1,12.0,S,LOCAL,DAILY,Mumbai CST,Karjat,01:58,02:06,1,58,8,badlapur -> vangani,96101,LOCAL,Late Night
CR,vangani,shelu,4.0,DOWN,96019,KP15,12.0,S,LOCAL,DAILY,Mumbai CST,Khopoli,00:25,00:29,0,25,4,vangani -> shelu,96019,LOCAL,Late Night
CR,vangani,shelu,4.0,DOWN,95015,KP17,12.0,F,LOCAL,DAILY,Mumbai CST,Khopoli,00:48,00:52,0,48,4,vangani -> shelu,95015,LOCAL,Late Night
CR,vangani,shelu,4.0,DOWN,96115,S41,12.0,S,LOCAL,DAILY,Mumbai CST,Karjat,01:25,01:29,1,25,4,vangani -> shelu,96115,LOCAL,Late Night
CR,shelu,neral,4.1,DOWN,96019,KP15,12.0,S,LOCAL,DAILY,Mumbai CST,Khopoli,00:29,00:33,0,29,4,shelu -> neral,96019,LOCAL,Late Night
CR,shelu,neral,4.1,DOWN,95015,KP17,12.0,F,LOCAL,DAILY,Mumbai CST,Khopoli,00:52,00:56,0,52,4,shelu -> neral,95015,LOCAL,Late Night
CR,shelu,neral,4.1,DOWN,96115,S41,12.0,S,LOCAL,DAILY,Mumbai CST,Karjat,01:29,01:33,1,29,4,shelu -> neral,96115,LOCAL,Late Night
CR,neral,bhivpuri_road,6.7,DOWN,96019,KP15,12.0,S,LOCAL,DAILY,Mumbai CST,Khopoli,00:33,00:40,0,33,7,neral -> bhivpuri_road,96019,LOCAL,Late Night
CR,neral,bhivpuri_road,6.7,DOWN,95015,KP17,12.0,F,LOCAL,DAILY,Mumbai CST,Khopoli,00:56,01:03,0,56,7,neral -> bhivpuri_road,95015,LOCAL,Late Night
CR,neral,bhivpuri_road,6.7,DOWN,96115,S41,12.0,S,LOCAL,DAILY,Mumbai CST,Karjat,01:33,01:40,1,33,7,neral -> bhivpuri_road,96115,LOCAL,Late Night
CR,bhivpuri_road,karjat,6.9,DOWN,96019,KP15,12.0,S,LOCAL,DAILY,Mumbai CST,Khopoli,00:40,00:50,0,40,10,bhivpuri_road -> karjat,96019,LOCAL,Late Night
CR,bhivpuri_road,karjat,6.9,DOWN,95015,KP17,12.0,F,LOCAL,DAILY,Mumbai CST,Khopoli,01:03,01:12,1,3,9,bhivpuri_road -> karjat,95015,LOCAL,Late Night
CR,bhivpuri_road,karjat,6.9,DOWN,96115,S41,12.0,S,LOCAL,DAILY,Mumbai CST,Karjat,01:40,01:49,1,40,9,bhivpuri_road -> karjat,96115,LOCAL,Late Night
CR,karjat,palasdhari,3.0,DOWN,96019,KP15,12.0,S,LOCAL,DAILY,Mumbai CST,Khopoli,00:50,00:55,0,50,5,karjat -> palasdhari,96019,LOCAL,Late Night
CR,karjat,palasdhari,3.0,DOWN,95015,KP17,12.0,F,LOCAL,DAILY,Mumbai CST,Khopoli,01:12,01:17,1,12,5,karjat -> palasdhari,95015,LOCAL,Late Night
CR,palasdhari,kelavli,5.2,DOWN,95013,KP13,12.0,F,LOCAL,DAILY,Mumbai CST,Khopoli,00:03,00:10,0,3,7,palasdhari -> kelavli,95013,LOCAL,Late Night
CR,palasdhari,kelavli,5.2,DOWN,96019,KP15,12.0,S,LOCAL,DAILY,Mumbai CST,Khopoli,00:55,01:02,0,55,7,palasdhari -> kelavli,96019,LOCAL,Late Night
CR,palasdhari,kelavli,5.2,DOWN,95015,KP17,12.0,F,LOCAL,DAILY,Mumbai CST,Khopoli,01:17,01:24,1,17,7,palasdhari -> kelavli,95015,LOCAL,Late Night
CR,kelavli,dolavli,0.6,DOWN,95013,KP13,12.0,F,LOCAL,DAILY,Mumbai CST,Khopoli,00:10,00:13,0,10,3,kelavli -> dolavli,95013,LOCAL,Late Night
CR,kelavli,dolavli,0.6,DOWN,96019,KP15,12.0,S,LOCAL,DAILY,Mumbai CST,Khopoli,01:02,01:05,1,2,3,kelavli -> dolavli,96019,LOCAL,Late Night
CR,kelavli,dolavli,0.6,DOWN,95015,KP17,12.0,F,LOCAL,DAILY,Mumbai CST,Khopoli,01:24,01:27,1,24,3,kelavli -> dolavli,95015,LOCAL,Late Night
CR,dolavli,lowjee,3.1,DOWN,95013,KP13,12.0,F,LOCAL,DAILY,Mumbai CST,Khopoli,00:13,00:17,0,13,4,dolavli -> lowjee,95013,LOCAL,Late Night
CR,dolavli,lowjee,3.1,DOWN,96019,KP15,12.0,S,LOCAL,DAILY,Mumbai CST,Khopoli,01:05,01:09,1,5,4,dolavli -> lowjee,96019,LOCAL,Late Night
CR,dolavli,lowjee,3.1,DOWN,95015,KP17,12.0,F,LOCAL,DAILY,Mumbai CST,Khopoli,01:27,01:31,1,27,4,dolavli -> lowjee,95015,LOCAL,Late Night
CR,lowjee,khopoli,2.7,DOWN,95013,KP13,12.0,F,LOCAL,DAILY,Mumbai CST,Khopoli,00:17,00:23,0,17,6,lowjee -> khopoli,95013,LOCAL,Late Night
CR,lowjee,khopoli,2.7,DOWN,96019,KP15,12.0,S,LOCAL,DAILY,Mumbai CST,Khopoli,01:09,01:15,1,9,6,lowjee -> khopoli,96019,LOCAL,Late Night
CR,lowjee,khopoli,2.7,DOWN,95015,KP17,12.0,F,LOCAL,DAILY,Mumbai CST,Khopoli,01:31,01:38,1,31,7,lowjee -> khopoli,95015,LOCAL,Late Night
CR,shahad,ambivli,1.7,DOWN,95423,N35,12.0,F,LOCAL,DAILY,Mumbai CST,Kasara,00:06,00:09,0,6,3,shahad -> ambivli,95423,LOCAL,Late Night
CR,shahad,ambivli,1.7,DOWN,96649,TL61,12.0,S,LOCAL,DAILY,Mumbai CST,Titwala,00:22,00:25,0,22,3,shahad -> ambivli,96649,LOCAL,Late Night
CR,shahad,ambivli,1.7,DOWN,96651,TL63,12.0,S,LOCAL,DAILY,Mumbai CST,Titwala,00:48,00:51,0,48,3,shahad -> ambivli,96651,LOCAL,Late Night
CR,shahad,ambivli,1.7,DOWN,96653,TL65,12.0,S,LOCAL,DAILY,Mumbai CST,Titwala,01:15,01:18,1,15,3,shahad -> ambivli,96653,LOCAL,Late Night
CR,shahad,ambivli,1.7,DOWN,96401,N1,12.0,S,LOCAL,DAILY,Mumbai CST,Kasara,01:41,01:44,1,41,3,shahad -> ambivli,96401,LOCAL,Late Night
CR,ambivli,titwala,6.1,DOWN,95423,N35,12.0,F,LOCAL,DAILY,Mumbai CST,Kasara,00:09,00:15,0,9,6,ambivli -> titwala,95423,LOCAL,Late Night
CR,ambivli,titwala,6.1,DOWN,96649,TL61,12.0,S,LOCAL,DAILY,Mumbai CST,Titwala,00:25,00:33,0,25,8,ambivli -> titwala,96649,LOCAL,Late Night
CR,ambivli,titwala,6.1,DOWN,96651,TL63,12.0,S,LOCAL,DAILY,Mumbai CST,Titwala,00:51,00:59,0,51,8,ambivli -> titwala,96651,LOCAL,Late Night
CR,ambivli,titwala,6.1,DOWN,96653,TL65,12.0,S,LOCAL,DAILY,Mumbai CST,Titwala,01:18,01:26,1,18,8,ambivli -> titwala,96653,LOCAL,Late Night
CR,ambivli,titwala,6.1,DOWN,96401,N1,12.0,S,LOCAL,DAILY,Mumbai CST,Kasara,01:44,01:50,1,44,6,ambivli -> titwala,96401,LOCAL,Late Night
CR,titwala,khadavli,7.4,DOWN,95423,N35,12.0,F,LOCAL,DAILY,Mumbai CST,Kasara,00:15,00:22,0,15,7,titwala -> khadavli,95423,LOCAL,Late Night
CR,titwala,khadavli,7.4,DOWN,96401,N1,12.0,S,LOCAL,DAILY,Mumbai CST,Kasara,01:50,01:57,1,50,7,titwala -> khadavli,96401,LOCAL,Late Night
CR,khadavli,vasind,8.0,DOWN,95423,N35,12.0,F,LOCAL,DAILY,Mumbai CST,Kasara,00:22,00:29,0,22,7,khadavli -> vasind,95423,LOCAL,Late Night
CR,khadavli,vasind,8.0,DOWN,96401,N1,12.0,S,LOCAL,DAILY,Mumbai CST,Kasara,01:57,02:04,1,57,7,khadavli -> vasind,96401,LOCAL,Late Night
CR,vasind,asangaon,6.0,DOWN,95423,N35,12.0,F,LOCAL,DAILY,Mumbai CST,Kasara,00:29,00:35,0,29,6,vasind -> asangaon,95423,LOCAL,Late Night
CR,asangaon,atgaon,9.4,DOWN,95423,N35,12.0,F,LOCAL,DAILY,Mumbai CST,Kasara,00:35,00:44,0,35,9,asangaon -> atgaon,95423,LOCAL,Late Night
CR,atgaon,thansit,6.1,DOWN,95423,N35,12.0,F,LOCAL,DAILY,Mumbai CST,Kasara,00:44,00:49,0,44,5,atgaon -> thansit,95423,LOCAL,Late Night
CR,thansit,khardi,6.0,DOWN,95423,N35,12.0,F,LOCAL,DAILY,Mumbai CST,Kasara,00:49,00:54,0,49,5,thansit -> khardi,95423,LOCAL,Late Night
CR,khardi,umbermalli,6.1,DOWN,95423,N35,12.0,F,LOCAL,DAILY,Mumbai CST,Kasara,00:54,01:00,0,54,6,khardi -> umbermalli,95423,LOCAL,Late Night
CR,umbermalli,kasara,7.4,DOWN,96411,N33,12.0,S,LOCAL,DAILY,Mumbai CST,Kasara,00:02,00:13,0,2,11,umbermalli -> kasara,96411,LOCAL,Late Night
CR,umbermalli,kasara,7.4,DOWN,95423,N35,12.0,F,LOCAL,DAILY,Mumbai CST,Kasara,01:00,01:12,1,0,12,umbermalli -> kasara,95423,LOCAL,Late Night
WR,churchgate,marine_lines,1.0,DOWN,91041,BVI,12.0,Unknown,LOCAL,NOT_SUN,Churchgate,Borivali,00:09,00:12,0,9,3,churchgate -> marine_lines,91041,LOCAL,Late Night
WR,churchgate,marine_lines,1.0,DOWN,94145,BYR,12.0,Unknown,AC,DAILY,Churchgate,Bhayandar,00:13,00:16,0,13,3,churchgate -> marine_lines,94145,AC,Late Night
WR,churchgate,marine_lines,1.0,DOWN,91039,ADH,12.0,Unknown,LOCAL,DAILY,Churchgate,Andheri,00:16,00:19,0,16,3,churchgate -> marine_lines,91039,LOCAL,Late Night
WR,churchgate,marine_lines,1.0,DOWN,91043,VR,12.0,Unknown,LOCAL,DAILY,Churchgate,Virar,00:20,00:23,0,20,3,churchgate -> marine_lines,91043,LOCAL,Late Night
WR,churchgate,marine_lines,1.0,DOWN,91045,BYR,12.0,Unknown,LOCAL,DAILY,Churchgate,Bhayandar,00:28,00:31,0,28,3,churchgate -> marine_lines,91045,LOCAL,Late Night
WR,churchgate,marine_lines,1.0,DOWN,91047,BA,12.0,Unknown,LOCAL,DAILY,Churchgate,Bandra,00:31,00:34,0,31,3,churchgate -> marine_lines,91047,LOCAL,Late Night
WR,churchgate,marine_lines,1.0,DOWN,91049,BVI,12.0,Unknown,LOCAL,DAILY,Churchgate,Borivali,00:38,00:41,0,38,3,churchgate -> marine_lines,91049,LOCAL,Late Night
WR,churchgate,marine_lines,1.0,DOWN,91051,BYR,12.0,Unknown,LOCAL,DAILY,Churchgate,Bhayandar,00:43,00:46,0,43,3,churchgate -> marine_lines,91051,LOCAL,Late Night
WR,churchgate,marine_lines,1.0,DOWN,91053,VR,12.0,Unknown,LOCAL,DAILY,Churchgate,Virar,00:50,00:53,0,50,3,churchgate -> marine_lines,91053,LOCAL,Late Night
WR,churchgate,marine_lines,1.0,DOWN,91055,BVI,12.0,Unknown,LOCAL,DAILY,Churchgate,Borivali,01:00,01:03,1,0,3,churchgate -> marine_lines,91055,LOCAL,Late Night
WR,marine_lines,charni_road,0.8,DOWN,91033,VR,12.0,Unknown,LOCAL,DAILY,Churchgate,Virar,00:01,00:03,0,1,2,marine_lines -> charni_road,91033,LOCAL,Late Night
WR,marine_lines,charni_road,0.8,DOWN,91041,BVI,12.0,Unknown,LOCAL,NOT_SUN,Churchgate,Borivali,00:12,00:14,0,12,2,marine_lines -> charni_road,91041,LOCAL,Late Night
WR,marine_lines,charni_road,0.8,DOWN,94145,BYR,12.0,Unknown,AC,DAILY,Churchgate,Bhayandar,00:16,00:18,0,16,2,marine_lines -> charni_road,94145,AC,Late Night
WR,marine_lines,charni_road,0.8,DOWN,91039,ADH,12.0,Unknown,LOCAL,DAILY,Churchgate,Andheri,00:19,00:21,0,19,2,marine_lines -> charni_road,91039,LOCAL,Late Night
WR,marine_lines,charni_road,0.8,DOWN,91043,VR,12.0,Unknown,LOCAL,DAILY,Churchgate,Virar,00:23,00:25,0,23,2,marine_lines -> charni_road,91043,LOCAL,Late Night
WR,marine_lines,charni_road,0.8,DOWN,91045,BYR,12.0,Unknown,LOCAL,DAILY,Churchgate,Bhayandar,00:31,00:33,0,31,2,marine_lines -> charni_road,91045,LOCAL,Late Night
WR,marine_lines,charni_road,0.8,DOWN,91047,BA,12.0,Unknown,LOCAL,DAILY,Churchgate,Bandra,00:34,00:36,0,34,2,marine_lines -> charni_road,91047,LOCAL,Late Night
WR,marine_lines,charni_road,0.8,DOWN,91049,BVI,12.0,Unknown,LOCAL,DAILY,Churchgate,Borivali,00:41,00:43,0,41,2,marine_lines -> charni_road,91049,LOCAL,Late Night
WR,marine_lines,charni_road,0.8,DOWN,91051,BYR,12.0,Unknown,LOCAL,DAILY,Churchgate,Bhayandar,00:46,00:48,0,46,2,marine_lines -> charni_road,91051,LOCAL,Late Night
WR,marine_lines,charni_road,0.8,DOWN,91053,VR,12.0,Unknown,LOCAL,DAILY,Churchgate,Virar,00:53,00:55,0,53,2,marine_lines -> charni_road,91053,LOCAL,Late Night
WR,marine_lines,charni_road,0.8,DOWN,91055,BVI,12.0,Unknown,LOCAL,DAILY,Churchgate,Borivali,01:03,01:05,1,3,2,marine_lines -> charni_road,91055,LOCAL,Late Night
WR,charni_road,grant_road,1.8,DOWN,91033,VR,12.0,Unknown,LOCAL,DAILY,Churchgate,Virar,00:03,00:06,0,3,3,charni_road -> grant_road,91033,LOCAL,Late Night
WR,charni_road,grant_road,1.8,DOWN,91041,BVI,12.0,Unknown,LOCAL,NOT_SUN,Churchgate,Borivali,00:14,00:17,0,14,3,charni_road -> grant_road,91041,LOCAL,Late Night
WR,charni_road,grant_road,1.8,DOWN,94145,BYR,12.0,Unknown,AC,DAILY,Churchgate,Bhayandar,00:18,00:21,0,18,3,charni_road -> grant_road,94145,AC,Late Night
WR,charni_road,grant_road,1.8,DOWN,91039,ADH,12.0,Unknown,LOCAL,DAILY,Churchgate,Andheri,00:21,00:24,0,21,3,charni_road -> grant_road,91039,LOCAL,Late Night
WR,charni_road,grant_road,1.8,DOWN,91043,VR,12.0,Unknown,LOCAL,DAILY,Churchgate,Virar,00:25,00:28,0,25,3,charni_road -> grant_road,91043,LOCAL,Late Night
WR,charni_road,grant_road,1.8,DOWN,91045,BYR,12.0,Unknown,LOCAL,DAILY,Churchgate,Bhayandar,00:33,00:36,0,33,3,charni_road -> grant_road,91045,LOCAL,Late Night
WR,charni_road,grant_road,1.8,DOWN,91047,BA,12.0,Unknown,LOCAL,DAILY,Churchgate,Bandra,00:36,00:39,0,36,3,charni_road -> grant_road,91047,LOCAL,Late Night
WR,charni_road,grant_road,1.8,DOWN,91049,BVI,12.0,Unknown,LOCAL,DAILY,Churchgate,Borivali,00:43,00:46,0,43,3,charni_road -> grant_road,91049,LOCAL,Late Night
WR,charni_road,grant_road,1.8,DOWN,91051,BYR,12.0,Unknown,LOCAL,DAILY,Churchgate,Bhayandar,00:48,00:51,0,48,3,charni_road -> grant_road,91051,LOCAL,Late Night
WR,charni_road,grant_road,1.8,DOWN,91053,VR,12.0,Unknown,LOCAL,DAILY,Churchgate,Virar,00:55,00:58,0,55,3,charni_road -> grant_road,91053,LOCAL,Late Night
WR,charni_road,grant_road,1.8,DOWN,91055,BVI,12.0,Unknown,LOCAL,DAILY,Churchgate,Borivali,01:05,01:08,1,5,3,charni_road -> grant_road,91055,LOCAL,Late Night
WR,grant_road,mumbai_central,0.9,DOWN,91031,BVI,12.0,Unknown,LOCAL,DAILY,Churchgate,Borivali,00:00,00:02,0,0,2,grant_road -> mumbai_central,91031,LOCAL,Late Night
WR,grant_road,mumbai_central,0.9,DOWN,91033,VR,12.0,Unknown,LOCAL,DAILY,Churchgate,Virar,00:06,00:08,0,6,2,grant_road -> mumbai_central,91033,LOCAL,Late Night
WR,grant_road,mumbai_central,0.9,DOWN,91041,BVI,12.0,Unknown,LOCAL,NOT_SUN,Churchgate,Borivali,00:17,00:19,0,17,2,grant_road -> mumbai_central,91041,LOCAL,Late Night
WR,grant_road,mumbai_central,0.9,DOWN,94145,BYR,12.0,Unknown,AC,DAILY,Churchgate,Bhayandar,00:21,00:23,0,21,2,grant_road -> mumbai_central,94145,AC,Late Night
WR,grant_road,mumbai_central,0.9,DOWN,91039,ADH,12.0,Unknown,LOCAL,DAILY,Churchgate,Andheri,00:24,00:26,0,24,2,grant_road -> mumbai_central,91039,LOCAL,Late Night
WR,grant_road,mumbai_central,0.9,DOWN,91043,VR,12.0,Unknown,LOCAL,DAILY,Churchgate,Virar,00:28,00:30,0,28,2,grant_road -> mumbai_central,91043,LOCAL,Late Night
WR,grant_road,mumbai_central,0.9,DOWN,91045,BYR,12.0,Unknown,LOCAL,DAILY,Churchgate,Bhayandar,00:36,00:38,0,36,2,grant_road -> mumbai_central,91045,LOCAL,Late Night
WR,grant_road,mumbai_central,0.9,DOWN,91047,BA,12.0,Unknown,LOCAL,DAILY,Churchgate,Bandra,00:39,00:41,0,39,2,grant_road -> mumbai_central,91047,LOCAL,Late Night
WR,grant_road,mumbai_central,0.9,DOWN,91049,BVI,12.0,Unknown,LOCAL,DAILY,Churchgate,Borivali,00:46,00:48,0,46,2,grant_road -> mumbai_central,91049,LOCAL,Late Night
WR,grant_road,mumbai_central,0.9,DOWN,91051,BYR,12.0,Unknown,LOCAL,DAILY,Churchgate,Bhayandar,00:51,00:53,0,51,2,grant_road -> mumbai_central,91051,LOCAL,Late Night
WR,grant_road,mumbai_central,0.9,DOWN,91053,VR,12.0,Unknown,LOCAL,DAILY,Churchgate,Virar,00:58,01:00,0,58,2,grant_road -> mumbai_central,91053,LOCAL,Late Night
WR,grant_road,mumbai_central,0.9,DOWN,91055,BVI,12.0,Unknown,LOCAL,DAILY,Churchgate,Borivali,01:08,01:10,1,8,2,grant_road -> mumbai_central,91055,LOCAL,Late Night
WR,mumbai_central,mahalakshmi,1.5,DOWN,91031,BVI,12.0,Unknown,LOCAL,DAILY,Churchgate,Borivali,00:02,00:05,0,2,3,mumbai_central -> mahalakshmi,91031,LOCAL,Late Night
WR,mumbai_central,mahalakshmi,1.5,DOWN,91033,VR,12.0,Unknown,LOCAL,DAILY,Churchgate,Virar,00:08,00:11,0,8,3,mumbai_central -> mahalakshmi,91033,LOCAL,Late Night
WR,mumbai_central,mahalakshmi,1.5,DOWN,91041,BVI,12.0,Unknown,LOCAL,NOT_SUN,Churchgate,Borivali,00:19,00:22,0,19,3,mumbai_central -> mahalakshmi,91041,LOCAL,Late Night
WR,mumbai_central,mahalakshmi,1.5,DOWN,94145,BYR,12.0,Unknown,AC,DAILY,Churchgate,Bhayandar,00:23,00:26,0,23,3,mumbai_central -> mahalakshmi,94145,AC,Late Night
WR,mumbai_central,mahalakshmi,1.5,DOWN,91039,ADH,12.0,Unknown,LOCAL,DAILY,Churchgate,Andheri,00:26,00:29,0,26,3,mumbai_central -> mahalakshmi,91039,LOCAL,Late Night
WR,mumbai_central,mahalakshmi,1.5,DOWN,91043,VR,12.0,Unknown,LOCAL,DAILY,Churchgate,Virar,00:30,00:33,0,30,3,mumbai_central -> mahalakshmi,91043,LOCAL,Late Night
WR,mumbai_central,mahalakshmi,1.5,DOWN,91045,BYR,12.0,Unknown,LOCAL,DAILY,Churchgate,Bhayandar,00:38,00:41,0,38,3,mumbai_central -> mahalakshmi,91045,LOCAL,Late Night
WR,mumbai_central,mahalakshmi,1.5,DOWN,91047,BA,12.0,Unknown,LOCAL,DAILY,Churchgate,Bandra,00:41,00:44,0,41,3,mumbai_central -> mahalakshmi,91047,LOCAL,Late Night
WR,mumbai_central,mahalakshmi,1.5,DOWN,91049,BVI,12.0,Unknown,LOCAL,DAILY,Churchgate,Borivali,00:48,00:51,0,48,3,mumbai_central -> mahalakshmi,91049,LOCAL,Late Night
WR,mumbai_central,mahalakshmi,1.5,DOWN,91051,BYR,12.0,Unknown,LOCAL,DAILY,Churchgate,Bhayandar,00:53,00:56,0,53,3,mumbai_central -> mahalakshmi,91051,LOCAL,Late Night
WR,mumbai_central,mahalakshmi,1.5,DOWN,91053,VR,12.0,Unknown,LOCAL,DAILY,Churchgate,Virar,01:00,01:03,1,0,3,mumbai_central -> mahalakshmi,91053,LOCAL,Late Night
WR,mumbai_central,mahalakshmi,1.5,DOWN,91055,BVI,12.0,Unknown,LOCAL,DAILY,Churchgate,Borivali,01:10,01:13,1,10,3,mumbai_central -> mahalakshmi,91055,LOCAL,Late Night
WR,mahalakshmi,lower_parel,1.7,DOWN,91029,GMN,12.0,Unknown,LOCAL,DAILY,Churchgate,Goregaon,00:02,00:05,0,2,3,mahalakshmi -> lower_parel,91029,LOCAL,Late Night
WR,mahalakshmi,lower_parel,1.7,DOWN,91031,BVI,12.0,Unknown,LOCAL,DAILY,Churchgate,Borivali,00:05,00:08,0,5,3,mahalakshmi -> lower_parel,91031,LOCAL,Late Night
WR,mahalakshmi,lower_parel,1.7,DOWN,91033,VR,12.0,Unknown,LOCAL,DAILY,Churchgate,Virar,00:11,00:14,0,11,3,mahalakshmi -> lower_parel,91033,LOCAL,Late Night
WR,mahalakshmi,lower_parel,1.7,DOWN,91041,BVI,12.0,Unknown,LOCAL,NOT_SUN,Churchgate,Borivali,00:22,00:25,0,22,3,mahalakshmi -> lower_parel,91041,LOCAL,Late Night
WR,mahalakshmi,lower_parel,1.7,DOWN,94145,BYR,12.0,Unknown,AC,DAILY,Churchgate,Bhayandar,00:26,00:29,0,26,3,mahalakshmi -> lower_parel,94145,AC,Late Night
WR,mahalakshmi,lower_parel,1.7,DOWN,91039,ADH,12.0,Unknown,LOCAL,DAILY,Churchgate,Andheri,00:29,00:32,0,29,3,mahalakshmi -> lower_parel,91039,LOCAL,Late Night
WR,mahalakshmi,lower_parel,1.7,DOWN,91043,VR,12.0,Unknown,LOCAL,DAILY,Churchgate,Virar,00:33,00:36,0,33,3,mahalakshmi -> lower_parel,91043,LOCAL,Late Night
WR,mahalakshmi,lower_parel,1.7,DOWN,91045,BYR,12.0,Unknown,LOCAL,DAILY,Churchgate,Bhayandar,00:41,00:44,0,41,3,mahalakshmi -> lower_parel,91045,LOCAL,Late Night
WR,mahalakshmi,lower_parel,1.7,DOWN,91047,BA,12.0,Unknown,LOCAL,DAILY,Churchgate,Bandra,00:44,00:47,0,44,3,mahalakshmi -> lower_parel,91047,LOCAL,Late Night
WR,mahalakshmi,lower_parel,1.7,DOWN,91049,BVI,12.0,Unknown,LOCAL,DAILY,Churchgate,Borivali,00:51,00:54,0,51,3,mahalakshmi -> lower_parel,91049,LOCAL,Late Night
WR,mahalakshmi,lower_parel,1.7,DOWN,91051,BYR,12.0,Unknown,LOCAL,DAILY,Churchgate,Bhayandar,00:56,00:59,0,56,3,mahalakshmi -> lower_parel,91051,LOCAL,Late Night
WR,mahalakshmi,lower_parel,1.7,DOWN,91053,VR,12.0,Unknown,LOCAL,DAILY,Churchgate,Virar,01:03,01:06,1,3,3,mahalakshmi -> lower_parel,91053,LOCAL,Late Night
WR,mahalakshmi,lower_parel,1.7,DOWN,91055,BVI,12.0,Unknown,LOCAL,DAILY,Churchgate,Borivali,01:13,01:16,1,13,3,mahalakshmi -> lower_parel,91055,LOCAL,Late Night
WR,lower_parel,prabhadevi,1.3,DOWN,91027,NSP,12.0,Unknown,LOCAL,DAILY,Churchgate,Nalla Sopara,00:02,00:05,0,2,3,lower_parel -> prabhadevi,91027,LOCAL,Late Night
WR,lower_parel,prabhadevi,1.3,DOWN,91029,GMN,12.0,Unknown,LOCAL,DAILY,Churchgate,Goregaon,00:05,00:08,0,5,3,lower_parel -> prabhadevi,91029,LOCAL,Late Night
WR,lower_parel,prabhadevi,1.3,DOWN,91031,BVI,12.0,Unknown,LOCAL,DAILY,Churchgate,Borivali,00:08,00:11,0,8,3,lower_parel -> prabhadevi,91031,LOCAL,Late Night
WR,lower_parel,prabhadevi,1.3,DOWN,91033,VR,12.0,Unknown,LOCAL,DAILY,Churchgate,Virar,00:14,00:17,0,14,3,lower_parel -> prabhadevi,91033,LOCAL,Late Night
WR,lower_parel,prabhadevi,1.3,DOWN,91041,BVI,12.0,Unknown,LOCAL,NOT_SUN,Churchgate,Borivali,00:25,00:28,0,25,3,lower_parel -> prabhadevi,91041,LOCAL,Late Night
WR,lower_parel,prabhadevi,1.3,DOWN,94145,BYR,12.0,Unknown,AC,DAILY,Churchgate,Bhayandar,00:29,00:32,0,29,3,lower_parel -> prabhadevi,94145,AC,Late Night
WR,lower_parel,prabhadevi,1.3,DOWN,91039,ADH,12.0,Unknown,LOCAL,DAILY,Churchgate,Andheri,00:32,00:35,0,32,3,lower_parel -> prabhadevi,91039,LOCAL,Late Night
WR,lower_parel,prabhadevi,1.3,DOWN,91043,VR,12.0,Unknown,LOCAL,DAILY,Churchgate,Virar,00:36,00:39,0,36,3,lower_parel -> prabhadevi,91043,LOCAL,Late Night
WR,lower_parel,prabhadevi,1.3,DOWN,91045,BYR,12.0,Unknown,LOCAL,DAILY,Churchgate,Bhayandar,00:44,00:47,0,44,3,lower_parel -> prabhadevi,91045,LOCAL,Late Night
WR,lower_parel,prabhadevi,1.3,DOWN,91047,BA,12.0,Unknown,LOCAL,DAILY,Churchgate,Bandra,00:47,00:50,0,47,3,lower_parel -> prabhadevi,91047,LOCAL,Late Night
WR,lower_parel,prabhadevi,1.3,DOWN,91049,BVI,12.0,Unknown,LOCAL,DAILY,Churchgate,Borivali,00:54,00:57,0,54,3,lower_parel -> prabhadevi,91049,LOCAL,Late Night
WR,lower_parel,prabhadevi,1.3,DOWN,91051,BYR,12.0,Unknown,LOCAL,DAILY,Churchgate,Bhayandar,00:59,01:02,0,59,3,lower_parel -> prabhadevi,91051,LOCAL,Late Night
WR,lower_parel,prabhadevi,1.3,DOWN,91053,VR,12.0,Unknown,LOCAL,DAILY,Churchgate,Virar,01:06,01:09,1,6,3,lower_parel -> prabhadevi,91053,LOCAL,Late Night
WR,lower_parel,prabhadevi,1.3,DOWN,91055,BVI,12.0,Unknown,LOCAL,DAILY,Churchgate,Borivali,01:16,01:19,1,16,3,lower_parel -> prabhadevi,91055,LOCAL,Late Night
WR,prabhadevi,dadar,1.2,DOWN,91027,NSP,12.0,Unknown,LOCAL,DAILY,Churchgate,Nalla Sopara,00:05,00:07,0,5,2,prabhadevi -> dadar,91027,LOCAL,Late Night
WR,prabhadevi,dadar,1.2,DOWN,91029,GMN,12.0,Unknown,LOCAL,DAILY,Churchgate,Goregaon,00:08,00:10,0,8,2,prabhadevi -> dadar,91029,LOCAL,Late Night
WR,prabhadevi,dadar,1.2,DOWN,91031,BVI,12.0,Unknown,LOCAL,DAILY,Churchgate,Borivali,00:11,00:13,0,11,2,prabhadevi -> dadar,91031,LOCAL,Late Night
WR,prabhadevi,dadar,1.2,DOWN,91033,VR,12.0,Unknown,LOCAL,DAILY,Churchgate,Virar,00:17,00:19,0,17,2,prabhadevi -> dadar,91033,LOCAL,Late Night
WR,prabhadevi,dadar,1.2,DOWN,91041,BVI,12.0,Unknown,LOCAL,NOT_SUN,Churchgate,Borivali,00:28,00:30,0,28,2,prabhadevi -> dadar,91041,LOCAL,Late Night
WR,prabhadevi,dadar,1.2,DOWN,94145,BYR,12.0,Unknown,AC,DAILY,Churchgate,Bhayandar,00:32,00:34,0,32,2,prabhadevi -> dadar,94145,AC,Late Night
WR,prabhadevi,dadar,1.2,DOWN,91039,ADH,12.0,Unknown,LOCAL,DAILY,Churchgate,Andheri,00:35,00:37,0,35,2,prabhadevi -> dadar,91039,LOCAL,Late Night
WR,prabhadevi,dadar,1.2,DOWN,91043,VR,12.0,Unknown,LOCAL,DAILY,Churchgate,Virar,00:39,00:41,0,39,2,prabhadevi -> dadar,91043,LOCAL,Late Night
WR,prabhadevi,dadar,1.2,DOWN,91045,BYR,12.0,Unknown,LOCAL,DAILY,Churchgate,Bhayandar,00:47,00:49,0,47,2,prabhadevi -> dadar,91045,LOCAL,Late Night
WR,prabhadevi,dadar,1.2,DOWN,91047,BA,12.0,Unknown,LOCAL,DAILY,Churchgate,Bandra,00:50,00:52,0,50,2,prabhadevi -> dadar,91047,LOCAL,Late Night
WR,prabhadevi,dadar,1.2,DOWN,91049,BVI,12.0,Unknown,LOCAL,DAILY,Churchgate,Borivali,00:57,00:59,0,57,2,prabhadevi -> dadar,91049,LOCAL,Late Night
WR,prabhadevi,dadar,1.2,DOWN,91051,BYR,12.0,Unknown,LOCAL,DAILY,Churchgate,Bhayandar,01:02,01:04,1,2,2,prabhadevi -> dadar,91051,LOCAL,Late Night
WR,prabhadevi,dadar,1.2,DOWN,91053,VR,12.0,Unknown,LOCAL,DAILY,Churchgate,Virar,01:09,01:11,1,9,2,prabhadevi -> dadar,91053,LOCAL,Late Night
WR,prabhadevi,dadar,1.2,DOWN,91055,BVI,12.0,Unknown,LOCAL,DAILY,Churchgate,Borivali,01:19,01:21,1,19,2,prabhadevi -> dadar,91055,LOCAL,Late Night
WR,dadar,matunga_road,1.6,DOWN,91027,NSP,12.0,Unknown,LOCAL,DAILY,Churchgate,Nalla Sopara,00:07,00:09,0,7,2,dadar -> matunga_road,91027,LOCAL,Late Night
WR,dadar,matunga_road,1.6,DOWN,91029,GMN,12.0,Unknown,LOCAL,DAILY,Churchgate,Goregaon,00:10,00:12,0,10,2,dadar -> matunga_road,91029,LOCAL,Late Night
WR,dadar,matunga_road,1.6,DOWN,91031,BVI,12.0,Unknown,LOCAL,DAILY,Churchgate,Borivali,00:13,00:15,0,13,2,dadar -> matunga_road,91031,LOCAL,Late Night
WR,dadar,matunga_road,1.6,DOWN,91033,VR,12.0,Unknown,LOCAL,DAILY,Churchgate,Virar,00:19,00:21,0,19,2,dadar -> matunga_road,91033,LOCAL,Late Night
WR,dadar,matunga_road,1.6,DOWN,91041,BVI,12.0,Unknown,LOCAL,NOT_SUN,Churchgate,Borivali,00:30,00:32,0,30,2,dadar -> matunga_road,91041,LOCAL,Late Night
WR,dadar,matunga_road,1.6,DOWN,94145,BYR,12.0,Unknown,AC,DAILY,Churchgate,Bhayandar,00:34,00:36,0,34,2,dadar -> matunga_road,94145,AC,Late Night
WR,dadar,matunga_road,1.6,DOWN,91039,ADH,12.0,Unknown,LOCAL,DAILY,Churchgate,Andheri,00:37,00:39,0,37,2,dadar -> matunga_road,91039,LOCAL,Late Night
WR,dadar,matunga_road,1.6,DOWN,91043,VR,12.0,Unknown,LOCAL,DAILY,Churchgate,Virar,00:41,00:43,0,41,2,dadar -> matunga_road,91043,LOCAL,Late Night
WR,dadar,matunga_road,1.6,DOWN,91045,BYR,12.0,Unknown,LOCAL,DAILY,Churchgate,Bhayandar,00:49,00:51,0,49,2,dadar -> matunga_road,91045,LOCAL,Late Night
WR,dadar,matunga_road,1.6,DOWN,91047,BA,12.0,Unknown,LOCAL,DAILY,Churchgate,Bandra,00:52,00:54,0,52,2,dadar -> matunga_road,91047,LOCAL,Late Night
WR,dadar,matunga_road,1.6,DOWN,91049,BVI,12.0,Unknown,LOCAL,DAILY,Churchgate,Borivali,00:59,01:01,0,59,2,dadar -> matunga_road,91049,LOCAL,Late Night
WR,dadar,matunga_road,1.6,DOWN,91051,BYR,12.0,Unknown,LOCAL,DAILY,Churchgate,Bhayandar,01:04,01:06,1,4,2,dadar -> matunga_road,91051,LOCAL,Late Night
WR,dadar,matunga_road,1.6,DOWN,91053,VR,12.0,Unknown,LOCAL,DAILY,Churchgate,Virar,01:11,01:13,1,11,2,dadar -> matunga_road,91053,LOCAL,Late Night
WR,dadar,matunga_road,1.6,DOWN,91055,BVI,12.0,Unknown,LOCAL,DAILY,Churchgate,Borivali,01:21,01:23,1,21,2,dadar -> matunga_road,91055,LOCAL,Late Night
WR,matunga_road,mahim_jn,1.2,DOWN,91023,BYR,12.0,Unknown,LOCAL,DAILY,Churchgate,Bhayandar,00:01,00:04,0,1,3,matunga_road -> mahim_jn,91023,LOCAL,Late Night
WR,matunga_road,mahim_jn,1.2,DOWN,91027,NSP,12.0,Unknown,LOCAL,DAILY,Churchgate,Nalla Sopara,00:09,00:12,0,9,3,matunga_road -> mahim_jn,91027,LOCAL,Late Night
WR,matunga_road,mahim_jn,1.2,DOWN,91029,GMN,12.0,Unknown,LOCAL,DAILY,Churchgate,Goregaon,00:12,00:15,0,12,3,matunga_road -> mahim_jn,91029,LOCAL,Late Night
WR,matunga_road,mahim_jn,1.2,DOWN,91031,BVI,12.0,Unknown,LOCAL,DAILY,Churchgate,Borivali,00:15,00:18,0,15,3,matunga_road -> mahim_jn,91031,LOCAL,Late Night
WR,matunga_road,mahim_jn,1.2,DOWN,91033,VR,12.0,Unknown,LOCAL,DAILY,Churchgate,Virar,00:21,00:24,0,21,3,matunga_road -> mahim_jn,91033,LOCAL,Late Night
WR,matunga_road,mahim_jn,1.2,DOWN,91041,BVI,12.0,Unknown,LOCAL,NOT_SUN,Churchgate,Borivali,00:32,00:35,0,32,3,matunga_road -> mahim_jn,91041,LOCAL,Late Night
WR,matunga_road,mahim_jn,1.2,DOWN,94145,BYR,12.0,Unknown,AC,DAILY,Churchgate,Bhayandar,00:36,00:39,0,36,3,matunga_road -> mahim_jn,94145,AC,Late Night
WR,matunga_road,mahim_jn,1.2,DOWN,91039,ADH,12.0,Unknown,LOCAL,DAILY,Churchgate,Andheri,00:39,00:42,0,39,3,matunga_road -> mahim_jn,91039,LOCAL,Late Night
WR,matunga_road,mahim_jn,1.2,DOWN,91043,VR,12.0,Unknown,LOCAL,DAILY,Churchgate,Virar,00:43,00:46,0,43,3,matunga_road -> mahim_jn,91043,LOCAL,Late Night
WR,matunga_road,mahim_jn,1.2,DOWN,91045,BYR,12.0,Unknown,LOCAL,DAILY,Churchgate,Bhayandar,00:51,00:54,0,51,3,matunga_road -> mahim_jn,91045,LOCAL,Late Night
WR,matunga_road,mahim_jn,1.2,DOWN,91047,BA,12.0,Unknown,LOCAL,DAILY,Churchgate,Bandra,00:54,00:57,0,54,3,matunga_road -> mahim_jn,91047,LOCAL,Late Night
WR,matunga_road,mahim_jn,1.2,DOWN,91049,BVI,12.0,Unknown,LOCAL,DAILY,Churchgate,Borivali,01:01,01:04,1,1,3,matunga_road -> mahim_jn,91049,LOCAL,Late Night
WR,matunga_road,mahim_jn,1.2,DOWN,91051,BYR,12.0,Unknown,LOCAL,DAILY,Churchgate,Bhayandar,01:06,01:09,1,6,3,matunga_road -> mahim_jn,91051,LOCAL,Late Night
WR,matunga_road,mahim_jn,1.2,DOWN,91053,VR,12.0,Unknown,LOCAL,DAILY,Churchgate,Virar,01:13,01:16,1,13,3,matunga_road -> mahim_jn,91053,LOCAL,Late Night
WR,matunga_road,mahim_jn,1.2,DOWN,91055,BVI,12.0,Unknown,LOCAL,DAILY,Churchgate,Borivali,01:23,01:26,1,23,3,matunga_road -> mahim_jn,91055,LOCAL,Late Night
WR,mahim_jn,bandra,1.7,DOWN,91023,BYR,12.0,Unknown,LOCAL,DAILY,Churchgate,Bhayandar,00:04,00:08,0,4,4,mahim_jn -> bandra,91023,LOCAL,Late Night
WR,mahim_jn,bandra,1.7,DOWN,91027,NSP,12.0,Unknown,LOCAL,DAILY,Churchgate,Nalla Sopara,00:12,00:16,0,12,4,mahim_jn -> bandra,91027,LOCAL,Late Night
WR,mahim_jn,bandra,1.7,DOWN,91029,GMN,12.0,Unknown,LOCAL,DAILY,Churchgate,Goregaon,00:15,00:19,0,15,4,mahim_jn -> bandra,91029,LOCAL,Late Night
WR,mahim_jn,bandra,1.7,DOWN,91031,BVI,12.0,Unknown,LOCAL,DAILY,Churchgate,Borivali,00:18,00:22,0,18,4,mahim_jn -> bandra,91031,LOCAL,Late Night
WR,mahim_jn,bandra,1.7,DOWN,91033,VR,12.0,Unknown,LOCAL,DAILY,Churchgate,Virar,00:24,00:28,0,24,4,mahim_jn -> bandra,91033,LOCAL,Late Night
WR,mahim_jn,bandra,1.7,DOWN,91041,BVI,12.0,Unknown,LOCAL,NOT_SUN,Churchgate,Borivali,00:35,00:40,0,35,5,mahim_jn -> bandra,91041,LOCAL,Late Night
WR,mahim_jn,bandra,1.7,DOWN,94145,BYR,12.0,Unknown,AC,DAILY,Churchgate,Bhayandar,00:39,00:44,0,39,5,mahim_jn -> bandra,94145,AC,Late Night
WR,mahim_jn,bandra,1.7,DOWN,91039,ADH,12.0,Unknown,LOCAL,DAILY,Churchgate,Andheri,00:42,00:47,0,42,5,mahim_jn -> bandra,91039,LOCAL,Late Night
WR,mahim_jn,bandra,1.7,DOWN,91043,VR,12.0,Unknown,LOCAL,DAILY,Churchgate,Virar,00:46,00:50,0,46,4,mahim_jn -> bandra,91043,LOCAL,Late Night
WR,mahim_jn,bandra,1.7,DOWN,91045,BYR,12.0,Unknown,LOCAL,DAILY,Churchgate,Bhayandar,00:54,00:58,0,54,4,mahim_jn -> bandra,91045,LOCAL,Late Night
WR,mahim_jn,bandra,1.7,DOWN,91047,BA,12.0,Unknown,LOCAL,DAILY,Churchgate,Bandra,00:57,01:02,0,57,5,mahim_jn -> bandra,91047,LOCAL,Late Night
WR,mahim_jn,bandra,1.7,DOWN,91049,BVI,12.0,Unknown,LOCAL,DAILY,Churchgate,Borivali,01:04,01:08,1,4,4,mahim_jn -> bandra,91049,LOCAL,Late Night
WR,mahim_jn,bandra,1.7,DOWN,91051,BYR,12.0,Unknown,LOCAL,DAILY,Churchgate,Bhayandar,01:09,01:13,1,9,4,mahim_jn -> bandra,91051,LOCAL,Late Night
WR,mahim_jn,bandra,1.7,DOWN,91053,VR,12.0,Unknown,LOCAL,DAILY,Churchgate,Virar,01:16,01:21,1,16,5,mahim_jn -> bandra,91053,LOCAL,Late Night
WR,mahim_jn,bandra,1.7,DOWN,91055,BVI,12.0,Unknown,LOCAL,DAILY,Churchgate,Borivali,01:26,01:30,1,26,4,mahim_jn -> bandra,91055,LOCAL,Late Night
WR,bandra,khar_road,1.6,DOWN,91023,BYR,12.0,Unknown,LOCAL,DAILY,Churchgate,Bhayandar,00:08,00:11,0,8,3,bandra -> khar_road,91023,LOCAL,Late Night
WR,bandra,khar_road,1.6,DOWN,91027,NSP,12.0,Unknown,LOCAL,DAILY,Churchgate,Nalla Sopara,00:16,00:19,0,16,3,bandra -> khar_road,91027,LOCAL,Late Night
WR,bandra,khar_road,1.6,DOWN,91029,GMN,12.0,Unknown,LOCAL,DAILY,Churchgate,Goregaon,00:19,00:22,0,19,3,bandra -> khar_road,91029,LOCAL,Late Night
WR,bandra,khar_road,1.6,DOWN,91031,BVI,12.0,Unknown,LOCAL,DAILY,Churchgate,Borivali,00:22,00:26,0,22,4,bandra -> khar_road,91031,LOCAL,Late Night
WR,bandra,khar_road,1.6,DOWN,91033,VR,12.0,Unknown,LOCAL,DAILY,Churchgate,Virar,00:28,00:31,0,28,3,bandra -> khar_road,91033,LOCAL,Late Night
WR,bandra,khar_road,1.6,DOWN,91041,BVI,12.0,Unknown,LOCAL,NOT_SUN,Churchgate,Borivali,00:40,00:43,0,40,3,bandra -> khar_road,91041,LOCAL,Late Night
WR,bandra,khar_road,1.6,DOWN,94145,BYR,12.0,Unknown,AC,DAILY,Churchgate,Bhayandar,00:44,00:47,0,44,3,bandra -> khar_road,94145,AC,Late Night
WR,bandra,khar_road,1.6,DOWN,91039,ADH,12.0,Unknown,LOCAL,DAILY,Churchgate,Andheri,00:47,00:50,0,47,3,bandra -> khar_road,91039,LOCAL,Late Night
WR,bandra,khar_road,1.6,DOWN,91043,VR,12.0,Unknown,LOCAL,DAILY,Churchgate,Virar,00:50,00:53,0,50,3,bandra -> khar_road,91043,LOCAL,Late Night
WR,bandra,khar_road,1.6,DOWN,91045,BYR,12.0,Unknown,LOCAL,DAILY,Churchgate,Bhayandar,00:58,01:01,0,58,3,bandra -> khar_road,91045,LOCAL,Late Night
WR,bandra,khar_road,1.6,DOWN,91049,BVI,12.0,Unknown,LOCAL,DAILY,Churchgate,Borivali,01:08,01:11,1,8,3,bandra -> khar_road,91049,LOCAL,Late Night
WR,bandra,khar_road,1.6,DOWN,91051,BYR,12.0,Unknown,LOCAL,DAILY,Churchgate,Bhayandar,01:13,01:16,1,13,3,bandra -> khar_road,91051,LOCAL,Late Night
WR,bandra,khar_road,1.6,DOWN,91053,VR,12.0,Unknown,LOCAL,DAILY,Churchgate,Virar,01:21,01:24,1,21,3,bandra -> khar_road,91053,LOCAL,Late Night
WR,bandra,khar_road,1.6,DOWN,91055,BVI,12.0,Unknown,LOCAL,DAILY,Churchgate,Borivali,01:30,01:33,1,30,3,bandra -> khar_road,91055,LOCAL,Late Night
WR,khar_road,santa_cruz,1.3,DOWN,91019,BYR,12.0,Unknown,LOCAL,DAILY,Churchgate,Bhayandar,00:01,00:04,0,1,3,khar_road -> santa_cruz,91019,LOCAL,Late Night
WR,khar_road,santa_cruz,1.3,DOWN,91023,BYR,12.0,Unknown,LOCAL,DAILY,Churchgate,Bhayandar,00:11,00:14,0,11,3,khar_road -> santa_cruz,91023,LOCAL,Late Night
WR,khar_road,santa_cruz,1.3,DOWN,91027,NSP,12.0,Unknown,LOCAL,DAILY,Churchgate,Nalla Sopara,00:19,00:21,0,19,2,khar_road -> santa_cruz,91027,LOCAL,Late Night
WR,khar_road,santa_cruz,1.3,DOWN,91029,GMN,12.0,Unknown,LOCAL,DAILY,Churchgate,Goregaon,00:22,00:24,0,22,2,khar_road -> santa_cruz,91029,LOCAL,Late Night
WR,khar_road,santa_cruz,1.3,DOWN,91031,BVI,12.0,Unknown,LOCAL,DAILY,Churchgate,Borivali,00:26,00:28,0,26,2,khar_road -> santa_cruz,91031,LOCAL,Late Night
WR,khar_road,santa_cruz,1.3,DOWN,91033,VR,12.0,Unknown,LOCAL,DAILY,Churchgate,Virar,00:31,00:33,0,31,2,khar_road -> santa_cruz,91033,LOCAL,Late Night
WR,khar_road,santa_cruz,1.3,DOWN,91041,BVI,12.0,Unknown,LOCAL,NOT_SUN,Churchgate,Borivali,00:43,00:45,0,43,2,khar_road -> santa_cruz,91041,LOCAL,Late Night
WR,khar_road,santa_cruz,1.3,DOWN,94145,BYR,12.0,Unknown,AC,DAILY,Churchgate,Bhayandar,00:47,00:49,0,47,2,khar_road -> santa_cruz,94145,AC,Late Night
WR,khar_road,santa_cruz,1.3,DOWN,91039,ADH,12.0,Unknown,LOCAL,DAILY,Churchgate,Andheri,00:50,00:52,0,50,2,khar_road -> santa_cruz,91039,LOCAL,Late Night
WR,khar_road,santa_cruz,1.3,DOWN,91043,VR,12.0,Unknown,LOCAL,DAILY,Churchgate,Virar,00:53,00:55,0,53,2,khar_road -> santa_cruz,91043,LOCAL,Late Night
WR,khar_road,santa_cruz,1.3,DOWN,91045,BYR,12.0,Unknown,LOCAL,DAILY,Churchgate,Bhayandar,01:01,01:03,1,1,2,khar_road -> santa_cruz,91045,LOCAL,Late Night
WR,khar_road,santa_cruz,1.3,DOWN,91049,BVI,12.0,Unknown,LOCAL,DAILY,Churchgate,Borivali,01:11,01:13,1,11,2,khar_road -> santa_cruz,91049,LOCAL,Late Night
WR,khar_road,santa_cruz,1.3,DOWN,91051,BYR,12.0,Unknown,LOCAL,DAILY,Churchgate,Bhayandar,01:16,01:18,1,16,2,khar_road -> santa_cruz,91051,LOCAL,Late Night
WR,khar_road,santa_cruz,1.3,DOWN,91053,VR,12.0,Unknown,LOCAL,DAILY,Churchgate,Virar,01:24,01:26,1,24,2,khar_road -> santa_cruz,91053,LOCAL,Late Night
WR,khar_road,santa_cruz,1.3,DOWN,91055,BVI,12.0,Unknown,LOCAL,DAILY,Churchgate,Borivali,01:33,01:35,1,33,2,khar_road -> santa_cruz,91055,LOCAL,Late Night
WR,santa_cruz,vile_parle,2.1,DOWN,91019,BYR,12.0,Unknown,LOCAL,DAILY,Churchgate,Bhayandar,00:04,00:07,0,4,3,santa_cruz -> vile_parle,91019,LOCAL,Late Night
WR,santa_cruz,vile_parle,2.1,DOWN,91023,BYR,12.0,Unknown,LOCAL,DAILY,Churchgate,Bhayandar,00:14,00:17,0,14,3,santa_cruz -> vile_parle,91023,LOCAL,Late Night
WR,santa_cruz,vile_parle,2.1,DOWN,91027,NSP,12.0,Unknown,LOCAL,DAILY,Churchgate,Nalla Sopara,00:21,00:24,0,21,3,santa_cruz -> vile_parle,91027,LOCAL,Late Night
WR,santa_cruz,vile_parle,2.1,DOWN,91029,GMN,12.0,Unknown,LOCAL,DAILY,Churchgate,Goregaon,00:24,00:27,0,24,3,santa_cruz -> vile_parle,91029,LOCAL,Late Night
WR,santa_cruz,vile_parle,2.1,DOWN,91031,BVI,12.0,Unknown,LOCAL,DAILY,Churchgate,Borivali,00:28,00:31,0,28,3,santa_cruz -> vile_parle,91031,LOCAL,Late Night
WR,santa_cruz,vile_parle,2.1,DOWN,91033,VR,12.0,Unknown,LOCAL,DAILY,Churchgate,Virar,00:33,00:36,0,33,3,santa_cruz -> vile_parle,91033,LOCAL,Late Night
WR,santa_cruz,vile_parle,2.1,DOWN,91041,BVI,12.0,Unknown,LOCAL,NOT_SUN,Churchgate,Borivali,00:45,00:48,0,45,3,santa_cruz -> vile_parle,91041,LOCAL,Late Night
WR,santa_cruz,vile_parle,2.1,DOWN,94145,BYR,12.0,Unknown,AC,DAILY,Churchgate,Bhayandar,00:49,00:52,0,49,3,santa_cruz -> vile_parle,94145,AC,Late Night
WR,santa_cruz,vile_parle,2.1,DOWN,91039,ADH,12.0,Unknown,LOCAL,DAILY,Churchgate,Andheri,00:52,00:55,0,52,3,santa_cruz -> vile_parle,91039,LOCAL,Late Night
WR,santa_cruz,vile_parle,2.1,DOWN,91043,VR,12.0,Unknown,LOCAL,DAILY,Churchgate,Virar,00:55,00:58,0,55,3,santa_cruz -> vile_parle,91043,LOCAL,Late Night
WR,santa_cruz,vile_parle,2.1,DOWN,91045,BYR,12.0,Unknown,LOCAL,DAILY,Churchgate,Bhayandar,01:03,01:06,1,3,3,santa_cruz -> vile_parle,91045,LOCAL,Late Night
WR,santa_cruz,vile_parle,2.1,DOWN,91049,BVI,12.0,Unknown,LOCAL,DAILY,Churchgate,Borivali,01:13,01:16,1,13,3,santa_cruz -> vile_parle,91049,LOCAL,Late Night
WR,santa_cruz,vile_parle,2.1,DOWN,91051,BYR,12.0,Unknown,LOCAL,DAILY,Churchgate,Bhayandar,01:18,01:21,1,18,3,santa_cruz -> vile_parle,91051,LOCAL,Late Night
WR,santa_cruz,vile_parle,2.1,DOWN,91053,VR,12.0,Unknown,LOCAL,DAILY,Churchgate,Virar,01:26,01:29,1,26,3,santa_cruz -> vile_parle,91053,LOCAL,Late Night
WR,santa_cruz,vile_parle,2.1,DOWN,91055,BVI,12.0,Unknown,LOCAL,DAILY,Churchgate,Borivali,01:35,01:38,1,35,3,santa_cruz -> vile_parle,91055,LOCAL,Late Night
WR,vile_parle,andheri,2.2,DOWN,91019,BYR,12.0,Unknown,LOCAL,DAILY,Churchgate,Bhayandar,00:07,00:14,0,7,7,vile_parle -> andheri,91019,LOCAL,Late Night
WR,vile_parle,andheri,2.2,DOWN,91023,BYR,12.0,Unknown,LOCAL,DAILY,Churchgate,Bhayandar,00:17,00:22,0,17,5,vile_parle -> andheri,91023,LOCAL,Late Night
WR,vile_parle,andheri,2.2,DOWN,91027,NSP,12.0,Unknown,LOCAL,DAILY,Churchgate,Nalla Sopara,00:24,00:30,0,24,6,vile_parle -> andheri,91027,LOCAL,Late Night
WR,vile_parle,andheri,2.2,DOWN,91029,GMN,12.0,Unknown,LOCAL,DAILY,Churchgate,Goregaon,00:27,00:33,0,27,6,vile_parle -> andheri,91029,LOCAL,Late Night
WR,vile_parle,andheri,2.2,DOWN,91031,BVI,12.0,Unknown,LOCAL,DAILY,Churchgate,Borivali,00:31,00:37,0,31,6,vile_parle -> andheri,91031,LOCAL,Late Night
WR,vile_parle,andheri,2.2,DOWN,91033,VR,12.0,Unknown,LOCAL,DAILY,Churchgate,Virar,00:36,00:42,0,36,6,vile_parle -> andheri,91033,LOCAL,Late Night
WR,vile_parle,andheri,2.2,DOWN,91041,BVI,12.0,Unknown,LOCAL,NOT_SUN,Churchgate,Borivali,00:48,00:53,0,48,5,vile_parle -> andheri,91041,LOCAL,Late Night
WR,vile_parle,andheri,2.2,DOWN,94145,BYR,12.0,Unknown,AC,DAILY,Churchgate,Bhayandar,00:52,00:57,0,52,5,vile_parle -> andheri,94145,AC,Late Night
WR,vile_parle,andheri,2.2,DOWN,91039,ADH,12.0,Unknown,LOCAL,DAILY,Churchgate,Andheri,00:55,01:00,0,55,5,vile_parle -> andheri,91039,LOCAL,Late Night
WR,vile_parle,andheri,2.2,DOWN,91043,VR,12.0,Unknown,LOCAL,DAILY,Churchgate,Virar,00:58,01:04,0,58,6,vile_parle -> andheri,91043,LOCAL,Late Night
WR,vile_parle,andheri,2.2,DOWN,91045,BYR,12.0,Unknown,LOCAL,DAILY,Churchgate,Bhayandar,01:06,01:11,1,6,5,vile_parle -> andheri,91045,LOCAL,Late Night
WR,vile_parle,andheri,2.2,DOWN,91049,BVI,12.0,Unknown,LOCAL,DAILY,Churchgate,Borivali,01:16,01:22,1,16,6,vile_parle -> andheri,91049,LOCAL,Late Night
WR,vile_parle,andheri,2.2,DOWN,91051,BYR,12.0,Unknown,LOCAL,DAILY,Churchgate,Bhayandar,01:21,01:27,1,21,6,vile_parle -> andheri,91051,LOCAL,Late Night
WR,vile_parle,andheri,2.2,DOWN,91053,VR,12.0,Unknown,LOCAL,DAILY,Churchgate,Virar,01:29,01:34,1,29,5,vile_parle -> andheri,91053,LOCAL,Late Night
WR,vile_parle,andheri,2.2,DOWN,91055,BVI,12.0,Unknown,LOCAL,DAILY,Churchgate,Borivali,01:38,01:44,1,38,6,vile_parle -> andheri,91055,LOCAL,Late Night
WR,andheri,jogeshwari,1.7,DOWN,91015,BYR,12.0,Unknown,LOCAL,DAILY,Churchgate,Bhayandar,00:05,00:08,0,5,3,andheri -> jogeshwari,91015,LOCAL,Late Night
WR,andheri,jogeshwari,1.7,DOWN,91025,VR,12.0,Unknown,LOCAL,DAILY,Churchgate,Virar,00:11,00:14,0,11,3,andheri -> jogeshwari,91025,LOCAL,Late Night
WR,andheri,jogeshwari,1.7,DOWN,91019,BYR,12.0,Unknown,LOCAL,DAILY,Churchgate,Bhayandar,00:14,00:17,0,14,3,andheri -> jogeshwari,91019,LOCAL,Late Night
WR,andheri,jogeshwari,1.7,DOWN,91023,BYR,12.0,Unknown,LOCAL,DAILY,Churchgate,Bhayandar,00:22,00:25,0,22,3,andheri -> jogeshwari,91023,LOCAL,Late Night
WR,andheri,jogeshwari,1.7,DOWN,91027,NSP,12.0,Unknown,LOCAL,DAILY,Churchgate,Nalla Sopara,00:30,00:33,0,30,3,andheri -> jogeshwari,91027,LOCAL,Late Night
WR,andheri,jogeshwari,1.7,DOWN,91029,GMN,12.0,Unknown,LOCAL,DAILY,Churchgate,Goregaon,00:33,00:36,0,33,3,andheri -> jogeshwari,91029,LOCAL,Late Night
WR,andheri,jogeshwari,1.7,DOWN,91031,BVI,12.0,Unknown,LOCAL,DAILY,Churchgate,Borivali,00:37,00:40,0,37,3,andheri -> jogeshwari,91031,LOCAL,Late Night
WR,andheri,jogeshwari,1.7,DOWN,91033,VR,12.0,Unknown,LOCAL,DAILY,Churchgate,Virar,00:42,00:45,0,42,3,andheri -> jogeshwari,91033,LOCAL,Late Night
WR,andheri,jogeshwari,1.7,DOWN,91035,BYR,12.0,Unknown,LOCAL,DAILY,Andheri,Bhayandar,00:46,00:49,0,46,3,andheri -> jogeshwari,91035,LOCAL,Late Night
WR,andheri,jogeshwari,1.7,DOWN,91041,BVI,12.0,Unknown,LOCAL,NOT_SUN,Churchgate,Borivali,00:53,00:56,0,53,3,andheri -> jogeshwari,91041,LOCAL,Late Night
WR,andheri,jogeshwari,1.7,DOWN,94145,BYR,12.0,Unknown,AC,DAILY,Churchgate,Bhayandar,00:57,01:00,0,57,3,andheri -> jogeshwari,94145,AC,Late Night
WR,andheri,jogeshwari,1.7,DOWN,91043,VR,12.0,Unknown,LOCAL,DAILY,Churchgate,Virar,01:04,01:07,1,4,3,andheri -> jogeshwari,91043,LOCAL,Late Night
WR,andheri,jogeshwari,1.7,DOWN,91045,BYR,12.0,Unknown,LOCAL,DAILY,Churchgate,Bhayandar,01:11,01:14,1,11,3,andheri -> jogeshwari,91045,LOCAL,Late Night
WR,andheri,jogeshwari,1.7,DOWN,91049,BVI,12.0,Unknown,LOCAL,DAILY,Churchgate,Borivali,01:22,01:25,1,22,3,andheri -> jogeshwari,91049,LOCAL,Late Night
WR,andheri,jogeshwari,1.7,DOWN,91051,BYR,12.0,Unknown,LOCAL,DAILY,Churchgate,Bhayandar,01:27,01:30,1,27,3,andheri -> jogeshwari,91051,LOCAL,Late Night
WR,andheri,jogeshwari,1.7,DOWN,91053,VR,12.0,Unknown,LOCAL,DAILY,Churchgate,Virar,01:34,01:37,1,34,3,andheri -> jogeshwari,91053,LOCAL,Late Night
WR,andheri,jogeshwari,1.7,DOWN,91055,BVI,12.0,Unknown,LOCAL,DAILY,Churchgate,Borivali,01:44,01:47,1,44,3,andheri -> jogeshwari,91055,LOCAL,Late Night
WR,jogeshwari,ram_mandir,1.8,DOWN,91011,BVI,12.0,Unknown,LOCAL,DAILY,Churchgate,Borivali,00:02,00:05,0,2,3,jogeshwari -> ram_mandir,91011,LOCAL,Late Night
WR,jogeshwari,ram_mandir,1.8,DOWN,91015,BYR,12.0,Unknown,LOCAL,DAILY,Churchgate,Bhayandar,00:08,00:11,0,8,3,jogeshwari -> ram_mandir,91015,LOCAL,Late Night
WR,jogeshwari,ram_mandir,1.8,DOWN,91019,BYR,12.0,Unknown,LOCAL,DAILY,Churchgate,Bhayandar,00:17,00:20,0,17,3,jogeshwari -> ram_mandir,91019,LOCAL,Late Night
WR,jogeshwari,ram_mandir,1.8,DOWN,91023,BYR,12.0,Unknown,LOCAL,DAILY,Churchgate,Bhayandar,00:25,00:28,0,25,3,jogeshwari -> ram_mandir,91023,LOCAL,Late Night
WR,jogeshwari,ram_mandir,1.8,DOWN,91027,NSP,12.0,Unknown,LOCAL,DAILY,Churchgate,Nalla Sopara,00:33,00:36,0,33,3,jogeshwari -> ram_mandir,91027,LOCAL,Late Night
WR,jogeshwari,ram_mandir,1.8,DOWN,91029,GMN,12.0,Unknown,LOCAL,DAILY,Churchgate,Goregaon,00:36,00:39,0,36,3,jogeshwari -> ram_mandir,91029,LOCAL,Late Night
WR,jogeshwari,ram_mandir,1.8,DOWN,91031,BVI,12.0,Unknown,LOCAL,DAILY,Churchgate,Borivali,00:40,00:43,0,40,3,jogeshwari -> ram_mandir,91031,LOCAL,Late Night
WR,jogeshwari,ram_mandir,1.8,DOWN,91033,VR,12.0,Unknown,LOCAL,DAILY,Churchgate,Virar,00:45,00:48,0,45,3,jogeshwari -> ram_mandir,91033,LOCAL,Late Night
WR,jogeshwari,ram_mandir,1.8,DOWN,91035,BYR,12.0,Unknown,LOCAL,DAILY,Andheri,Bhayandar,00:49,00:52,0,49,3,jogeshwari -> ram_mandir,91035,LOCAL,Late Night
WR,jogeshwari,ram_mandir,1.8,DOWN,91041,BVI,12.0,Unknown,LOCAL,NOT_SUN,Churchgate,Borivali,00:56,00:59,0,56,3,jogeshwari -> ram_mandir,91041,LOCAL,Late Night
WR,jogeshwari,ram_mandir,1.8,DOWN,94145,BYR,12.0,Unknown,AC,DAILY,Churchgate,Bhayandar,01:00,01:03,1,0,3,jogeshwari -> ram_mandir,94145,AC,Late Night
WR,jogeshwari,ram_mandir,1.8,DOWN,91043,VR,12.0,Unknown,LOCAL,DAILY,Churchgate,Virar,01:07,01:10,1,7,3,jogeshwari -> ram_mandir,91043,LOCAL,Late Night
WR,jogeshwari,ram_mandir,1.8,DOWN,91045,BYR,12.0,Unknown,LOCAL,DAILY,Churchgate,Bhayandar,01:14,01:17,1,14,3,jogeshwari -> ram_mandir,91045,LOCAL,Late Night
WR,jogeshwari,ram_mandir,1.8,DOWN,91049,BVI,12.0,Unknown,LOCAL,DAILY,Churchgate,Borivali,01:25,01:28,1,25,3,jogeshwari -> ram_mandir,91049,LOCAL,Late Night
WR,jogeshwari,ram_mandir,1.8,DOWN,91051,BYR,12.0,Unknown,LOCAL,DAILY,Churchgate,Bhayandar,01:30,01:33,1,30,3,jogeshwari -> ram_mandir,91051,LOCAL,Late Night
WR,jogeshwari,ram_mandir,1.8,DOWN,91053,VR,12.0,Unknown,LOCAL,DAILY,Churchgate,Virar,01:37,01:40,1,37,3,jogeshwari -> ram_mandir,91053,LOCAL,Late Night
WR,jogeshwari,ram_mandir,1.8,DOWN,91055,BVI,12.0,Unknown,LOCAL,DAILY,Churchgate,Borivali,01:47,01:50,1,47,3,jogeshwari -> ram_mandir,91055,LOCAL,Late Night
WR,ram_mandir,goregaon,1.6,DOWN,91011,BVI,12.0,Unknown,LOCAL,DAILY,Churchgate,Borivali,00:05,00:07,0,5,2,ram_mandir -> goregaon,91011,LOCAL,Late Night
WR,ram_mandir,goregaon,1.6,DOWN,91015,BYR,12.0,Unknown,LOCAL,DAILY,Churchgate,Bhayandar,00:11,00:13,0,11,2,ram_mandir -> goregaon,91015,LOCAL,Late Night
WR,ram_mandir,goregaon,1.6,DOWN,91019,BYR,12.0,Unknown,LOCAL,DAILY,Churchgate,Bhayandar,00:20,00:23,0,20,3,ram_mandir -> goregaon,91019,LOCAL,Late Night
WR,ram_mandir,goregaon,1.6,DOWN,91023,BYR,12.0,Unknown,LOCAL,DAILY,Churchgate,Bhayandar,00:28,00:30,0,28,2,ram_mandir -> goregaon,91023,LOCAL,Late Night
WR,ram_mandir,goregaon,1.6,DOWN,91027,NSP,12.0,Unknown,LOCAL,DAILY,Churchgate,Nalla Sopara,00:36,00:38,0,36,2,ram_mandir -> goregaon,91027,LOCAL,Late Night
WR,ram_mandir,goregaon,1.6,DOWN,91029,GMN,12.0,Unknown,LOCAL,DAILY,Churchgate,Goregaon,00:39,00:45,0,39,6,ram_mandir -> goregaon,91029,LOCAL,Late Night
WR,ram_mandir,goregaon,1.6,DOWN,91031,BVI,12.0,Unknown,LOCAL,DAILY,Churchgate,Borivali,00:43,00:45,0,43,2,ram_mandir -> goregaon,91031,LOCAL,Late Night
WR,ram_mandir,goregaon,1.6,DOWN,91033,VR,12.0,Unknown,LOCAL,DAILY,Churchgate,Virar,00:48,00:50,0,48,2,ram_mandir -> goregaon,91033,LOCAL,Late Night
WR,ram_mandir,goregaon,1.6,DOWN,91035,BYR,12.0,Unknown,LOCAL,DAILY,Andheri,Bhayandar,00:52,00:54,0,52,2,ram_mandir -> goregaon,91035,LOCAL,Late Night
WR,ram_mandir,goregaon,1.6,DOWN,91041,BVI,12.0,Unknown,LOCAL,NOT_SUN,Churchgate,Borivali,00:59,01:01,0,59,2,ram_mandir -> goregaon,91041,LOCAL,Late Night
WR,ram_mandir,goregaon,1.6,DOWN,94145,BYR,12.0,Unknown,AC,DAILY,Churchgate,Bhayandar,01:03,01:05,1,3,2,ram_mandir -> goregaon,94145,AC,Late Night
WR,ram_mandir,goregaon,1.6,DOWN,91043,VR,12.0,Unknown,LOCAL,DAILY,Churchgate,Virar,01:10,01:12,1,10,2,ram_mandir -> goregaon,91043,LOCAL,Late Night
WR,ram_mandir,goregaon,1.6,DOWN,91045,BYR,12.0,Unknown,LOCAL,DAILY,Churchgate,Bhayandar,01:17,01:19,1,17,2,ram_mandir -> goregaon,91045,LOCAL,Late Night
WR,ram_mandir,goregaon,1.6,DOWN,91049,BVI,12.0,Unknown,LOCAL,DAILY,Churchgate,Borivali,01:28,01:30,1,28,2,ram_mandir -> goregaon,91049,LOCAL,Late Night
WR,ram_mandir,goregaon,1.6,DOWN,91051,BYR,12.0,Unknown,LOCAL,DAILY,Churchgate,Bhayandar,01:33,01:35,1,33,2,ram_mandir -> goregaon,91051,LOCAL,Late Night
WR,ram_mandir,goregaon,1.6,DOWN,91053,VR,12.0,Unknown,LOCAL,DAILY,Churchgate,Virar,01:40,01:42,1,40,2,ram_mandir -> goregaon,91053,LOCAL,Late Night
WR,ram_mandir,goregaon,1.6,DOWN,91055,BVI,12.0,Unknown,LOCAL,DAILY,Churchgate,Borivali,01:50,01:52,1,50,2,ram_mandir -> goregaon,91055,LOCAL,Late Night
WR,goregaon,malad,2.4,DOWN,91007,BYR,12.0,Unknown,LOCAL,DAILY,Churchgate,Bhayandar,00:00,00:04,0,0,4,goregaon -> malad,91007,LOCAL,Late Night
WR,goregaon,malad,2.4,DOWN,91017,VR,12.0,Unknown,LOCAL,DAILY,Churchgate,Virar,00:05,00:09,0,5,4,goregaon -> malad,91017,LOCAL,Late Night
WR,goregaon,malad,2.4,DOWN,91011,BVI,12.0,Unknown,LOCAL,DAILY,Churchgate,Borivali,00:07,00:11,0,7,4,goregaon -> malad,91011,LOCAL,Late Night
WR,goregaon,malad,2.4,DOWN,91015,BYR,12.0,Unknown,LOCAL,DAILY,Churchgate,Bhayandar,00:13,00:17,0,13,4,goregaon -> malad,91015,LOCAL,Late Night
WR,goregaon,malad,2.4,DOWN,91025,VR,12.0,Unknown,LOCAL,DAILY,Churchgate,Virar,00:19,00:23,0,19,4,goregaon -> malad,91025,LOCAL,Late Night
WR,goregaon,malad,2.4,DOWN,91019,BYR,12.0,Unknown,LOCAL,DAILY,Churchgate,Bhayandar,00:23,00:27,0,23,4,goregaon -> malad,91019,LOCAL,Late Night
WR,goregaon,malad,2.4,DOWN,91023,BYR,12.0,Unknown,LOCAL,DAILY,Churchgate,Bhayandar,00:30,00:34,0,30,4,goregaon -> malad,91023,LOCAL,Late Night
WR,goregaon,malad,2.4,DOWN,91027,NSP,12.0,Unknown,LOCAL,DAILY,Churchgate,Nalla Sopara,00:38,00:42,0,38,4,goregaon -> malad,91027,LOCAL,Late Night
WR,goregaon,malad,2.4,DOWN,91031,BVI,12.0,Unknown,LOCAL,DAILY,Churchgate,Borivali,00:45,00:49,0,45,4,goregaon -> malad,91031,LOCAL,Late Night
WR,goregaon,malad,2.4,DOWN,91033,VR,12.0,Unknown,LOCAL,DAILY,Churchgate,Virar,00:50,00:54,0,50,4,goregaon -> malad,91033,LOCAL,Late Night
WR,goregaon,malad,2.4,DOWN,91035,BYR,12.0,Unknown,LOCAL,DAILY,Andheri,Bhayandar,00:54,00:58,0,54,4,goregaon -> malad,91035,LOCAL,Late Night
WR,goregaon,malad,2.4,DOWN,91041,BVI,12.0,Unknown,LOCAL,NOT_SUN,Churchgate,Borivali,01:01,01:05,1,1,4,goregaon -> malad,91041,LOCAL,Late Night
WR,goregaon,malad,2.4,DOWN,94145,BYR,12.0,Unknown,AC,DAILY,Churchgate,Bhayandar,01:05,01:09,1,5,4,goregaon -> malad,94145,AC,Late Night
WR,goregaon,malad,2.4,DOWN,91043,VR,12.0,Unknown,LOCAL,DAILY,Churchgate,Virar,01:12,01:16,1,12,4,goregaon -> malad,91043,LOCAL,Late Night
WR,goregaon,malad,2.4,DOWN,91045,BYR,12.0,Unknown,LOCAL,DAILY,Churchgate,Bhayandar,01:19,01:23,1,19,4,goregaon -> malad,91045,LOCAL,Late Night
WR,goregaon,malad,2.4,DOWN,91049,BVI,12.0,Unknown,LOCAL,DAILY,Churchgate,Borivali,01:30,01:34,1,30,4,goregaon -> malad,91049,LOCAL,Late Night
WR,goregaon,malad,2.4,DOWN,91051,BYR,12.0,Unknown,LOCAL,DAILY,Churchgate,Bhayandar,01:35,01:39,1,35,4,goregaon -> malad,91051,LOCAL,Late Night
WR,goregaon,malad,2.4,DOWN,91053,VR,12.0,Unknown,LOCAL,DAILY,Churchgate,Virar,01:42,01:46,1,42,4,goregaon -> malad,91053,LOCAL,Late Night
WR,goregaon,malad,2.4,DOWN,91055,BVI,12.0,Unknown,LOCAL,DAILY,Churchgate,Borivali,01:52,01:56,1,52,4,goregaon -> malad,91055,LOCAL,Late Night
WR,malad,kandivali,1.9,DOWN,91007,BYR,12.0,Unknown,LOCAL,DAILY,Churchgate,Bhayandar,00:04,00:07,0,4,3,malad -> kandivali,91007,LOCAL,Late Night
WR,malad,kandivali,1.9,DOWN,91017,VR,12.0,Unknown,LOCAL,DAILY,Churchgate,Virar,00:09,00:12,0,9,3,malad -> kandivali,91017,LOCAL,Late Night
WR,malad,kandivali,1.9,DOWN,91011,BVI,12.0,Unknown,LOCAL,DAILY,Churchgate,Borivali,00:11,00:14,0,11,3,malad -> kandivali,91011,LOCAL,Late Night
WR,malad,kandivali,1.9,DOWN,91015,BYR,12.0,Unknown,LOCAL,DAILY,Churchgate,Bhayandar,00:17,00:20,0,17,3,malad -> kandivali,91015,LOCAL,Late Night
WR,malad,kandivali,1.9,DOWN,91025,VR,12.0,Unknown,LOCAL,DAILY,Churchgate,Virar,00:23,00:26,0,23,3,malad -> kandivali,91025,LOCAL,Late Night
WR,malad,kandivali,1.9,DOWN,91019,BYR,12.0,Unknown,LOCAL,DAILY,Churchgate,Bhayandar,00:27,00:30,0,27,3,malad -> kandivali,91019,LOCAL,Late Night
WR,malad,kandivali,1.9,DOWN,91023,BYR,12.0,Unknown,LOCAL,DAILY,Churchgate,Bhayandar,00:34,00:37,0,34,3,malad -> kandivali,91023,LOCAL,Late Night
WR,malad,kandivali,1.9,DOWN,91027,NSP,12.0,Unknown,LOCAL,DAILY,Churchgate,Nalla Sopara,00:42,00:45,0,42,3,malad -> kandivali,91027,LOCAL,Late Night
WR,malad,kandivali,1.9,DOWN,91031,BVI,12.0,Unknown,LOCAL,DAILY,Churchgate,Borivali,00:49,00:52,0,49,3,malad -> kandivali,91031,LOCAL,Late Night
WR,malad,kandivali,1.9,DOWN,91033,VR,12.0,Unknown,LOCAL,DAILY,Churchgate,Virar,00:54,00:57,0,54,3,malad -> kandivali,91033,LOCAL,Late Night
WR,malad,kandivali,1.9,DOWN,91035,BYR,12.0,Unknown,LOCAL,DAILY,Andheri,Bhayandar,00:58,01:01,0,58,3,malad -> kandivali,91035,LOCAL,Late Night
WR,malad,kandivali,1.9,DOWN,91041,BVI,12.0,Unknown,LOCAL,NOT_SUN,Churchgate,Borivali,01:05,01:08,1,5,3,malad -> kandivali,91041,LOCAL,Late Night
WR,malad,kandivali,1.9,DOWN,94145,BYR,12.0,Unknown,AC,DAILY,Churchgate,Bhayandar,01:09,01:12,1,9,3,malad -> kandivali,94145,AC,Late Night
WR,malad,kandivali,1.9,DOWN,91043,VR,12.0,Unknown,LOCAL,DAILY,Churchgate,Virar,01:16,01:19,1,16,3,malad -> kandivali,91043,LOCAL,Late Night
WR,malad,kandivali,1.9,DOWN,91045,BYR,12.0,Unknown,LOCAL,DAILY,Churchgate,Bhayandar,01:23,01:26,1,23,3,malad -> kandivali,91045,LOCAL,Late Night
WR,malad,kandivali,1.9,DOWN,91049,BVI,12.0,Unknown,LOCAL,DAILY,Churchgate,Borivali,01:34,01:37,1,34,3,malad -> kandivali,91049,LOCAL,Late Night
WR,malad,kandivali,1.9,DOWN,91051,BYR,12.0,Unknown,LOCAL,DAILY,Churchgate,Bhayandar,01:39,01:42,1,39,3,malad -> kandivali,91051,LOCAL,Late Night
WR,malad,kandivali,1.9,DOWN,91053,VR,12.0,Unknown,LOCAL,DAILY,Churchgate,Virar,01:46,01:49,1,46,3,malad -> kandivali,91053,LOCAL,Late Night
WR,malad,kandivali,1.9,DOWN,91055,BVI,12.0,Unknown,LOCAL,DAILY,Churchgate,Borivali,01:56,01:59,1,56,3,malad -> kandivali,91055,LOCAL,Late Night
WR,kandivali,borivali,2.8,DOWN,91007,BYR,12.0,Unknown,LOCAL,DAILY,Churchgate,Bhayandar,00:07,00:13,0,7,6,kandivali -> borivali,91007,LOCAL,Late Night
WR,kandivali,borivali,2.8,DOWN,91017,VR,12.0,Unknown,LOCAL,DAILY,Churchgate,Virar,00:12,00:18,0,12,6,kandivali -> borivali,91017,LOCAL,Late Night
WR,kandivali,borivali,2.8,DOWN,91011,BVI,12.0,Unknown,LOCAL,DAILY,Churchgate,Borivali,00:14,00:21,0,14,7,kandivali -> borivali,91011,LOCAL,Late Night
WR,kandivali,borivali,2.8,DOWN,91015,BYR,12.0,Unknown,LOCAL,DAILY,Churchgate,Bhayandar,00:20,00:25,0,20,5,kandivali -> borivali,91015,LOCAL,Late Night
WR,kandivali,borivali,2.8,DOWN,91025,VR,12.0,Unknown,LOCAL,DAILY,Churchgate,Virar,00:26,00:31,0,26,5,kandivali -> borivali,91025,LOCAL,Late Night
WR,kandivali,borivali,2.8,DOWN,91019,BYR,12.0,Unknown,LOCAL,DAILY,Churchgate,Bhayandar,00:30,00:35,0,30,5,kandivali -> borivali,91019,LOCAL,Late Night
WR,kandivali,borivali,2.8,DOWN,91023,BYR,12.0,Unknown,LOCAL,DAILY,Churchgate,Bhayandar,00:37,00:43,0,37,6,kandivali -> borivali,91023,LOCAL,Late Night
WR,kandivali,borivali,2.8,DOWN,91027,NSP,12.0,Unknown,LOCAL,DAILY,Churchgate,Nalla Sopara,00:45,00:51,0,45,6,kandivali -> borivali,91027,LOCAL,Late Night
WR,kandivali,borivali,2.8,DOWN,91031,BVI,12.0,Unknown,LOCAL,DAILY,Churchgate,Borivali,00:52,00:59,0,52,7,kandivali -> borivali,91031,LOCAL,Late Night
WR,kandivali,borivali,2.8,DOWN,91033,VR,12.0,Unknown,LOCAL,DAILY,Churchgate,Virar,00:57,01:03,0,57,6,kandivali -> borivali,91033,LOCAL,Late Night
WR,kandivali,borivali,2.8,DOWN,91035,BYR,12.0,Unknown,LOCAL,DAILY,Andheri,Bhayandar,01:01,01:07,1,1,6,kandivali -> borivali,91035,LOCAL,Late Night
WR,kandivali,borivali,2.8,DOWN,91041,BVI,12.0,Unknown,LOCAL,NOT_SUN,Churchgate,Borivali,01:08,01:14,1,8,6,kandivali -> borivali,91041,LOCAL,Late Night
WR,kandivali,borivali,2.8,DOWN,94145,BYR,12.0,Unknown,AC,DAILY,Churchgate,Bhayandar,01:12,01:18,1,12,6,kandivali -> borivali,94145,AC,Late Night
WR,kandivali,borivali,2.8,DOWN,91043,VR,12.0,Unknown,LOCAL,DAILY,Churchgate,Virar,01:19,01:24,1,19,5,kandivali -> borivali,91043,LOCAL,Late Night
WR,kandivali,borivali,2.8,DOWN,91045,BYR,12.0,Unknown,LOCAL,DAILY,Churchgate,Bhayandar,01:26,01:32,1,26,6,kandivali -> borivali,91045,LOCAL,Late Night
WR,kandivali,borivali,2.8,DOWN,91049,BVI,12.0,Unknown,LOCAL,DAILY,Churchgate,Borivali,01:37,01:43,1,37,6,kandivali -> borivali,91049,LOCAL,Late Night
WR,kandivali,borivali,2.8,DOWN,91051,BYR,12.0,Unknown,LOCAL,DAILY,Churchgate,Bhayandar,01:42,01:48,1,42,6,kandivali -> borivali,91051,LOCAL,Late Night
WR,kandivali,borivali,2.8,DOWN,91053,VR,12.0,Unknown,LOCAL,DAILY,Churchgate,Virar,01:49,01:54,1,49,5,kandivali -> borivali,91053,LOCAL,Late Night
WR,kandivali,borivali,2.8,DOWN,91055,BVI,12.0,Unknown,LOCAL,DAILY,Churchgate,Borivali,01:59,02:05,1,59,6,kandivali -> borivali,91055,LOCAL,Late Night
WR,borivali,dahisar,2.4,DOWN,91009,BYR,12.0,Unknown,LOCAL,DAILY,Churchgate,Bhayandar,00:05,00:09,0,5,4,borivali -> dahisar,91009,LOCAL,Late Night
WR,borivali,dahisar,2.4,DOWN,94105,BYR,12.0,Unknown,AC,DAILY,Andheri,Bhayandar,00:10,00:13,0,10,3,borivali -> dahisar,94105,AC,Late Night
WR,borivali,dahisar,2.4,DOWN,91007,BYR,12.0,Unknown,LOCAL,DAILY,Churchgate,Bhayandar,00:13,00:17,0,13,4,borivali -> dahisar,91007,LOCAL,Late Night
WR,borivali,dahisar,2.4,DOWN,91017,VR,12.0,Unknown,LOCAL,DAILY,Churchgate,Virar,00:18,00:21,0,18,3,borivali -> dahisar,91017,LOCAL,Late Night
WR,borivali,dahisar,2.4,DOWN,91015,BYR,12.0,Unknown,LOCAL,DAILY,Churchgate,Bhayandar,00:25,00:28,0,25,3,borivali -> dahisar,91015,LOCAL,Late Night
WR,borivali,dahisar,2.4,DOWN,91025,VR,12.0,Unknown,LOCAL,DAILY,Churchgate,Virar,00:31,00:35,0,31,4,borivali -> dahisar,91025,LOCAL,Late Night
WR,borivali,dahisar,2.4,DOWN,91019,BYR,12.0,Unknown,LOCAL,DAILY,Churchgate,Bhayandar,00:35,00:39,0,35,4,borivali -> dahisar,91019,LOCAL,Late Night
WR,borivali,dahisar,2.4,DOWN,91023,BYR,12.0,Unknown,LOCAL,DAILY,Churchgate,Bhayandar,00:43,00:47,0,43,4,borivali -> dahisar,91023,LOCAL,Late Night
WR,borivali,dahisar,2.4,DOWN,91027,NSP,12.0,Unknown,LOCAL,DAILY,Churchgate,Nalla Sopara,00:51,00:55,0,51,4,borivali -> dahisar,91027,LOCAL,Late Night
WR,borivali,dahisar,2.4,DOWN,91033,VR,12.0,Unknown,LOCAL,DAILY,Churchgate,Virar,01:03,01:07,1,3,4,borivali -> dahisar,91033,LOCAL,Late Night
WR,borivali,dahisar,2.4,DOWN,91035,BYR,12.0,Unknown,LOCAL,DAILY,Andheri,Bhayandar,01:07,01:11,1,7,4,borivali -> dahisar,91035,LOCAL,Late Night
WR,borivali,dahisar,2.4,DOWN,94145,BYR,12.0,Unknown,AC,DAILY,Churchgate,Bhayandar,01:18,01:22,1,18,4,borivali -> dahisar,94145,AC,Late Night
WR,borivali,dahisar,2.4,DOWN,91043,VR,12.0,Unknown,LOCAL,DAILY,Churchgate,Virar,01:24,01:27,1,24,3,borivali -> dahisar,91043,LOCAL,Late Night
WR,borivali,dahisar,2.4,DOWN,91045,BYR,12.0,Unknown,LOCAL,DAILY,Churchgate,Bhayandar,01:32,01:36,1,32,4,borivali -> dahisar,91045,LOCAL,Late Night
WR,borivali,dahisar,2.4,DOWN,91051,BYR,12.0,Unknown,LOCAL,DAILY,Churchgate,Bhayandar,01:48,01:52,1,48,4,borivali -> dahisar,91051,LOCAL,Late Night
WR,borivali,dahisar,2.4,DOWN,91053,VR,12.0,Unknown,LOCAL,DAILY,Churchgate,Virar,01:54,01:58,1,54,4,borivali -> dahisar,91053,LOCAL,Late Night
WR,dahisar,mira_road,3.4,DOWN,92209,VR,15.0,Unknown,LOCAL,DAILY,Andheri,Virar,00:02,00:07,0,2,5,dahisar -> mira_road,92209,LOCAL,Late Night
WR,dahisar,mira_road,3.4,DOWN,91009,BYR,12.0,Unknown,LOCAL,DAILY,Churchgate,Bhayandar,00:09,00:14,0,9,5,dahisar -> mira_road,91009,LOCAL,Late Night
WR,dahisar,mira_road,3.4,DOWN,94105,BYR,12.0,Unknown,AC,DAILY,Andheri,Bhayandar,00:13,00:18,0,13,5,dahisar -> mira_road,94105,AC,Late Night
WR,dahisar,mira_road,3.4,DOWN,91007,BYR,12.0,Unknown,LOCAL,DAILY,Churchgate,Bhayandar,00:17,00:22,0,17,5,dahisar -> mira_road,91007,LOCAL,Late Night
WR,dahisar,mira_road,3.4,DOWN,91017,VR,12.0,Unknown,LOCAL,DAILY,Churchgate,Virar,00:21,00:26,0,21,5,dahisar -> mira_road,91017,LOCAL,Late Night
WR,dahisar,mira_road,3.4,DOWN,91015,BYR,12.0,Unknown,LOCAL,DAILY,Churchgate,Bhayandar,00:28,00:33,0,28,5,dahisar -> mira_road,91015,LOCAL,Late Night
WR,dahisar,mira_road,3.4,DOWN,91025,VR,12.0,Unknown,LOCAL,DAILY,Churchgate,Virar,00:35,00:40,0,35,5,dahisar -> mira_road,91025,LOCAL,Late Night
WR,dahisar,mira_road,3.4,DOWN,91019,BYR,12.0,Unknown,LOCAL,DAILY,Churchgate,Bhayandar,00:39,00:44,0,39,5,dahisar -> mira_road,91019,LOCAL,Late Night
WR,dahisar,mira_road,3.4,DOWN,91023,BYR,12.0,Unknown,LOCAL,DAILY,Churchgate,Bhayandar,00:47,00:52,0,47,5,dahisar -> mira_road,91023,LOCAL,Late Night
WR,dahisar,mira_road,3.4,DOWN,91027,NSP,12.0,Unknown,LOCAL,DAILY,Churchgate,Nalla Sopara,00:55,01:00,0,55,5,dahisar -> mira_road,91027,LOCAL,Late Night
WR,dahisar,mira_road,3.4,DOWN,91033,VR,12.0,Unknown,LOCAL,DAILY,Churchgate,Virar,01:07,01:12,1,7,5,dahisar -> mira_road,91033,LOCAL,Late Night
WR,dahisar,mira_road,3.4,DOWN,91035,BYR,12.0,Unknown,LOCAL,DAILY,Andheri,Bhayandar,01:11,01:16,1,11,5,dahisar -> mira_road,91035,LOCAL,Late Night
WR,dahisar,mira_road,3.4,DOWN,94145,BYR,12.0,Unknown,AC,DAILY,Churchgate,Bhayandar,01:22,01:27,1,22,5,dahisar -> mira_road,94145,AC,Late Night
WR,dahisar,mira_road,3.4,DOWN,91043,VR,12.0,Unknown,LOCAL,DAILY,Churchgate,Virar,01:27,01:32,1,27,5,dahisar -> mira_road,91043,LOCAL,Late Night
WR,dahisar,mira_road,3.4,DOWN,91045,BYR,12.0,Unknown,LOCAL,DAILY,Churchgate,Bhayandar,01:36,01:41,1,36,5,dahisar -> mira_road,91045,LOCAL,Late Night
WR,dahisar,mira_road,3.4,DOWN,91051,BYR,12.0,Unknown,LOCAL,DAILY,Churchgate,Bhayandar,01:52,01:57,1,52,5,dahisar -> mira_road,91051,LOCAL,Late Night
WR,dahisar,mira_road,3.4,DOWN,91053,VR,12.0,Unknown,LOCAL,DAILY,Churchgate,Virar,01:58,02:03,1,58,5,dahisar -> mira_road,91053,LOCAL,Late Night
WR,mira_road,bhayandar,3.4,DOWN,92227,VR,15.0,Unknown,LOCAL,DAILY,Churchgate,Virar,00:02,00:07,0,2,5,mira_road -> bhayandar,92227,LOCAL,Late Night
WR,mira_road,bhayandar,3.4,DOWN,92209,VR,15.0,Unknown,LOCAL,DAILY,Andheri,Virar,00:07,00:12,0,7,5,mira_road -> bhayandar,92209,LOCAL,Late Night
WR,mira_road,bhayandar,3.4,DOWN,91009,BYR,12.0,Unknown,LOCAL,DAILY,Churchgate,Bhayandar,00:14,00:20,0,14,6,mira_road -> bhayandar,91009,LOCAL,Late Night
WR,mira_road,bhayandar,3.4,DOWN,94105,BYR,12.0,Unknown,AC,DAILY,Andheri,Bhayandar,00:18,00:25,0,18,7,mira_road -> bhayandar,94105,AC,Late Night
WR,mira_road,bhayandar,3.4,DOWN,91007,BYR,12.0,Unknown,LOCAL,DAILY,Churchgate,Bhayandar,00:22,00:28,0,22,6,mira_road -> bhayandar,91007,LOCAL,Late Night
WR,mira_road,bhayandar,3.4,DOWN,91017,VR,12.0,Unknown,LOCAL,DAILY,Churchgate,Virar,00:26,00:31,0,26,5,mira_road -> bhayandar,91017,LOCAL,Late Night
WR,mira_road,bhayandar,3.4,DOWN,91015,BYR,12.0,Unknown,LOCAL,DAILY,Churchgate,Bhayandar,00:33,00:40,0,33,7,mira_road -> bhayandar,91015,LOCAL,Late Night
WR,mira_road,bhayandar,3.4,DOWN,91025,VR,12.0,Unknown,LOCAL,DAILY,Churchgate,Virar,00:40,00:45,0,40,5,mira_road -> bhayandar,91025,LOCAL,Late Night
WR,mira_road,bhayandar,3.4,DOWN,91019,BYR,12.0,Unknown,LOCAL,DAILY,Churchgate,Bhayandar,00:44,00:50,0,44,6,mira_road -> bhayandar,91019,LOCAL,Late Night
WR,mira_road,bhayandar,3.4,DOWN,91023,BYR,12.0,Unknown,LOCAL,DAILY,Churchgate,Bhayandar,00:52,01:00,0,52,8,mira_road -> bhayandar,91023,LOCAL,Late Night
WR,mira_road,bhayandar,3.4,DOWN,91027,NSP,12.0,Unknown,LOCAL,DAILY,Churchgate,Nalla Sopara,01:00,01:05,1,0,5,mira_road -> bhayandar,91027,LOCAL,Late Night
WR,mira_road,bhayandar,3.4,DOWN,91033,VR,12.0,Unknown,LOCAL,DAILY,Churchgate,Virar,01:12,01:17,1,12,5,mira_road -> bhayandar,91033,LOCAL,Late Night
WR,mira_road,bhayandar,3.4,DOWN,91035,BYR,12.0,Unknown,LOCAL,DAILY,Andheri,Bhayandar,01:16,01:23,1,16,7,mira_road -> bhayandar,91035,LOCAL,Late Night
WR,mira_road,bhayandar,3.4,DOWN,94145,BYR,12.0,Unknown,AC,DAILY,Churchgate,Bhayandar,01:27,01:33,1,27,6,mira_road -> bhayandar,94145,AC,Late Night
WR,mira_road,bhayandar,3.4,DOWN,91043,VR,12.0,Unknown,LOCAL,DAILY,Churchgate,Virar,01:32,01:37,1,32,5,mira_road -> bhayandar,91043,LOCAL,Late Night
WR,mira_road,bhayandar,3.4,DOWN,91045,BYR,12.0,Unknown,LOCAL,DAILY,Churchgate,Bhayandar,01:41,01:48,1,41,7,mira_road -> bhayandar,91045,LOCAL,Late Night
WR,mira_road,bhayandar,3.4,DOWN,91051,BYR,12.0,Unknown,LOCAL,DAILY,Churchgate,Bhayandar,01:57,02:03,1,57,6,mira_road -> bhayandar,91051,LOCAL,Late Night
WR,bhayandar,naigaon,4.6,DOWN,92227,VR,15.0,Unknown,LOCAL,DAILY,Churchgate,Virar,00:07,00:13,0,7,6,bhayandar -> naigaon,92227,LOCAL,Late Night
WR,bhayandar,naigaon,4.6,DOWN,92209,VR,15.0,Unknown,LOCAL,DAILY,Andheri,Virar,00:12,00:18,0,12,6,bhayandar -> naigaon,92209,LOCAL,Late Night
WR,bhayandar,naigaon,4.6,DOWN,91017,VR,12.0,Unknown,LOCAL,DAILY,Churchgate,Virar,00:31,00:37,0,31,6,bhayandar -> naigaon,91017,LOCAL,Late Night
WR,bhayandar,naigaon,4.6,DOWN,91025,VR,12.0,Unknown,LOCAL,DAILY,Churchgate,Virar,00:45,00:51,0,45,6,bhayandar -> naigaon,91025,LOCAL,Late Night
WR,bhayandar,naigaon,4.6,DOWN,91027,NSP,12.0,Unknown,LOCAL,DAILY,Churchgate,Nalla Sopara,01:05,01:11,1,5,6,bhayandar -> naigaon,91027,LOCAL,Late Night
WR,bhayandar,naigaon,4.6,DOWN,91033,VR,12.0,Unknown,LOCAL,DAILY,Churchgate,Virar,01:17,01:23,1,17,6,bhayandar -> naigaon,91033,LOCAL,Late Night
WR,bhayandar,naigaon,4.6,DOWN,91043,VR,12.0,Unknown,LOCAL,DAILY,Churchgate,Virar,01:37,01:43,1,37,6,bhayandar -> naigaon,91043,LOCAL,Late Night
WR,naigaon,vasai_road,4.1,DOWN,92227,VR,15.0,Unknown,LOCAL,DAILY,Churchgate,Virar,00:13,00:18,0,13,5,naigaon -> vasai_road,92227,LOCAL,Late Night
WR,naigaon,vasai_road,4.1,DOWN,92209,VR,15.0,Unknown,LOCAL,DAILY,Andheri,Virar,00:18,00:23,0,18,5,naigaon -> vasai_road,92209,LOCAL,Late Night
WR,naigaon,vasai_road,4.1,DOWN,91017,VR,12.0,Unknown,LOCAL,DAILY,Churchgate,Virar,00:37,00:42,0,37,5,naigaon -> vasai_road,91017,LOCAL,Late Night
WR,naigaon,vasai_road,4.1,DOWN,91025,VR,12.0,Unknown,LOCAL,DAILY,Churchgate,Virar,00:51,00:56,0,51,5,naigaon -> vasai_road,91025,LOCAL,Late Night
WR,naigaon,vasai_road,4.1,DOWN,91027,NSP,12.0,Unknown,LOCAL,DAILY,Churchgate,Nalla Sopara,01:11,01:16,1,11,5,naigaon -> vasai_road,91027,LOCAL,Late Night
WR,naigaon,vasai_road,4.1,DOWN,91033,VR,12.0,Unknown,LOCAL,DAILY,Churchgate,Virar,01:23,01:28,1,23,5,naigaon -> vasai_road,91033,LOCAL,Late Night
WR,naigaon,vasai_road,4.1,DOWN,91043,VR,12.0,Unknown,LOCAL,DAILY,Churchgate,Virar,01:43,01:48,1,43,5,naigaon -> vasai_road,91043,LOCAL,Late Night
WR,vasai_road,nalla_sopara,4.1,DOWN,92227,VR,15.0,Unknown,LOCAL,DAILY,Churchgate,Virar,00:18,00:23,0,18,5,vasai_road -> nalla_sopara,92227,LOCAL,Late Night
WR,vasai_road,nalla_sopara,4.1,DOWN,92209,VR,15.0,Unknown,LOCAL,DAILY,Andheri,Virar,00:23,00:28,0,23,5,vasai_road -> nalla_sopara,92209,LOCAL,Late Night
WR,vasai_road,nalla_sopara,4.1,DOWN,91017,VR,12.0,Unknown,LOCAL,DAILY,Churchgate,Virar,00:42,00:47,0,42,5,vasai_road -> nalla_sopara,91017,LOCAL,Late Night
WR,vasai_road,nalla_sopara,4.1,DOWN,91025,VR,12.0,Unknown,LOCAL,DAILY,Churchgate,Virar,00:56,01:01,0,56,5,vasai_road -> nalla_sopara,91025,LOCAL,Late Night
WR,vasai_road,nalla_sopara,4.1,DOWN,91027,NSP,12.0,Unknown,LOCAL,DAILY,Churchgate,Nalla Sopara,01:16,01:20,1,16,4,vasai_road -> nalla_sopara,91027,LOCAL,Late Night
WR,vasai_road,nalla_sopara,4.1,DOWN,91033,VR,12.0,Unknown,LOCAL,DAILY,Churchgate,Virar,01:28,01:33,1,28,5,vasai_road -> nalla_sopara,91033,LOCAL,Late Night
WR,vasai_road,nalla_sopara,4.1,DOWN,91043,VR,12.0,Unknown,LOCAL,DAILY,Churchgate,Virar,01:48,01:53,1,48,5,vasai_road -> nalla_sopara,91043,LOCAL,Late Night
WR,nalla_sopara,virar,4.0,DOWN,92227,VR,15.0,Unknown,LOCAL,DAILY,Churchgate,Virar,00:23,00:30,0,23,7,nalla_sopara -> virar,92227,LOCAL,Late Night
WR,nalla_sopara,virar,4.0,DOWN,92209,VR,15.0,Unknown,LOCAL,DAILY,Andheri,Virar,00:28,00:35,0,28,7,nalla_sopara -> virar,92209,LOCAL,Late Night
WR,nalla_sopara,virar,4.0,DOWN,91017,VR,12.0,Unknown,LOCAL,DAILY,Churchgate,Virar,00:47,00:53,0,47,6,nalla_sopara -> virar,91017,LOCAL,Late Night
WR,nalla_sopara,virar,4.0,DOWN,91025,VR,12.0,Unknown,LOCAL,DAILY,Churchgate,Virar,01:01,01:08,1,1,7,nalla_sopara -> virar,91025,LOCAL,Late Night
WR,nalla_sopara,virar,4.0,DOWN,91033,VR,12.0,Unknown,LOCAL,DAILY,Churchgate,Virar,01:33,01:40,1,33,7,nalla_sopara -> virar,91033,LOCAL,Late Night
WR,nalla_sopara,virar,4.0,DOWN,91043,VR,12.0,Unknown,LOCAL,DAILY,Churchgate,Virar,01:53,02:00,1,53,7,nalla_sopara -> virar,91043,LOCAL,Late Night
HR,mumbai_csmt_hr,masjid_hr,1.2,DOWN,98301,BR1,12.0,Unknown,LOCAL,DAILY,Mumbai CSMT,Belapur CBD,00:05,00:08,0,5,3,mumbai_csmt_hr -> masjid_hr,98301,LOCAL,Late Night
HR,mumbai_csmt_hr,masjid_hr,1.2,DOWN,98001,PL1,12.0,Unknown,LOCAL,DAILY,Mumbai CSMT,Panvel,00:13,00:16,0,13,3,mumbai_csmt_hr -> masjid_hr,98001,LOCAL,Late Night
HR,mumbai_csmt_hr,masjid_hr,1.2,DOWN,98801,B1,12.0,Unknown,LOCAL,DAILY,Mumbai CSMT,Bandra,00:17,00:20,0,17,3,mumbai_csmt_hr -> masjid_hr,98801,LOCAL,Late Night
HR,mumbai_csmt_hr,masjid_hr,1.2,DOWN,98573,V69,12.0,Unknown,AC,DAILY,Mumbai CSMT,Vashi,00:24,00:27,0,24,3,mumbai_csmt_hr -> masjid_hr,98573,AC,Late Night
HR,mumbai_csmt_hr,masjid_hr,1.2,DOWN,98803,B3,12.0,Unknown,LOCAL,DAILY,Mumbai CSMT,Bandra,00:36,00:39,0,36,3,mumbai_csmt_hr -> masjid_hr,98803,LOCAL,Late Night
HR,mumbai_csmt_hr,masjid_hr,1.2,DOWN,98005,PL5,12.0,Unknown,LOCAL,DAILY,Mumbai CSMT,Panvel,00:40,00:43,0,40,3,mumbai_csmt_hr -> masjid_hr,98005,LOCAL,Late Night
HR,masjid_hr,sandhurst_rd_hr,0.6,DOWN,98575,V71,12.0,Unknown,LOCAL,DAILY,Mumbai CSMT,Vashi,00:00,00:03,0,0,3,masjid_hr -> sandhurst_rd_hr,98575,LOCAL,Late Night
HR,masjid_hr,sandhurst_rd_hr,0.6,DOWN,98301,BR1,12.0,Unknown,LOCAL,DAILY,Mumbai CSMT,Belapur CBD,00:08,00:11,0,8,3,masjid_hr -> sandhurst_rd_hr,98301,LOCAL,Late Night
HR,masjid_hr,sandhurst_rd_hr,0.6,DOWN,98001,PL1,12.0,Unknown,LOCAL,DAILY,Mumbai CSMT,Panvel,00:16,00:19,0,16,3,masjid_hr -> sandhurst_rd_hr,98001,LOCAL,Late Night
HR,masjid_hr,sandhurst_rd_hr,0.6,DOWN,98801,B1,12.0,Unknown,LOCAL,DAILY,Mumbai CSMT,Bandra,00:20,00:23,0,20,3,masjid_hr -> sandhurst_rd_hr,98801,LOCAL,Late Night
HR,masjid_hr,sandhurst_rd_hr,0.6,DOWN,98573,V69,12.0,Unknown,AC,DAILY,Mumbai CSMT,Vashi,00:27,00:30,0,27,3,masjid_hr -> sandhurst_rd_hr,98573,AC,Late Night
HR,masjid_hr,sandhurst_rd_hr,0.6,DOWN,98803,B3,12.0,Unknown,LOCAL,DAILY,Mumbai CSMT,Bandra,00:39,00:42,0,39,3,masjid_hr -> sandhurst_rd_hr,98803,LOCAL,Late Night
HR,masjid_hr,sandhurst_rd_hr,0.6,DOWN,98005,PL5,12.0,Unknown,LOCAL,DAILY,Mumbai CSMT,Panvel,00:43,00:46,0,43,3,masjid_hr -> sandhurst_rd_hr,98005,LOCAL,Late Night
HR,sandhurst_rd_hr,dockyard_rd,1.2,DOWN,98575,V71,12.0,Unknown,LOCAL,DAILY,Mumbai CSMT,Vashi,00:03,00:05,0,3,2,sandhurst_rd_hr -> dockyard_rd,98575,LOCAL,Late Night
HR,sandhurst_rd_hr,dockyard_rd,1.2,DOWN,98301,BR1,12.0,Unknown,LOCAL,DAILY,Mumbai CSMT,Belapur CBD,00:11,00:13,0,11,2,sandhurst_rd_hr -> dockyard_rd,98301,LOCAL,Late Night
HR,sandhurst_rd_hr,dockyard_rd,1.2,DOWN,98001,PL1,12.0,Unknown,LOCAL,DAILY,Mumbai CSMT,Panvel,00:19,00:21,0,19,2,sandhurst_rd_hr -> dockyard_rd,98001,LOCAL,Late Night
HR,sandhurst_rd_hr,dockyard_rd,1.2,DOWN,98801,B1,12.0,Unknown,LOCAL,DAILY,Mumbai CSMT,Bandra,00:23,00:25,0,23,2,sandhurst_rd_hr -> dockyard_rd,98801,LOCAL,Late Night
HR,sandhurst_rd_hr,dockyard_rd,1.2,DOWN,98573,V69,12.0,Unknown,AC,DAILY,Mumbai CSMT,Vashi,00:30,00:32,0,30,2,sandhurst_rd_hr -> dockyard_rd,98573,AC,Late Night
HR,sandhurst_rd_hr,dockyard_rd,1.2,DOWN,98803,B3,12.0,Unknown,LOCAL,DAILY,Mumbai CSMT,Bandra,00:42,00:44,0,42,2,sandhurst_rd_hr -> dockyard_rd,98803,LOCAL,Late Night
HR,sandhurst_rd_hr,dockyard_rd,1.2,DOWN,98005,PL5,12.0,Unknown,LOCAL,DAILY,Mumbai CSMT,Panvel,00:46,00:48,0,46,2,sandhurst_rd_hr -> dockyard_rd,98005,LOCAL,Late Night
HR,dockyard_rd,reay_road,1.1,DOWN,98259,PL207,12.0,Unknown,LOCAL,DAILY,Mumbai CSMT,Panvel,00:00,00:02,0,0,2,dockyard_rd -> reay_road,98259,LOCAL,Late Night
HR,dockyard_rd,reay_road,1.1,DOWN,98575,V71,12.0,Unknown,LOCAL,DAILY,Mumbai CSMT,Vashi,00:05,00:07,0,5,2,dockyard_rd -> reay_road,98575,LOCAL,Late Night
HR,dockyard_rd,reay_road,1.1,DOWN,98301,BR1,12.0,Unknown,LOCAL,DAILY,Mumbai CSMT,Belapur CBD,00:13,00:15,0,13,2,dockyard_rd -> reay_road,98301,LOCAL,Late Night
HR,dockyard_rd,reay_road,1.1,DOWN,98001,PL1,12.0,Unknown,LOCAL,DAILY,Mumbai CSMT,Panvel,00:21,00:23,0,21,2,dockyard_rd -> reay_road,98001,LOCAL,Late Night
HR,dockyard_rd,reay_road,1.1,DOWN,98801,B1,12.0,Unknown,LOCAL,DAILY,Mumbai CSMT,Bandra,00:25,00:27,0,25,2,dockyard_rd -> reay_road,98801,LOCAL,Late Night
HR,dockyard_rd,reay_road,1.1,DOWN,98573,V69,12.0,Unknown,AC,DAILY,Mumbai CSMT,Vashi,00:32,00:34,0,32,2,dockyard_rd -> reay_road,98573,AC,Late Night
HR,dockyard_rd,reay_road,1.1,DOWN,98803,B3,12.0,Unknown,LOCAL,DAILY,Mumbai CSMT,Bandra,00:44,00:46,0,44,2,dockyard_rd -> reay_road,98803,LOCAL,Late Night
HR,dockyard_rd,reay_road,1.1,DOWN,98005,PL5,12.0,Unknown,LOCAL,DAILY,Mumbai CSMT,Panvel,00:48,00:50,0,48,2,dockyard_rd -> reay_road,98005,LOCAL,Late Night
HR,reay_road,cotton_green,1.1,DOWN,98259,PL207,12.0,Unknown,LOCAL,DAILY,Mumbai CSMT,Panvel,00:02,00:04,0,2,2,reay_road -> cotton_green,98259,LOCAL,Late Night
HR,reay_road,cotton_green,1.1,DOWN,98575,V71,12.0,Unknown,LOCAL,DAILY,Mumbai CSMT,Vashi,00:07,00:09,0,7,2,reay_road -> cotton_green,98575,LOCAL,Late Night
HR,reay_road,cotton_green,1.1,DOWN,98301,BR1,12.0,Unknown,LOCAL,DAILY,Mumbai CSMT,Belapur CBD,00:15,00:17,0,15,2,reay_road -> cotton_green,98301,LOCAL,Late Night
HR,reay_road,cotton_green,1.1,DOWN,98001,PL1,12.0,Unknown,LOCAL,DAILY,Mumbai CSMT,Panvel,00:23,00:25,0,23,2,reay_road -> cotton_green,98001,LOCAL,Late Night
HR,reay_road,cotton_green,1.1,DOWN,98801,B1,12.0,Unknown,LOCAL,DAILY,Mumbai CSMT,Bandra,00:27,00:29,0,27,2,reay_road -> cotton_green,98801,LOCAL,Late Night
HR,reay_road,cotton_green,1.1,DOWN,98573,V69,12.0,Unknown,AC,DAILY,Mumbai CSMT,Vashi,00:34,00:36,0,34,2,reay_road -> cotton_green,98573,AC,Late Night
HR,reay_road,cotton_green,1.1,DOWN,98803,B3,12.0,Unknown,LOCAL,DAILY,Mumbai CSMT,Bandra,00:46,00:48,0,46,2,reay_road -> cotton_green,98803,LOCAL,Late Night
HR,reay_road,cotton_green,1.1,DOWN,98005,PL5,12.0,Unknown,LOCAL,DAILY,Mumbai CSMT,Panvel,00:50,00:52,0,50,2,reay_road -> cotton_green,98005,LOCAL,Late Night
HR,cotton_green,sewri,1.9,DOWN,98259,PL207,12.0,Unknown,LOCAL,DAILY,Mumbai CSMT,Panvel,00:04,00:07,0,4,3,cotton_green -> sewri,98259,LOCAL,Late Night
HR,cotton_green,sewri,1.9,DOWN,98575,V71,12.0,Unknown,LOCAL,DAILY,Mumbai CSMT,Vashi,00:09,00:12,0,9,3,cotton_green -> sewri,98575,LOCAL,Late Night
HR,cotton_green,sewri,1.9,DOWN,98301,BR1,12.0,Unknown,LOCAL,DAILY,Mumbai CSMT,Belapur CBD,00:17,00:20,0,17,3,cotton_green -> sewri,98301,LOCAL,Late Night
HR,cotton_green,sewri,1.9,DOWN,98001,PL1,12.0,Unknown,LOCAL,DAILY,Mumbai CSMT,Panvel,00:25,00:28,0,25,3,cotton_green -> sewri,98001,LOCAL,Late Night
HR,cotton_green,sewri,1.9,DOWN,98801,B1,12.0,Unknown,LOCAL,DAILY,Mumbai CSMT,Bandra,00:29,00:32,0,29,3,cotton_green -> sewri,98801,LOCAL,Late Night
HR,cotton_green,sewri,1.9,DOWN,98573,V69,12.0,Unknown,AC,DAILY,Mumbai CSMT,Vashi,00:36,00:39,0,36,3,cotton_green -> sewri,98573,AC,Late Night
HR,cotton_green,sewri,1.9,DOWN,98803,B3,12.0,Unknown,LOCAL,DAILY,Mumbai CSMT,Bandra,00:48,00:51,0,48,3,cotton_green -> sewri,98803,LOCAL,Late Night
HR,cotton_green,sewri,1.9,DOWN,98005,PL5,12.0,Unknown,LOCAL,DAILY,Mumbai CSMT,Panvel,00:52,00:55,0,52,3,cotton_green -> sewri,98005,LOCAL,Late Night
WR,virar,vaitarna,8.5,DOWN,93001,DRD,12.0,Unknown,LOCAL,DAILY,Virar,Dahanu Road,04:50,05:01,4,50,11,virar -> vaitarna,93001,LOCAL,Late Night
WR,virar,vaitarna,8.5,DOWN,93201,DRD,15.0,Unknown,LOCAL,DAILY,Virar,Dahanu Road,05:35,05:46,5,35,11,virar -> vaitarna,93201,LOCAL,Morning Peak
WR,virar,vaitarna,8.5,DOWN,93009,DRD,12.0,Unknown,LOCAL,DAILY,Churchgate,Dahanu Road,08:29,08:41,8,29,12,virar -> vaitarna,93009,LOCAL,Morning Peak
WR,virar,vaitarna,8.5,DOWN,93011,DRD,12.0,Unknown,LOCAL,DAILY,Churchgate,Dahanu Road,09:01,09:10,9,1,9,virar -> vaitarna,93011,LOCAL,Late Morning
WR,virar,vaitarna,8.5,DOWN,93013,DRD,12.0,Unknown,LOCAL,DAILY,Virar,Dahanu Road,09:30,09:41,9,30,11,virar -> vaitarna,93013,LOCAL,Late Morning
WR,virar,vaitarna,8.5,DOWN,93021,DRD,12.0,Unknown,LOCAL,DAILY,Virar,Dahanu Road,12:00,12:11,12,0,11,virar -> vaitarna,93021,LOCAL,Afternoon
WR,virar,vaitarna,8.5,DOWN,93023,DRD,12.0,Unknown,LOCAL,DAILY,Virar,Dahanu Road,12:20,12:30,12,20,10,virar -> vaitarna,93023,LOCAL,Afternoon
WR,virar,vaitarna,8.5,DOWN,93025,DRD,12.0,Unknown,LOCAL,DAILY,Virar,Dahanu Road,13:20,13:31,13,20,11,virar -> vaitarna,93025,LOCAL,Afternoon
WR,virar,vaitarna,8.5,DOWN,93031,DRD,12.0,Unknown,LOCAL,DAILY,Churchgate,Dahanu Road,16:29,16:39,16,29,10,virar -> vaitarna,93031,LOCAL,Evening Peak
WR,virar,vaitarna,8.5,DOWN,93207,DRD,15.0,Unknown,LOCAL,DAILY,Virar,Dahanu Road,20:30,20:41,20,30,11,virar -> vaitarna,93207,LOCAL,Night
WR,virar,vaitarna,8.5,DOWN,93039,DRD,12.0,Unknown,LOCAL,DAILY,Virar,Dahanu Road,21:05,21:16,21,5,11,virar -> vaitarna,93039,LOCAL,Night
WR,virar,vaitarna,8.5,DOWN,93041,DRD,12.0,Unknown,LOCAL,DAILY,Churchgate,Dahanu Road,21:41,21:51,21,41,10,virar -> vaitarna,93041,LOCAL,Night
WR,vaitarna,saphale,8.0,DOWN,93001,DRD,12.0,Unknown,LOCAL,DAILY,Virar,Dahanu Road,05:01,05:09,5,1,8,vaitarna -> saphale,93001,LOCAL,Morning Peak
WR,vaitarna,saphale,8.0,DOWN,93201,DRD,15.0,Unknown,LOCAL,DAILY,Virar,Dahanu Road,05:46,05:54,5,46,8,vaitarna -> saphale,93201,LOCAL,Morning Peak
WR,vaitarna,saphale,8.0,DOWN,93009,DRD,12.0,Unknown,LOCAL,DAILY,Churchgate,Dahanu Road,08:41,08:49,8,41,8,vaitarna -> saphale,93009,LOCAL,Morning Peak
WR,vaitarna,saphale,8.0,DOWN,93011,DRD,12.0,Unknown,LOCAL,DAILY,Churchgate,Dahanu Road,09:10,09:18,9,10,8,vaitarna -> saphale,93011,LOCAL,Late Morning
WR,vaitarna,saphale,8.0,DOWN,93013,DRD,12.0,Unknown,LOCAL,DAILY,Virar,Dahanu Road,09:41,09:49,9,41,8,vaitarna -> saphale,93013,LOCAL,Late Morning
WR,vaitarna,saphale,8.0,DOWN,93021,DRD,12.0,Unknown,LOCAL,DAILY,Virar,Dahanu Road,12:11,12:19,12,11,8,vaitarna -> saphale,93021,LOCAL,Afternoon
WR,vaitarna,saphale,8.0,DOWN,93023,DRD,12.0,Unknown,LOCAL,DAILY,Virar,Dahanu Road,12:30,12:38,12,30,8,vaitarna -> saphale,93023,LOCAL,Afternoon
WR,vaitarna,saphale,8.0,DOWN,93025,DRD,12.0,Unknown,LOCAL,DAILY,Virar,Dahanu Road,13:31,13:38,13,31,7,vaitarna -> saphale,93025,LOCAL,Afternoon
WR,vaitarna,saphale,8.0,DOWN,93031,DRD,12.0,Unknown,LOCAL,DAILY,Churchgate,Dahanu Road,16:39,16:47,16,39,8,vaitarna -> saphale,93031,LOCAL,Evening Peak
WR,vaitarna,saphale,8.0,DOWN,93207,DRD,15.0,Unknown,LOCAL,DAILY,Virar,Dahanu Road,20:41,20:49,20,41,8,vaitarna -> saphale,93207,LOCAL,Night
WR,vaitarna,saphale,8.0,DOWN,93039,DRD,12.0,Unknown,LOCAL,DAILY,Virar,Dahanu Road,21:16,21:24,21,16,8,vaitarna -> saphale,93039,LOCAL,Night
WR,vaitarna,saphale,8.0,DOWN,93041,DRD,12.0,Unknown,LOCAL,DAILY,Churchgate,Dahanu Road,21:51,21:59,21,51,8,vaitarna -> saphale,93041,LOCAL,Night
WR,saphale,kelve_road,7.1,DOWN,93001,DRD,12.0,Unknown,LOCAL,DAILY,Virar,Dahanu Road,05:09,05:16,5,9,7,saphale -> kelve_road,93001,LOCAL,Morning Peak
WR,saphale,kelve_road,7.1,DOWN,93201,DRD,15.0,Unknown,LOCAL,DAILY,Virar,Dahanu Road,05:54,06:00,5,54,6,saphale -> kelve_road,93201,LOCAL,Morning Peak
WR,saphale,kelve_road,7.1,DOWN,93009,DRD,12.0,Unknown,LOCAL,DAILY,Churchgate,Dahanu Road,08:49,08:55,8,49,6,saphale -> kelve_road,93009,LOCAL,Morning Peak
WR,saphale,kelve_road,7.1,DOWN,93011,DRD,12.0,Unknown,LOCAL,DAILY,Churchgate,Dahanu Road,09:18,09:24,9,18,6,saphale -> kelve_road,93011,LOCAL,Late Morning
WR,saphale,kelve_road,7.1,DOWN,93013,DRD,12.0,Unknown,LOCAL,DAILY,Virar,Dahanu Road,09:49,09:56,9,49,7,saphale -> kelve_road,93013,LOCAL,Late Morning
WR,saphale,kelve_road,7.1,DOWN,93021,DRD,12.0,Unknown,LOCAL,DAILY,Virar,Dahanu Road,12:19,12:26,12,19,7,saphale -> kelve_road,93021,LOCAL,Afternoon
WR,saphale,kelve_road,7.1,DOWN,93023,DRD,12.0,Unknown,LOCAL,DAILY,Virar,Dahanu Road,12:38,12:44,12,38,6,saphale -> kelve_road,93023,LOCAL,Afternoon
WR,saphale,kelve_road,7.1,DOWN,93025,DRD,12.0,Unknown,LOCAL,DAILY,Virar,Dahanu Road,13:38,13:44,13,38,6,saphale -> kelve_road,93025,LOCAL,Afternoon
WR,saphale,kelve_road,7.1,DOWN,93029,DRD,12.0,Unknown,LOCAL,DAILY,Virar,Dahanu Road,16:05,16:11,16,5,6,saphale -> kelve_road,93029,LOCAL,Evening Peak
WR,saphale,kelve_road,7.1,DOWN,93031,DRD,12.0,Unknown,LOCAL,DAILY,Churchgate,Dahanu Road,16:47,16:55,16,47,8,saphale -> kelve_road,93031,LOCAL,Evening Peak
WR,saphale,kelve_road,7.1,DOWN,93207,DRD,15.0,Unknown,LOCAL,DAILY,Virar,Dahanu Road,20:49,20:55,20,49,6,saphale -> kelve_road,93207,LOCAL,Night
WR,saphale,kelve_road,7.1,DOWN,93039,DRD,12.0,Unknown,LOCAL,DAILY,Virar,Dahanu Road,21:24,21:31,21,24,7,saphale -> kelve_road,93039,LOCAL,Night
WR,saphale,kelve_road,7.1,DOWN,93041,DRD,12.0,Unknown,LOCAL,DAILY,Churchgate,Dahanu Road,21:59,22:06,21,59,7,saphale -> kelve_road,93041,LOCAL,Night
WR,kelve_road,palghar,7.6,DOWN,93001,DRD,12.0,Unknown,LOCAL,DAILY,Virar,Dahanu Road,05:16,05:32,5,16,16,kelve_road -> palghar,93001,LOCAL,Morning Peak
WR,kelve_road,palghar,7.6,DOWN,93201,DRD,15.0,Unknown,LOCAL,DAILY,Virar,Dahanu Road,06:00,06:08,6,0,8,kelve_road -> palghar,93201,LOCAL,Morning Peak
WR,kelve_road,palghar,7.6,DOWN,93009,DRD,12.0,Unknown,LOCAL,DAILY,Churchgate,Dahanu Road,08:55,09:03,8,55,8,kelve_road -> palghar,93009,LOCAL,Morning Peak
WR,kelve_road,palghar,7.6,DOWN,93011,DRD,12.0,Unknown,LOCAL,DAILY,Churchgate,Dahanu Road,09:24,09:32,9,24,8,kelve_road -> palghar,93011,LOCAL,Late Morning
WR,kelve_road,palghar,7.6,DOWN,93013,DRD,12.0,Unknown,LOCAL,DAILY,Virar,Dahanu Road,09:56,10:12,9,56,16,kelve_road -> palghar,93013,LOCAL,Late Morning
WR,kelve_road,palghar,7.6,DOWN,93021,DRD,12.0,Unknown,LOCAL,DAILY,Virar,Dahanu Road,12:26,12:40,12,26,14,kelve_road -> palghar,93021,LOCAL,Afternoon
WR,kelve_road,palghar,7.6,DOWN,93023,DRD,12.0,Unknown,LOCAL,DAILY,Virar,Dahanu Road,12:44,13:06,12,44,22,kelve_road -> palghar,93023,LOCAL,Afternoon
WR,kelve_road,palghar,7.6,DOWN,93025,DRD,12.0,Unknown,LOCAL,DAILY,Virar,Dahanu Road,13:44,13:52,13,44,8,kelve_road -> palghar,93025,LOCAL,Afternoon
WR,kelve_road,palghar,7.6,DOWN,93029,DRD,12.0,Unknown,LOCAL,DAILY,Virar,Dahanu Road,16:11,16:19,16,11,8,kelve_road -> palghar,93029,LOCAL,Evening Peak
WR,kelve_road,palghar,7.6,DOWN,93031,DRD,12.0,Unknown,LOCAL,DAILY,Churchgate,Dahanu Road,16:55,17:18,16,55,23,kelve_road -> palghar,93031,LOCAL,Evening Peak
WR,kelve_road,palghar,7.6,DOWN,93207,DRD,15.0,Unknown,LOCAL,DAILY,Virar,Dahanu Road,20:55,21:18,20,55,23,kelve_road -> palghar,93207,LOCAL,Night
WR,kelve_road,palghar,7.6,DOWN,93039,DRD,12.0,Unknown,LOCAL,DAILY,Virar,Dahanu Road,21:31,21:40,21,31,9,kelve_road -> palghar,93039,LOCAL,Night
WR,palghar,umroli,5.4,DOWN,93001,DRD,12.0,Unknown,LOCAL,DAILY,Virar,Dahanu Road,05:32,05:38,5,32,6,palghar -> umroli,93001,LOCAL,Morning Peak
WR,palghar,umroli,5.4,DOWN,93009,DRD,12.0,Unknown,LOCAL,DAILY,Churchgate,Dahanu Road,09:03,09:10,9,3,7,palghar -> umroli,93009,LOCAL,Late Morning
WR,palghar,umroli,5.4,DOWN,93011,DRD,12.0,Unknown,LOCAL,DAILY,Churchgate,Dahanu Road,09:32,09:38,9,32,6,palghar -> umroli,93011,LOCAL,Late Morning
WR,palghar,umroli,5.4,DOWN,93021,DRD,12.0,Unknown,LOCAL,DAILY,Virar,Dahanu Road,12:40,12:46,12,40,6,palghar -> umroli,93021,LOCAL,Afternoon
WR,palghar,umroli,5.4,DOWN,93023,DRD,12.0,Unknown,LOCAL,DAILY,Virar,Dahanu Road,13:06,13:12,13,6,6,palghar -> umroli,93023,LOCAL,Afternoon
WR,palghar,umroli,5.4,DOWN,93025,DRD,12.0,Unknown,LOCAL,DAILY,Virar,Dahanu Road,13:52,13:57,13,52,5,palghar -> umroli,93025,LOCAL,Afternoon
WR,palghar,umroli,5.4,DOWN,93029,DRD,12.0,Unknown,LOCAL,DAILY,Virar,Dahanu Road,16:19,16:25,16,19,6,palghar -> umroli,93029,LOCAL,Evening Peak
WR,palghar,umroli,5.4,DOWN,93031,DRD,12.0,Unknown,LOCAL,DAILY,Churchgate,Dahanu Road,17:18,17:24,17,18,6,palghar -> umroli,93031,LOCAL,Evening Peak
WR,palghar,umroli,5.4,DOWN,93207,DRD,15.0,Unknown,LOCAL,DAILY,Virar,Dahanu Road,21:18,21:24,21,18,6,palghar -> umroli,93207,LOCAL,Night
WR,palghar,umroli,5.4,DOWN,93039,DRD,12.0,Unknown,LOCAL,DAILY,Virar,Dahanu Road,21:40,21:46,21,40,6,palghar -> umroli,93039,LOCAL,Night
WR,umroli,boisar,6.2,DOWN,93001,DRD,12.0,Unknown,LOCAL,DAILY,Virar,Dahanu Road,05:38,05:44,5,38,6,umroli -> boisar,93001,LOCAL,Morning Peak
WR,umroli,boisar,6.2,DOWN,93009,DRD,12.0,Unknown,LOCAL,DAILY,Churchgate,Dahanu Road,09:10,09:16,9,10,6,umroli -> boisar,93009,LOCAL,Late Morning
WR,umroli,boisar,6.2,DOWN,93011,DRD,12.0,Unknown,LOCAL,DAILY,Churchgate,Dahanu Road,09:38,09:44,9,38,6,umroli -> boisar,93011,LOCAL,Late Morning
WR,umroli,boisar,6.2,DOWN,93203,DRD,15.0,Unknown,LOCAL,DAILY,Churchgate,Dahanu Road,12:05,12:11,12,5,6,umroli -> boisar,93203,LOCAL,Afternoon
WR,umroli,boisar,6.2,DOWN,93021,DRD,12.0,Unknown,LOCAL,DAILY,Virar,Dahanu Road,12:46,12:54,12,46,8,umroli -> boisar,93021,LOCAL,Afternoon
WR,umroli,boisar,6.2,DOWN,93023,DRD,12.0,Unknown,LOCAL,DAILY,Virar,Dahanu Road,13:12,13:19,13,12,7,umroli -> boisar,93023,LOCAL,Afternoon
WR,umroli,boisar,6.2,DOWN,93025,DRD,12.0,Unknown,LOCAL,DAILY,Virar,Dahanu Road,13:57,14:03,13,57,6,umroli -> boisar,93025,LOCAL,Afternoon
WR,umroli,boisar,6.2,DOWN,93029,DRD,12.0,Unknown,LOCAL,DAILY,Virar,Dahanu Road,16:25,16:32,16,25,7,umroli -> boisar,93029,LOCAL,Evening Peak
WR,umroli,boisar,6.2,DOWN,93031,DRD,12.0,Unknown,LOCAL,DAILY,Churchgate,Dahanu Road,17:24,17:30,17,24,6,umroli -> boisar,93031,LOCAL,Evening Peak
WR,umroli,boisar,6.2,DOWN,93207,DRD,15.0,Unknown,LOCAL,DAILY,Virar,Dahanu Road,21:24,21:30,21,24,6,umroli -> boisar,93207,LOCAL,Night
WR,umroli,boisar,6.2,DOWN,93039,DRD,12.0,Unknown,LOCAL,DAILY,Virar,Dahanu Road,21:46,21:53,21,46,7,umroli -> boisar,93039,LOCAL,Night
WR,boisar,vangaon_wr,9.0,DOWN,93001,DRD,12.0,Unknown,LOCAL,DAILY,Virar,Dahanu Road,05:44,05:52,5,44,8,boisar -> vangaon_wr,93001,LOCAL,Morning Peak
WR,boisar,vangaon_wr,9.0,DOWN,93009,DRD,12.0,Unknown,LOCAL,DAILY,Churchgate,Dahanu Road,09:16,09:24,9,16,8,boisar -> vangaon_wr,93009,LOCAL,Late Morning
WR,boisar,vangaon_wr,9.0,DOWN,93011,DRD,12.0,Unknown,LOCAL,DAILY,Churchgate,Dahanu Road,09:44,09:52,9,44,8,boisar -> vangaon_wr,93011,LOCAL,Late Morning
WR,boisar,vangaon_wr,9.0,DOWN,93203,DRD,15.0,Unknown,LOCAL,DAILY,Churchgate,Dahanu Road,12:11,12:19,12,11,8,boisar -> vangaon_wr,93203,LOCAL,Afternoon
WR,boisar,vangaon_wr,9.0,DOWN,93021,DRD,12.0,Unknown,LOCAL,DAILY,Virar,Dahanu Road,12:54,13:16,12,54,22,boisar -> vangaon_wr,93021,LOCAL,Afternoon
WR,boisar,vangaon_wr,9.0,DOWN,93023,DRD,12.0,Unknown,LOCAL,DAILY,Virar,Dahanu Road,13:19,13:33,13,19,14,boisar -> vangaon_wr,93023,LOCAL,Afternoon
WR,boisar,vangaon_wr,9.0,DOWN,93029,DRD,12.0,Unknown,LOCAL,DAILY,Virar,Dahanu Road,16:32,16:52,16,32,20,boisar -> vangaon_wr,93029,LOCAL,Evening Peak
WR,boisar,vangaon_wr,9.0,DOWN,93031,DRD,12.0,Unknown,LOCAL,DAILY,Churchgate,Dahanu Road,17:30,17:38,17,30,8,boisar -> vangaon_wr,93031,LOCAL,Evening Peak
WR,boisar,vangaon_wr,9.0,DOWN,93207,DRD,15.0,Unknown,LOCAL,DAILY,Virar,Dahanu Road,21:30,21:38,21,30,8,boisar -> vangaon_wr,93207,LOCAL,Night
WR,boisar,vangaon_wr,9.0,DOWN,93039,DRD,12.0,Unknown,LOCAL,DAILY,Virar,Dahanu Road,21:53,22:01,21,53,8,boisar -> vangaon_wr,93039,LOCAL,Night
HR,sewri,vadala_road,2.0,DOWN,98787,GN87,12.0,Unknown,LOCAL,DAILY,Mumbai CSMT,Goregaon,00:01,00:04,0,1,3,sewri -> vadala_road,98787,LOCAL,Late Night
HR,sewri,vadala_road,2.0,DOWN,98259,PL207,12.0,Unknown,LOCAL,DAILY,Mumbai CSMT,Panvel,00:07,00:10,0,7,3,sewri -> vadala_road,98259,LOCAL,Late Night
HR,sewri,vadala_road,2.0,DOWN,98575,V71,12.0,Unknown,LOCAL,DAILY,Mumbai CSMT,Vashi,00:12,00:15,0,12,3,sewri -> vadala_road,98575,LOCAL,Late Night
HR,sewri,vadala_road,2.0,DOWN,98301,BR1,12.0,Unknown,LOCAL,DAILY,Mumbai CSMT,Belapur CBD,00:20,00:23,0,20,3,sewri -> vadala_road,98301,LOCAL,Late Night
HR,sewri,vadala_road,2.0,DOWN,98001,PL1,12.0,Unknown,LOCAL,DAILY,Mumbai CSMT,Panvel,00:28,00:31,0,28,3,sewri -> vadala_road,98001,LOCAL,Late Night
HR,sewri,vadala_road,2.0,DOWN,98801,B1,12.0,Unknown,LOCAL,DAILY,Mumbai CSMT,Bandra,00:32,00:35,0,32,3,sewri -> vadala_road,98801,LOCAL,Late Night
HR,sewri,vadala_road,2.0,DOWN,98573,V69,12.0,Unknown,AC,DAILY,Mumbai CSMT,Vashi,00:39,00:42,0,39,3,sewri -> vadala_road,98573,AC,Late Night
HR,sewri,vadala_road,2.0,DOWN,98803,B3,12.0,Unknown,LOCAL,DAILY,Mumbai CSMT,Bandra,00:51,00:54,0,51,3,sewri -> vadala_road,98803,LOCAL,Late Night
HR,sewri,vadala_road,2.0,DOWN,98005,PL5,12.0,Unknown,LOCAL,DAILY,Mumbai CSMT,Panvel,00:55,00:58,0,55,3,sewri -> vadala_road,98005,LOCAL,Late Night
HR,sewri,vadala_road,2.0,DOWN,98701,GN1,12.0,Unknown,LOCAL,DAILY,Mumbai CSMT,Goregaon,04:43,04:46,4,43,3,sewri -> vadala_road,98701,LOCAL,Late Night
HR,sewri,vadala_road,2.0,DOWN,98007,PL7,12.0,Unknown,LOCAL,DAILY,Mumbai CSMT,Panvel,04:47,04:50,4,47,3,sewri -> vadala_road,98007,LOCAL,Late Night
HR,sewri,vadala_road,2.0,DOWN,98011,PL9,12.0,Unknown,LOCAL,DAILY,Mumbai CSMT,Panvel,05:07,05:10,5,7,3,sewri -> vadala_road,98011,LOCAL,Morning Peak
HR,sewri,vadala_road,2.0,DOWN,98703,GN3,12.0,Unknown,LOCAL,NOT_SUN,Mumbai CSMT,Goregaon,05:11,05:14,5,11,3,sewri -> vadala_road,98703,LOCAL,Morning Peak
HR,sewri,vadala_road,2.0,DOWN,98013,PL11,12.0,Unknown,LOCAL,DAILY,Mumbai CSMT,Panvel,05:21,05:24,5,21,3,sewri -> vadala_road,98013,LOCAL,Morning Peak
HR,sewri,vadala_road,2.0,DOWN,98705,GN5,12.0,Unknown,LOCAL,DAILY,Mumbai CSMT,Goregaon,05:25,05:28,5,25,3,sewri -> vadala_road,98705,LOCAL,Morning Peak
HR,sewri,vadala_road,2.0,DOWN,98015,PL13,12.0,Unknown,LOCAL,DAILY,Mumbai CSMT,Panvel,05:33,05:36,5,33,3,sewri -> vadala_road,98015,LOCAL,Morning Peak
HR,sewri,vadala_road,2.0,DOWN,98017,PL15,12.0,Unknown,LOCAL,DAILY,Mumbai CSMT,Panvel,05:37,05:40,5,37,3,sewri -> vadala_road,98017,LOCAL,Morning Peak
HR,sewri,vadala_road,2.0,DOWN,98707,GN7,12.0,Unknown,LOCAL,DAILY,Mumbai CSMT,Goregaon,05:41,05:44,5,41,3,sewri -> vadala_road,98707,LOCAL,Morning Peak
HR,sewri,vadala_road,2.0,DOWN,98019,PL17,12.0,Unknown,LOCAL,DAILY,Mumbai CSMT,Panvel,05:45,05:48,5,45,3,sewri -> vadala_road,98019,LOCAL,Morning Peak
HR,sewri,vadala_road,2.0,DOWN,98805,B5,12.0,Unknown,LOCAL,DAILY,Mumbai CSMT,Bandra,05:48,05:51,5,48,3,sewri -> vadala_road,98805,LOCAL,Morning Peak
HR,sewri,vadala_road,2.0,DOWN,98023,PL19,12.0,Unknown,LOCAL,DAILY,Mumbai CSMT,Panvel,05:58,06:01,5,58,3,sewri -> vadala_road,98023,LOCAL,Morning Peak
HR,sewri,vadala_road,2.0,DOWN,98311,BR9,12.0,Unknown,LOCAL,DAILY,Mumbai CSMT,Belapur CBD,08:03,08:06,8,3,3,sewri -> vadala_road,98311,LOCAL,Morning Peak
HR,sewri,vadala_road,2.0,DOWN,98815,B15,12.0,Unknown,LOCAL,DAILY,Mumbai CSMT,Bandra,08:06,08:09,8,6,3,sewri -> vadala_road,98815,LOCAL,Morning Peak
HR,sewri,vadala_road,2.0,DOWN,98053,PL45,12.0,Unknown,LOCAL,DAILY,Mumbai CSMT,Panvel,08:11,08:14,8,11,3,sewri -> vadala_road,98053,LOCAL,Morning Peak
HR,sewri,vadala_road,2.0,DOWN,98055,PL47,12.0,Unknown,LOCAL,NOT_SUN,Mumbai CSMT,Panvel,08:15,08:18,8,15,3,sewri -> vadala_road,98055,LOCAL,Morning Peak
HR,sewri,vadala_road,2.0,DOWN,98719,GN19,12.0,Unknown,LOCAL,DAILY,Mumbai CSMT,Goregaon,08:19,08:22,8,19,3,sewri -> vadala_road,98719,LOCAL,Morning Peak
HR,sewri,vadala_road,2.0,DOWN,98057,PL49,12.0,Unknown,LOCAL,DAILY,Mumbai CSMT,Panvel,08:23,08:26,8,23,3,sewri -> vadala_road,98057,LOCAL,Morning Peak
HR,sewri,vadala_road,2.0,DOWN,98505,V3,12.0,Unknown,LOCAL,DAILY,Mumbai CSMT,Vashi,08:27,08:30,8,27,3,sewri -> vadala_road,98505,LOCAL,Morning Peak
HR,sewri,vadala_road,2.0,DOWN,98817,B17,12.0,Unknown,LOCAL,DAILY,Mumbai CSMT,Bandra,08:31,08:34,8,31,3,sewri -> vadala_road,98817,LOCAL,Morning Peak
HR,sewri,vadala_road,2.0,DOWN,98315,BR11,12.0,Unknown,LOCAL,DAILY,Mumbai CSMT,Belapur CBD,08:35,08:38,8,35,3,sewri -> vadala_road,98315,LOCAL,Morning Peak
HR,sewri,vadala_road,2.0,DOWN,98061,PL51,12.0,Unknown,LOCAL,DAILY,Mumbai CSMT,Panvel,08:39,08:42,8,39,3,sewri -> vadala_road,98061,LOCAL,Morning Peak
HR,sewri,vadala_road,2.0,DOWN,98819,B19,12.0,Unknown,LOCAL,DAILY,Mumbai CSMT,Bandra,08:44,08:48,8,44,4,sewri -> vadala_road,98819,LOCAL,Morning Peak
HR,sewri,vadala_road,2.0,DOWN,98063,PL53,12.0,Unknown,LOCAL,DAILY,Mumbai CSMT,Panvel,08:48,08:52,8,48,4,sewri -> vadala_road,98063,LOCAL,Morning Peak
HR,sewri,vadala_road,2.0,DOWN,98605,CM1,12.0,Unknown,LOCAL,DAILY,Mumbai CSMT,Chembur,08:52,08:55,8,52,3,sewri -> vadala_road,98605,LOCAL,Morning Peak
HR,sewri,vadala_road,2.0,DOWN,98721,GN21,12.0,Unknown,LOCAL,DAILY,Mumbai CSMT,Goregaon,08:57,09:00,8,57,3,sewri -> vadala_road,98721,LOCAL,Morning Peak
HR,sewri,vadala_road,2.0,DOWN,98507,V5,12.0,Unknown,LOCAL,DAILY,Mumbai CSMT,Vashi,09:01,09:04,9,1,3,sewri -> vadala_road,98507,LOCAL,Late Morning
HR,sewri,vadala_road,2.0,DOWN,98821,B21,12.0,Unknown,LOCAL,DAILY,Mumbai CSMT,Bandra,09:05,09:08,9,5,3,sewri -> vadala_road,98821,LOCAL,Late Morning
HR,sewri,vadala_road,2.0,DOWN,98067,PL55,12.0,Unknown,LOCAL,DAILY,Mumbai CSMT,Panvel,09:09,09:12,9,9,3,sewri -> vadala_road,98067,LOCAL,Late Morning
HR,sewri,vadala_road,2.0,DOWN,98317,BR13,12.0,Unknown,LOCAL,DAILY,Mumbai CSMT,Belapur CBD,09:13,09:16,9,13,3,sewri -> vadala_road,98317,LOCAL,Late Morning
HR,sewri,vadala_road,2.0,DOWN,98723,GN23,12.0,Unknown,LOCAL,DAILY,Mumbai CSMT,Goregaon,09:17,09:20,9,17,3,sewri -> vadala_road,98723,LOCAL,Late Morning
HR,sewri,vadala_road,2.0,DOWN,98069,PL57,12.0,Unknown,LOCAL,DAILY,Mumbai CSMT,Panvel,09:21,09:24,9,21,3,sewri -> vadala_road,98069,LOCAL,Late Morning
HR,sewri,vadala_road,2.0,DOWN,98509,V7,12.0,Unknown,LOCAL,DAILY,Mumbai CSMT,Vashi,09:25,09:28,9,25,3,sewri -> vadala_road,98509,LOCAL,Late Morning
HR,sewri,vadala_road,2.0,DOWN,98823,B23,12.0,Unknown,LOCAL,DAILY,Mumbai CSMT,Bandra,09:29,09:32,9,29,3,sewri -> vadala_road,98823,LOCAL,Late Morning
HR,sewri,vadala_road,2.0,DOWN,98071,PL59,12.0,Unknown,LOCAL,DAILY,Mumbai CSMT,Panvel,09:33,09:36,9,33,3,sewri -> vadala_road,98071,LOCAL,Late Morning
HR,sewri,vadala_road,2.0,DOWN,98511,V9,12.0,Unknown,LOCAL,NOT_SUN,Mumbai CSMT,Vashi,09:37,09:40,9,37,3,sewri -> vadala_road,98511,LOCAL,Late Morning
HR,sewri,vadala_road,2.0,DOWN,98725,GN25,12.0,Unknown,LOCAL,DAILY,Mumbai CSMT,Goregaon,09:41,09:44,9,41,3,sewri -> vadala_road,98725,LOCAL,Late Morning
HR,sewri,vadala_road,2.0,DOWN,98073,PL61,12.0,Unknown,LOCAL,DAILY,Mumbai CSMT,Panvel,09:45,09:48,9,45,3,sewri -> vadala_road,98073,LOCAL,Late Morning
HR,sewri,vadala_road,2.0,DOWN,98513,V11,12.0,Unknown,LOCAL,NOT_SUN,Mumbai CSMT,Vashi,09:49,09:52,9,49,3,sewri -> vadala_road,98513,LOCAL,Late Morning
HR,sewri,vadala_road,2.0,DOWN,98321,BR15,12.0,Unknown,LOCAL,NOT_SUN,Mumbai CSMT,Belapur CBD,09:53,09:56,9,53,3,sewri -> vadala_road,98321,LOCAL,Late Morning
HR,sewri,vadala_road,2.0,DOWN,98825,B25,12.0,Unknown,LOCAL,DAILY,Mumbai CSMT,Bandra,09:57,10:00,9,57,3,sewri -> vadala_road,98825,LOCAL,Late Morning
HR,sewri,vadala_road,2.0,DOWN,98077,PL63,12.0,Unknown,LOCAL,DAILY,Mumbai CSMT,Panvel,10:00,10:03,10,0,3,sewri -> vadala_road,98077,LOCAL,Late Morning
HR,sewri,vadala_road,2.0,DOWN,98735,GN35,12.0,Unknown,LOCAL,DAILY,Mumbai CSMT,Goregaon,12:03,12:06,12,3,3,sewri -> vadala_road,98735,LOCAL,Afternoon
HR,sewri,vadala_road,2.0,DOWN,98103,PL87,12.0,Unknown,LOCAL,DAILY,Mumbai CSMT,Panvel,12:07,12:10,12,7,3,sewri -> vadala_road,98103,LOCAL,Afternoon
HR,sewri,vadala_road,2.0,DOWN,98105,PL89,12.0,Unknown,LOCAL,NOT_SUN,Mumbai CSMT,Panvel,12:11,12:14,12,11,3,sewri -> vadala_road,98105,LOCAL,Afternoon
HR,sewri,vadala_road,2.0,DOWN,98835,B35,12.0,Unknown,LOCAL,DAILY,Mumbai CSMT,Bandra,12:15,12:18,12,15,3,sewri -> vadala_road,98835,LOCAL,Afternoon
HR,sewri,vadala_road,2.0,DOWN,98109,PL91,12.0,Unknown,LOCAL,DAILY,Mumbai CSMT,Panvel,12:23,12:26,12,23,3,sewri -> vadala_road,98109,LOCAL,Afternoon
HR,sewri,vadala_road,2.0,DOWN,98737,GN37,12.0,Unknown,LOCAL,DAILY,Mumbai CSMT,Goregaon,12:27,12:30,12,27,3,sewri -> vadala_road,98737,LOCAL,Afternoon
HR,sewri,vadala_road,2.0,DOWN,98111,PL93,12.0,Unknown,LOCAL,NOT_SUN,Mumbai CSMT,Panvel,12:32,12:35,12,32,3,sewri -> vadala_road,98111,LOCAL,Afternoon
HR,sewri,vadala_road,2.0,DOWN,98837,B37,12.0,Unknown,LOCAL,DAILY,Mumbai CSMT,Bandra,12:36,12:39,12,36,3,sewri -> vadala_road,98837,LOCAL,Afternoon
HR,sewri,vadala_road,2.0,DOWN,98335,BR25,12.0,Unknown,LOCAL,DAILY,Mumbai CSMT,Belapur CBD,12:40,12:43,12,40,3,sewri -> vadala_road,98335,LOCAL,Afternoon
HR,sewri,vadala_road,2.0,DOWN,98113,PL95,12.0,Unknown,LOCAL,DAILY,Mumbai CSMT,Panvel,12:44,12:47,12,44,3,sewri -> vadala_road,98113,LOCAL,Afternoon
HR,sewri,vadala_road,2.0,DOWN,91393,WGN1,12.0,Unknown,LOCAL,NOT_SUN,Mumbai CSMT,Goregaon,12:50,12:53,12,50,3,sewri -> vadala_road,91393,LOCAL,Afternoon
HR,sewri,vadala_road,2.0,DOWN,98337,BR27,12.0,Unknown,LOCAL,DAILY,Mumbai CSMT,Belapur CBD,12:54,12:57,12,54,3,sewri -> vadala_road,98337,LOCAL,Afternoon
HR,sewri,vadala_road,2.0,DOWN,98839,B39,12.0,Unknown,LOCAL,DAILY,Mumbai CSMT,Bandra,13:02,13:05,13,2,3,sewri -> vadala_road,98839,LOCAL,Afternoon
HR,sewri,vadala_road,2.0,DOWN,98117,PL97,12.0,Unknown,LOCAL,DAILY,Mumbai CSMT,Panvel,13:06,13:09,13,6,3,sewri -> vadala_road,98117,LOCAL,Afternoon
HR,sewri,vadala_road,2.0,DOWN,98527,V25,12.0,Unknown,LOCAL,NOT_SUN,Mumbai CSMT,Vashi,13:10,13:13,13,10,3,sewri -> vadala_road,98527,LOCAL,Afternoon
HR,sewri,vadala_road,2.0,DOWN,98739,GN39,12.0,Unknown,LOCAL,DAILY,Mumbai CSMT,Goregaon,13:13,13:17,13,13,4,sewri -> vadala_road,98739,LOCAL,Afternoon
HR,sewri,vadala_road,2.0,DOWN,98121,PL99,12.0,Unknown,LOCAL,DAILY,Mumbai CSMT,Panvel,13:18,13:21,13,18,3,sewri -> vadala_road,98121,LOCAL,Afternoon
HR,sewri,vadala_road,2.0,DOWN,98339,BR29,12.0,Unknown,AC,DAILY,Mumbai CSMT,Belapur CBD,13:22,13:25,13,22,3,sewri -> vadala_road,98339,AC,Afternoon
HR,sewri,vadala_road,2.0,DOWN,98841,B41,12.0,Unknown,LOCAL,DAILY,Mumbai CSMT,Bandra,13:26,13:29,13,26,3,sewri -> vadala_road,98841,LOCAL,Afternoon
HR,sewri,vadala_road,2.0,DOWN,98123,PL101,12.0,Unknown,LOCAL,DAILY,Mumbai CSMT,Panvel,13:30,13:33,13,30,3,sewri -> vadala_road,98123,LOCAL,Afternoon
HR,sewri,vadala_road,2.0,DOWN,98125,PL103,12.0,Unknown,LOCAL,DAILY,Mumbai CSMT,Panvel,13:34,13:37,13,34,3,sewri -> vadala_road,98125,LOCAL,Afternoon
HR,sewri,vadala_road,2.0,DOWN,98741,GN41,12.0,Unknown,LOCAL,DAILY,Mumbai CSMT,Goregaon,13:41,13:44,13,41,3,sewri -> vadala_road,98741,LOCAL,Afternoon
HR,sewri,vadala_road,2.0,DOWN,98127,PL105,12.0,Unknown,LOCAL,DAILY,Mumbai CSMT,Panvel,13:45,13:48,13,45,3,sewri -> vadala_road,98127,LOCAL,Afternoon
HR,sewri,vadala_road,2.0,DOWN,98529,V27,12.0,Unknown,LOCAL,DAILY,Mumbai CSMT,Vashi,13:49,13:52,13,49,3,sewri -> vadala_road,98529,LOCAL,Afternoon
HR,sewri,vadala_road,2.0,DOWN,98843,B43,12.0,Unknown,LOCAL,DAILY,Mumbai CSMT,Bandra,13:53,13:56,13,53,3,sewri -> vadala_road,98843,LOCAL,Afternoon
HR,sewri,vadala_road,2.0,DOWN,98751,GN51,12.0,Unknown,LOCAL,DAILY,Mumbai CSMT,Goregaon,16:03,16:06,16,3,3,sewri -> vadala_road,98751,LOCAL,Evening Peak
HR,sewri,vadala_road,2.0,DOWN,98533,V29,12.0,Unknown,AC,DAILY,Mumbai CSMT,Vashi,16:09,16:12,16,9,3,sewri -> vadala_road,98533,AC,Evening Peak
HR,sewri,vadala_road,2.0,DOWN,98163,PL135,12.0,Unknown,LOCAL,DAILY,Mumbai CSMT,Panvel,16:15,16:18,16,15,3,sewri -> vadala_road,98163,LOCAL,Evening Peak
HR,sewri,vadala_road,2.0,DOWN,98853,B53,12.0,Unknown,LOCAL,NOT_SUN,Mumbai CSMT,Bandra,16:19,16:22,16,19,3,sewri -> vadala_road,98853,LOCAL,Evening Peak
HR,sewri,vadala_road,2.0,DOWN,98165,PL137,12.0,Unknown,LOCAL,DAILY,Mumbai CSMT,Panvel,16:23,16:26,16,23,3,sewri -> vadala_road,98165,LOCAL,Evening Peak
HR,sewri,vadala_road,2.0,DOWN,98535,V31,12.0,Unknown,LOCAL,NOT_SUN,Mumbai CSMT,Vashi,16:27,16:30,16,27,3,sewri -> vadala_road,98535,LOCAL,Evening Peak
HR,sewri,vadala_road,2.0,DOWN,98753,GN53,12.0,Unknown,LOCAL,DAILY,Mumbai CSMT,Goregaon,16:31,16:34,16,31,3,sewri -> vadala_road,98753,LOCAL,Evening Peak
HR,sewri,vadala_road,2.0,DOWN,98169,PL139,12.0,Unknown,LOCAL,DAILY,Mumbai CSMT,Panvel,16:38,16:41,16,38,3,sewri -> vadala_road,98169,LOCAL,Evening Peak
HR,sewri,vadala_road,2.0,DOWN,98347,BR35,12.0,Unknown,LOCAL,NOT_SUN,Mumbai CSMT,Belapur CBD,16:42,16:45,16,42,3,sewri -> vadala_road,98347,LOCAL,Evening Peak
HR,sewri,vadala_road,2.0,DOWN,98855,B55,12.0,Unknown,LOCAL,DAILY,Mumbai CSMT,Bandra,16:46,16:49,16,46,3,sewri -> vadala_road,98855,LOCAL,Evening Peak
HR,sewri,vadala_road,2.0,DOWN,98171,PL141,12.0,Unknown,LOCAL,DAILY,Mumbai CSMT,Panvel,16:50,16:53,16,50,3,sewri -> vadala_road,98171,LOCAL,Evening Peak
HR,sewri,vadala_road,2.0,DOWN,98349,BR37,12.0,Unknown,LOCAL,DAILY,Mumbai CSMT,Belapur CBD,16:54,16:57,16,54,3,sewri -> vadala_road,98349,LOCAL,Evening Peak
HR,sewri,vadala_road,2.0,DOWN,98755,GN55,12.0,Unknown,LOCAL,DAILY,Mumbai CSMT,Goregaon,16:58,17:01,16,58,3,sewri -> vadala_road,98755,LOCAL,Evening Peak
HR,sewri,vadala_road,2.0,DOWN,98537,V33,12.0,Unknown,LOCAL,DAILY,Mumbai CSMT,Vashi,17:02,17:05,17,2,3,sewri -> vadala_road,98537,LOCAL,Evening Peak
HR,sewri,vadala_road,2.0,DOWN,98175,PL143,12.0,Unknown,LOCAL,DAILY,Mumbai CSMT,Panvel,17:06,17:09,17,6,3,sewri -> vadala_road,98175,LOCAL,Evening Peak
HR,sewri,vadala_road,2.0,DOWN,98857,B57,12.0,Unknown,LOCAL,DAILY,Mumbai CSMT,Bandra,17:11,17:14,17,11,3,sewri -> vadala_road,98857,LOCAL,Evening Peak
HR,sewri,vadala_road,2.0,DOWN,98351,BR39,12.0,Unknown,LOCAL,DAILY,Mumbai CSMT,Belapur CBD,17:15,17:18,17,15,3,sewri -> vadala_road,98351,LOCAL,Evening Peak
HR,sewri,vadala_road,2.0,DOWN,98539,V35,12.0,Unknown,LOCAL,NOT_SUN,Mumbai CSMT,Vashi,17:19,17:22,17,19,3,sewri -> vadala_road,98539,LOCAL,Evening Peak
HR,sewri,vadala_road,2.0,DOWN,98179,PL145,12.0,Unknown,LOCAL,DAILY,Mumbai CSMT,Panvel,17:23,17:26,17,23,3,sewri -> vadala_road,98179,LOCAL,Evening Peak
HR,sewri,vadala_road,2.0,DOWN,98757,GN57,12.0,Unknown,LOCAL,DAILY,Mumbai CSMT,Goregaon,17:27,17:30,17,27,3,sewri -> vadala_road,98757,LOCAL,Evening Peak
HR,sewri,vadala_road,2.0,DOWN,98353,BR41,12.0,Unknown,LOCAL,NOT_SUN,Mumbai CSMT,Belapur CBD,17:31,17:34,17,31,3,sewri -> vadala_road,98353,LOCAL,Evening Peak
HR,sewri,vadala_road,2.0,DOWN,98183,PL147,12.0,Unknown,LOCAL,DAILY,Mumbai CSMT,Panvel,17:35,17:38,17,35,3,sewri -> vadala_road,98183,LOCAL,Evening Peak
HR,sewri,vadala_road,2.0,DOWN,98541,V37,12.0,Unknown,LOCAL,NOT_SUN,Mumbai CSMT,Vashi,17:41,17:44,17,41,3,sewri -> vadala_road,98541,LOCAL,Evening Peak
HR,sewri,vadala_road,2.0,DOWN,98859,B59,12.0,Unknown,LOCAL,DAILY,Mumbai CSMT,Bandra,17:44,17:47,17,44,3,sewri -> vadala_road,98859,LOCAL,Evening Peak
HR,sewri,vadala_road,2.0,DOWN,98185,PL149,12.0,Unknown,LOCAL,DAILY,Mumbai CSMT,Panvel,17:48,17:51,17,48,3,sewri -> vadala_road,98185,LOCAL,Evening Peak
HR,sewri,vadala_road,2.0,DOWN,98759,GN59,12.0,Unknown,LOCAL,NOT_SUN,Mumbai CSMT,Goregaon,17:52,17:55,17,52,3,sewri -> vadala_road,98759,LOCAL,Evening Peak
HR,sewri,vadala_road,2.0,DOWN,98543,V39,12.0,Unknown,LOCAL,DAILY,Mumbai CSMT,Vashi,17:56,17:59,17,56,3,sewri -> vadala_road,98543,LOCAL,Evening Peak
HR,sewri,vadala_road,2.0,DOWN,98189,PL151,12.0,Unknown,LOCAL,DAILY,Mumbai CSMT,Panvel,18:00,18:03,18,0,3,sewri -> vadala_road,98189,LOCAL,Evening Peak
HR,sewri,vadala_road,2.0,DOWN,98217,PL173,12.0,Unknown,LOCAL,DAILY,Mumbai CSMT,Panvel,20:03,20:06,20,3,3,sewri -> vadala_road,98217,LOCAL,Night
HR,sewri,vadala_road,2.0,DOWN,98365,BR51,12.0,Unknown,LOCAL,NOT_SUN,Mumbai CSMT,Belapur CBD,20:07,20:10,20,7,3,sewri -> vadala_road,98365,LOCAL,Night
HR,sewri,vadala_road,2.0,DOWN,98869,B69,12.0,Unknown,LOCAL,DAILY,Mumbai CSMT,Bandra,20:11,20:14,20,11,3,sewri -> vadala_road,98869,LOCAL,Night
HR,sewri,vadala_road,2.0,DOWN,98221,PL175,12.0,Unknown,AC,DAILY,Mumbai CSMT,Panvel,20:15,20:18,20,15,3,sewri -> vadala_road,98221,AC,Night
HR,sewri,vadala_road,2.0,DOWN,98555,V51,12.0,Unknown,LOCAL,DAILY,Mumbai CSMT,Vashi,20:19,20:22,20,19,3,sewri -> vadala_road,98555,LOCAL,Night
HR,sewri,vadala_road,2.0,DOWN,98771,GN71,12.0,Unknown,LOCAL,DAILY,Mumbai CSMT,Goregaon,20:23,20:26,20,23,3,sewri -> vadala_road,98771,LOCAL,Night
HR,sewri,vadala_road,2.0,DOWN,98223,PL177,12.0,Unknown,LOCAL,DAILY,Mumbai CSMT,Panvel,20:31,20:34,20,31,3,sewri -> vadala_road,98223,LOCAL,Night
HR,sewri,vadala_road,2.0,DOWN,98871,B71,12.0,Unknown,LOCAL,DAILY,Mumbai CSMT,Bandra,20:35,20:38,20,35,3,sewri -> vadala_road,98871,LOCAL,Night
HR,sewri,vadala_road,2.0,DOWN,98367,BR53,12.0,Unknown,LOCAL,DAILY,Mumbai CSMT,Belapur CBD,20:43,20:46,20,43,3,sewri -> vadala_road,98367,LOCAL,Night
HR,sewri,vadala_road,2.0,DOWN,98225,PL179,12.0,Unknown,LOCAL,DAILY,Mumbai CSMT,Panvel,20:47,20:50,20,47,3,sewri -> vadala_road,98225,LOCAL,Night
HR,sewri,vadala_road,2.0,DOWN,98773,GN73,12.0,Unknown,LOCAL,DAILY,Mumbai CSMT,Goregaon,20:51,20:54,20,51,3,sewri -> vadala_road,98773,LOCAL,Night
HR,sewri,vadala_road,2.0,DOWN,98557,V53,12.0,Unknown,LOCAL,NOT_SUN,Mumbai CSMT,Vashi,20:55,20:58,20,55,3,sewri -> vadala_road,98557,LOCAL,Night
HR,sewri,vadala_road,2.0,DOWN,91491,WBO1,12.0,Unknown,LOCAL,DAILY,Mumbai CSMT,Tilaknagar,21:00,21:03,21,0,3,sewri -> vadala_road,91491,LOCAL,Night
HR,sewri,vadala_road,2.0,DOWN,98229,PL181,12.0,Unknown,LOCAL,DAILY,Mumbai CSMT,Panvel,21:04,21:07,21,4,3,sewri -> vadala_road,98229,LOCAL,Night
HR,sewri,vadala_road,2.0,DOWN,98873,B73,12.0,Unknown,LOCAL,DAILY,Mumbai CSMT,Bandra,21:09,21:12,21,9,3,sewri -> vadala_road,98873,LOCAL,Night
HR,sewri,vadala_road,2.0,DOWN,98233,PL183,12.0,Unknown,LOCAL,DAILY,Mumbai CSMT,Panvel,21:17,21:20,21,17,3,sewri -> vadala_road,98233,LOCAL,Night
HR,sewri,vadala_road,2.0,DOWN,98559,V55,12.0,Unknown,LOCAL,NOT_SUN,Mumbai CSMT,Vashi,21:21,21:24,21,21,3,sewri -> vadala_road,98559,LOCAL,Night
HR,sewri,vadala_road,2.0,DOWN,98775,GN75,12.0,Unknown,LOCAL,DAILY,Mumbai CSMT,Goregaon,21:25,21:28,21,25,3,sewri -> vadala_road,98775,LOCAL,Night
HR,sewri,vadala_road,2.0,DOWN,98235,PL185,12.0,Unknown,LOCAL,DAILY,Mumbai CSMT,Panvel,21:29,21:32,21,29,3,sewri -> vadala_road,98235,LOCAL,Night
HR,sewri,vadala_road,2.0,DOWN,98369,BR55,12.0,Unknown,LOCAL,DAILY,Mumbai CSMT,Belapur CBD,21:33,21:36,21,33,3,sewri -> vadala_road,98369,LOCAL,Night
HR,sewri,vadala_road,2.0,DOWN,98875,B75,12.0,Unknown,LOCAL,DAILY,Mumbai CSMT,Bandra,21:37,21:40,21,37,3,sewri -> vadala_road,98875,LOCAL,Night
HR,sewri,vadala_road,2.0,DOWN,98561,V57,12.0,Unknown,LOCAL,NOT_SUN,Mumbai CSMT,Vashi,21:41,21:44,21,41,3,sewri -> vadala_road,98561,LOCAL,Night
HR,sewri,vadala_road,2.0,DOWN,98239,PL187,12.0,Unknown,AC,DAILY,Mumbai CSMT,Panvel,21:45,21:48,21,45,3,sewri -> vadala_road,98239,AC,Night
HR,sewri,vadala_road,2.0,DOWN,98777,GN77,12.0,Unknown,LOCAL,DAILY,Mumbai CSMT,Goregaon,21:49,21:52,21,49,3,sewri -> vadala_road,98777,LOCAL,Night
HR,sewri,vadala_road,2.0,DOWN,98371,BR57,12.0,Unknown,LOCAL,NOT_SUN,Mumbai CSMT,Belapur CBD,21:53,21:56,21,53,3,sewri -> vadala_road,98371,LOCAL,Night
HR,sewri,vadala_road,2.0,DOWN,98241,PL189,12.0,Unknown,LOCAL,DAILY,Mumbai CSMT,Panvel,21:57,22:00,21,57,3,sewri -> vadala_road,98241,LOCAL,Night
HR,vadala_road,kings_circle,1.7,DOWN,98787,GN87,12.0,Unknown,LOCAL,DAILY,Mumbai CSMT,Goregaon,00:04,00:08,0,4,4,vadala_road -> kings_circle,98787,LOCAL,Late Night
HR,vadala_road,kings_circle,1.7,DOWN,98801,B1,12.0,Unknown,LOCAL,DAILY,Mumbai CSMT,Bandra,00:35,00:39,0,35,4,vadala_road -> kings_circle,98801,LOCAL,Late Night
HR,vadala_road,kings_circle,1.7,DOWN,98803,B3,12.0,Unknown,LOCAL,DAILY,Mumbai CSMT,Bandra,00:54,00:58,0,54,4,vadala_road -> kings_circle,98803,LOCAL,Late Night
HR,vadala_road,kings_circle,1.7,DOWN,98701,GN1,12.0,Unknown,LOCAL,DAILY,Mumbai CSMT,Goregaon,04:46,04:50,4,46,4,vadala_road -> kings_circle,98701,LOCAL,Late Night
HR,vadala_road,kings_circle,1.7,DOWN,98703,GN3,12.0,Unknown,LOCAL,NOT_SUN,Mumbai CSMT,Goregaon,05:14,05:18,5,14,4,vadala_road -> kings_circle,98703,LOCAL,Morning Peak
HR,vadala_road,kings_circle,1.7,DOWN,98705,GN5,12.0,Unknown,LOCAL,DAILY,Mumbai CSMT,Goregaon,05:28,05:32,5,28,4,vadala_road -> kings_circle,98705,LOCAL,Morning Peak
HR,vadala_road,kings_circle,1.7,DOWN,98707,GN7,12.0,Unknown,LOCAL,DAILY,Mumbai CSMT,Goregaon,05:44,05:48,5,44,4,vadala_road -> kings_circle,98707,LOCAL,Morning Peak
HR,vadala_road,kings_circle,1.7,DOWN,98805,B5,12.0,Unknown,LOCAL,DAILY,Mumbai CSMT,Bandra,05:51,05:55,5,51,4,vadala_road -> kings_circle,98805,LOCAL,Morning Peak
HR,vadala_road,kings_circle,1.7,DOWN,98815,B15,12.0,Unknown,LOCAL,DAILY,Mumbai CSMT,Bandra,08:09,08:13,8,9,4,vadala_road -> kings_circle,98815,LOCAL,Morning Peak
HR,vadala_road,kings_circle,1.7,DOWN,98719,GN19,12.0,Unknown,LOCAL,DAILY,Mumbai CSMT,Goregaon,08:22,08:26,8,22,4,vadala_road -> kings_circle,98719,LOCAL,Morning Peak
HR,vadala_road,kings_circle,1.7,DOWN,98817,B17,12.0,Unknown,LOCAL,DAILY,Mumbai CSMT,Bandra,08:34,08:38,8,34,4,vadala_road -> kings_circle,98817,LOCAL,Morning Peak
HR,vadala_road,kings_circle,1.7,DOWN,98819,B19,12.0,Unknown,LOCAL,DAILY,Mumbai CSMT,Bandra,08:48,08:53,8,48,5,vadala_road -> kings_circle,98819,LOCAL,Morning Peak
HR,vadala_road,kings_circle,1.7,DOWN,98721,GN21,12.0,Unknown,LOCAL,DAILY,Mumbai CSMT,Goregaon,09:00,09:04,9,0,4,vadala_road -> kings_circle,98721,LOCAL,Late Morning
HR,vadala_road,kings_circle,1.7,DOWN,98821,B21,12.0,Unknown,LOCAL,DAILY,Mumbai CSMT,Bandra,09:08,09:12,9,8,4,vadala_road -> kings_circle,98821,LOCAL,Late Morning
HR,vadala_road,kings_circle,1.7,DOWN,98723,GN23,12.0,Unknown,LOCAL,DAILY,Mumbai CSMT,Goregaon,09:20,09:24,9,20,4,vadala_road -> kings_circle,98723,LOCAL,Late Morning
HR,vadala_road,kings_circle,1.7,DOWN,98823,B23,12.0,Unknown,LOCAL,DAILY,Mumbai CSMT,Bandra,09:32,09:36,9,32,4,vadala_road -> kings_circle,98823,LOCAL,Late Morning
HR,vadala_road,kings_circle,1.7,DOWN,98725,GN25,12.0,Unknown,LOCAL,DAILY,Mumbai CSMT,Goregaon,09:44,09:48,9,44,4,vadala_road -> kings_circle,98725,LOCAL,Late Morning
HR,vadala_road,kings_circle,1.7,DOWN,98825,B25,12.0,Unknown,LOCAL,DAILY,Mumbai CSMT,Bandra,10:00,10:04,10,0,4,vadala_road -> kings_circle,98825,LOCAL,Late Morning
HR,vadala_road,kings_circle,1.7,DOWN,98735,GN35,12.0,Unknown,LOCAL,DAILY,Mumbai CSMT,Goregaon,12:06,12:10,12,6,4,vadala_road -> kings_circle,98735,LOCAL,Afternoon
HR,vadala_road,kings_circle,1.7,DOWN,98835,B35,12.0,Unknown,LOCAL,DAILY,Mumbai CSMT,Bandra,12:18,12:22,12,18,4,vadala_road -> kings_circle,98835,LOCAL,Afternoon
HR,vadala_road,kings_circle,1.7,DOWN,98737,GN37,12.0,Unknown,LOCAL,DAILY,Mumbai CSMT,Goregaon,12:30,12:34,12,30,4,vadala_road -> kings_circle,98737,LOCAL,Afternoon
HR,vadala_road,kings_circle,1.7,DOWN,98837,B37,12.0,Unknown,LOCAL,DAILY,Mumbai CSMT,Bandra,12:39,12:43,12,39,4,vadala_road -> kings_circle,98837,LOCAL,Afternoon
HR,vadala_road,kings_circle,1.7,DOWN,91393,WGN1,12.0,Unknown,LOCAL,NOT_SUN,Mumbai CSMT,Goregaon,12:53,12:57,12,53,4,vadala_road -> kings_circle,91393,LOCAL,Afternoon
HR,vadala_road,kings_circle,1.7,DOWN,98839,B39,12.0,Unknown,LOCAL,DAILY,Mumbai CSMT,Bandra,13:05,13:09,13,5,4,vadala_road -> kings_circle,98839,LOCAL,Afternoon
HR,vadala_road,kings_circle,1.7,DOWN,98739,GN39,12.0,Unknown,LOCAL,DAILY,Mumbai CSMT,Goregaon,13:17,13:21,13,17,4,vadala_road -> kings_circle,98739,LOCAL,Afternoon
HR,vadala_road,kings_circle,1.7,DOWN,98841,B41,12.0,Unknown,LOCAL,DAILY,Mumbai CSMT,Bandra,13:29,13:33,13,29,4,vadala_road -> kings_circle,98841,LOCAL,Afternoon
HR,vadala_road,kings_circle,1.7,DOWN,98741,GN41,12.0,Unknown,LOCAL,DAILY,Mumbai CSMT,Goregaon,13:44,13:48,13,44,4,vadala_road -> kings_circle,98741,LOCAL,Afternoon
HR,vadala_road,kings_circle,1.7,DOWN,98843,B43,12.0,Unknown,LOCAL,DAILY,Mumbai CSMT,Bandra,13:56,14:00,13,56,4,vadala_road -> kings_circle,98843,LOCAL,Afternoon
HR,vadala_road,kings_circle,1.7,DOWN,98751,GN51,12.0,Unknown,LOCAL,DAILY,Mumbai CSMT,Goregaon,16:06,16:10,16,6,4,vadala_road -> kings_circle,98751,LOCAL,Evening Peak
HR,vadala_road,kings_circle,1.7,DOWN,98853,B53,12.0,Unknown,LOCAL,NOT_SUN,Mumbai CSMT,Bandra,16:22,16:26,16,22,4,vadala_road -> kings_circle,98853,LOCAL,Evening Peak
HR,vadala_road,kings_circle,1.7,DOWN,98753,GN53,12.0,Unknown,LOCAL,DAILY,Mumbai CSMT,Goregaon,16:34,16:38,16,34,4,vadala_road -> kings_circle,98753,LOCAL,Evening Peak
HR,vadala_road,kings_circle,1.7,DOWN,98855,B55,12.0,Unknown,LOCAL,DAILY,Mumbai CSMT,Bandra,16:49,16:53,16,49,4,vadala_road -> kings_circle,98855,LOCAL,Evening Peak
HR,vadala_road,kings_circle,1.7,DOWN,98755,GN55,12.0,Unknown,LOCAL,DAILY,Mumbai CSMT,Goregaon,17:01,17:05,17,1,4,vadala_road -> kings_circle,98755,LOCAL,Evening Peak
HR,vadala_road,kings_circle,1.7,DOWN,98857,B57,12.0,Unknown,LOCAL,DAILY,Mumbai CSMT,Bandra,17:14,17:18,17,14,4,vadala_road -> kings_circle,98857,LOCAL,Evening Peak
HR,vadala_road,kings_circle,1.7,DOWN,98757,GN57,12.0,Unknown,LOCAL,DAILY,Mumbai CSMT,Goregaon,17:30,17:34,17,30,4,vadala_road -> kings_circle,98757,LOCAL,Evening Peak
HR,vadala_road,kings_circle,1.7,DOWN,98859,B59,12.0,Unknown,LOCAL,DAILY,Mumbai CSMT,Bandra,17:47,17:51,17,47,4,vadala_road -> kings_circle,98859,LOCAL,Evening Peak
HR,vadala_road,kings_circle,1.7,DOWN,98759,GN59,12.0,Unknown,LOCAL,NOT_SUN,Mumbai CSMT,Goregaon,17:55,18:00,17,55,5,vadala_road -> kings_circle,98759,LOCAL,Evening Peak
HR,vadala_road,kings_circle,1.7,DOWN,98869,B69,12.0,Unknown,LOCAL,DAILY,Mumbai CSMT,Bandra,20:14,20:18,20,14,4,vadala_road -> kings_circle,98869,LOCAL,Night
HR,vadala_road,kings_circle,1.7,DOWN,98771,GN71,12.0,Unknown,LOCAL,DAILY,Mumbai CSMT,Goregaon,20:26,20:31,20,26,5,vadala_road -> kings_circle,98771,LOCAL,Night
HR,vadala_road,kings_circle,1.7,DOWN,98871,B71,12.0,Unknown,LOCAL,DAILY,Mumbai CSMT,Bandra,20:38,20:42,20,38,4,vadala_road -> kings_circle,98871,LOCAL,Night
HR,vadala_road,kings_circle,1.7,DOWN,98773,GN73,12.0,Unknown,LOCAL,DAILY,Mumbai CSMT,Goregaon,20:54,20:59,20,54,5,vadala_road -> kings_circle,98773,LOCAL,Night
HR,vadala_road,kings_circle,1.7,DOWN,91491,WBO1,12.0,Unknown,LOCAL,DAILY,Mumbai CSMT,Tilaknagar,21:03,21:07,21,3,4,vadala_road -> kings_circle,91491,LOCAL,Night
HR,vadala_road,kings_circle,1.7,DOWN,98873,B73,12.0,Unknown,LOCAL,DAILY,Mumbai CSMT,Bandra,21:12,21:16,21,12,4,vadala_road -> kings_circle,98873,LOCAL,Night
HR,vadala_road,kings_circle,1.7,DOWN,98775,GN75,12.0,Unknown,LOCAL,DAILY,Mumbai CSMT,Goregaon,21:28,21:33,21,28,5,vadala_road -> kings_circle,98775,LOCAL,Night
HR,vadala_road,kings_circle,1.7,DOWN,98875,B75,12.0,Unknown,LOCAL,DAILY,Mumbai CSMT,Bandra,21:40,21:44,21,40,4,vadala_road -> kings_circle,98875,LOCAL,Night
HR,vadala_road,kings_circle,1.7,DOWN,98777,GN77,12.0,Unknown,LOCAL,DAILY,Mumbai CSMT,Goregaon,21:52,21:57,21,52,5,vadala_road -> kings_circle,98777,LOCAL,Night
HR,kings_circle,mahim_jn_hr,1.7,DOWN,98885,B85,12.0,Unknown,LOCAL,DAILY,Mumbai CSMT,Bandra,00:00,00:02,0,0,2,kings_circle -> mahim_jn_hr,98885,LOCAL,Late Night
HR,kings_circle,mahim_jn_hr,1.7,DOWN,98787,GN87,12.0,Unknown,LOCAL,DAILY,Mumbai CSMT,Goregaon,00:08,00:11,0,8,3,kings_circle -> mahim_jn_hr,98787,LOCAL,Late Night
HR,kings_circle,mahim_jn_hr,1.7,DOWN,98801,B1,12.0,Unknown,LOCAL,DAILY,Mumbai CSMT,Bandra,00:39,00:41,0,39,2,kings_circle -> mahim_jn_hr,98801,LOCAL,Late Night
HR,kings_circle,mahim_jn_hr,1.7,DOWN,98803,B3,12.0,Unknown,LOCAL,DAILY,Mumbai CSMT,Bandra,00:58,01:00,0,58,2,kings_circle -> mahim_jn_hr,98803,LOCAL,Late Night
HR,kings_circle,mahim_jn_hr,1.7,DOWN,98701,GN1,12.0,Unknown,LOCAL,DAILY,Mumbai CSMT,Goregaon,04:50,04:53,4,50,3,kings_circle -> mahim_jn_hr,98701,LOCAL,Late Night
HR,kings_circle,mahim_jn_hr,1.7,DOWN,98703,GN3,12.0,Unknown,LOCAL,NOT_SUN,Mumbai CSMT,Goregaon,05:18,05:21,5,18,3,kings_circle -> mahim_jn_hr,98703,LOCAL,Morning Peak
HR,kings_circle,mahim_jn_hr,1.7,DOWN,98705,GN5,12.0,Unknown,LOCAL,DAILY,Mumbai CSMT,Goregaon,05:32,05:35,5,32,3,kings_circle -> mahim_jn_hr,98705,LOCAL,Morning Peak
HR,kings_circle,mahim_jn_hr,1.7,DOWN,98707,GN7,12.0,Unknown,LOCAL,DAILY,Mumbai CSMT,Goregaon,05:48,05:51,5,48,3,kings_circle -> mahim_jn_hr,98707,LOCAL,Morning Peak
HR,kings_circle,mahim_jn_hr,1.7,DOWN,98805,B5,12.0,Unknown,LOCAL,DAILY,Mumbai CSMT,Bandra,05:55,05:58,5,55,3,kings_circle -> mahim_jn_hr,98805,LOCAL,Morning Peak
HR,kings_circle,mahim_jn_hr,1.7,DOWN,98815,B15,12.0,Unknown,LOCAL,DAILY,Mumbai CSMT,Bandra,08:13,08:16,8,13,3,kings_circle -> mahim_jn_hr,98815,LOCAL,Morning Peak
HR,kings_circle,mahim_jn_hr,1.7,DOWN,98719,GN19,12.0,Unknown,LOCAL,DAILY,Mumbai CSMT,Goregaon,08:26,08:29,8,26,3,kings_circle -> mahim_jn_hr,98719,LOCAL,Morning Peak
HR,kings_circle,mahim_jn_hr,1.7,DOWN,98817,B17,12.0,Unknown,LOCAL,DAILY,Mumbai CSMT,Bandra,08:38,08:41,8,38,3,kings_circle -> mahim_jn_hr,98817,LOCAL,Morning Peak
HR,kings_circle,mahim_jn_hr,1.7,DOWN,98819,B19,12.0,Unknown,LOCAL,DAILY,Mumbai CSMT,Bandra,08:53,08:56,8,53,3,kings_circle -> mahim_jn_hr,98819,LOCAL,Morning Peak
HR,kings_circle,mahim_jn_hr,1.7,DOWN,98721,GN21,12.0,Unknown,LOCAL,DAILY,Mumbai CSMT,Goregaon,09:04,09:08,9,4,4,kings_circle -> mahim_jn_hr,98721,LOCAL,Late Morning
HR,kings_circle,mahim_jn_hr,1.7,DOWN,98821,B21,12.0,Unknown,LOCAL,DAILY,Mumbai CSMT,Bandra,09:12,09:15,9,12,3,kings_circle -> mahim_jn_hr,98821,LOCAL,Late Morning
HR,kings_circle,mahim_jn_hr,1.7,DOWN,98723,GN23,12.0,Unknown,LOCAL,DAILY,Mumbai CSMT,Goregaon,09:24,09:27,9,24,3,kings_circle -> mahim_jn_hr,98723,LOCAL,Late Morning
HR,kings_circle,mahim_jn_hr,1.7,DOWN,98823,B23,12.0,Unknown,LOCAL,DAILY,Mumbai CSMT,Bandra,09:36,09:39,9,36,3,kings_circle -> mahim_jn_hr,98823,LOCAL,Late Morning
HR,kings_circle,mahim_jn_hr,1.7,DOWN,98725,GN25,12.0,Unknown,LOCAL,DAILY,Mumbai CSMT,Goregaon,09:48,09:51,9,48,3,kings_circle -> mahim_jn_hr,98725,LOCAL,Late Morning
HR,kings_circle,mahim_jn_hr,1.7,DOWN,98735,GN35,12.0,Unknown,LOCAL,DAILY,Mumbai CSMT,Goregaon,12:10,12:13,12,10,3,kings_circle -> mahim_jn_hr,98735,LOCAL,Afternoon
HR,kings_circle,mahim_jn_hr,1.7,DOWN,98835,B35,12.0,Unknown,LOCAL,DAILY,Mumbai CSMT,Bandra,12:22,12:24,12,22,2,kings_circle -> mahim_jn_hr,98835,LOCAL,Afternoon
HR,kings_circle,mahim_jn_hr,1.7,DOWN,98737,GN37,12.0,Unknown,LOCAL,DAILY,Mumbai CSMT,Goregaon,12:34,12:37,12,34,3,kings_circle -> mahim_jn_hr,98737,LOCAL,Afternoon
HR,kings_circle,mahim_jn_hr,1.7,DOWN,98837,B37,12.0,Unknown,LOCAL,DAILY,Mumbai CSMT,Bandra,12:43,12:46,12,43,3,kings_circle -> mahim_jn_hr,98837,LOCAL,Afternoon
HR,kings_circle,mahim_jn_hr,1.7,DOWN,91393,WGN1,12.0,Unknown,LOCAL,NOT_SUN,Mumbai CSMT,Goregaon,12:57,13:00,12,57,3,kings_circle -> mahim_jn_hr,91393,LOCAL,Afternoon
HR,kings_circle,mahim_jn_hr,1.7,DOWN,98839,B39,12.0,Unknown,LOCAL,DAILY,Mumbai CSMT,Bandra,13:09,13:12,13,9,3,kings_circle -> mahim_jn_hr,98839,LOCAL,Afternoon
HR,kings_circle,mahim_jn_hr,1.7,DOWN,98739,GN39,12.0,Unknown,LOCAL,DAILY,Mumbai CSMT,Goregaon,13:21,13:24,13,21,3,kings_circle -> mahim_jn_hr,98739,LOCAL,Afternoon
HR,kings_circle,mahim_jn_hr,1.7,DOWN,98841,B41,12.0,Unknown,LOCAL,DAILY,Mumbai CSMT,Bandra,13:33,13:36,13,33,3,kings_circle -> mahim_jn_hr,98841,LOCAL,Afternoon
HR,kings_circle,mahim_jn_hr,1.7,DOWN,98741,GN41,12.0,Unknown,LOCAL,DAILY,Mumbai CSMT,Goregaon,13:48,13:51,13,48,3,kings_circle -> mahim_jn_hr,98741,LOCAL,Afternoon
HR,kings_circle,mahim_jn_hr,1.7,DOWN,98843,B43,12.0,Unknown,LOCAL,DAILY,Mumbai CSMT,Bandra,14:00,14:03,14,0,3,kings_circle -> mahim_jn_hr,98843,LOCAL,Afternoon
HR,kings_circle,mahim_jn_hr,1.7,DOWN,98751,GN51,12.0,Unknown,LOCAL,DAILY,Mumbai CSMT,Goregaon,16:10,16:13,16,10,3,kings_circle -> mahim_jn_hr,98751,LOCAL,Evening Peak
HR,kings_circle,mahim_jn_hr,1.7,DOWN,98853,B53,12.0,Unknown,LOCAL,NOT_SUN,Mumbai CSMT,Bandra,16:26,16:29,16,26,3,kings_circle -> mahim_jn_hr,98853,LOCAL,Evening Peak
HR,kings_circle,mahim_jn_hr,1.7,DOWN,98753,GN53,12.0,Unknown,LOCAL,DAILY,Mumbai CSMT,Goregaon,16:38,16:41,16,38,3,kings_circle -> mahim_jn_hr,98753,LOCAL,Evening Peak
HR,kings_circle,mahim_jn_hr,1.7,DOWN,98855,B55,12.0,Unknown,LOCAL,DAILY,Mumbai CSMT,Bandra,16:53,16:55,16,53,2,kings_circle -> mahim_jn_hr,98855,LOCAL,Evening Peak
HR,kings_circle,mahim_jn_hr,1.7,DOWN,98755,GN55,12.0,Unknown,LOCAL,DAILY,Mumbai CSMT,Goregaon,17:05,17:08,17,5,3,kings_circle -> mahim_jn_hr,98755,LOCAL,Evening Peak
HR,kings_circle,mahim_jn_hr,1.7,DOWN,98857,B57,12.0,Unknown,LOCAL,DAILY,Mumbai CSMT,Bandra,17:18,17:20,17,18,2,kings_circle -> mahim_jn_hr,98857,LOCAL,Evening Peak
HR,kings_circle,mahim_jn_hr,1.7,DOWN,98757,GN57,12.0,Unknown,LOCAL,DAILY,Mumbai CSMT,Goregaon,17:34,17:37,17,34,3,kings_circle -> mahim_jn_hr,98757,LOCAL,Evening Peak
HR,kings_circle,mahim_jn_hr,1.7,DOWN,98859,B59,12.0,Unknown,LOCAL,DAILY,Mumbai CSMT,Bandra,17:51,17:53,17,51,2,kings_circle -> mahim_jn_hr,98859,LOCAL,Evening Peak
HR,kings_circle,mahim_jn_hr,1.7,DOWN,98759,GN59,12.0,Unknown,LOCAL,NOT_SUN,Mumbai CSMT,Goregaon,18:00,18:02,18,0,2,kings_circle -> mahim_jn_hr,98759,LOCAL,Evening Peak
HR,kings_circle,mahim_jn_hr,1.7,DOWN,98769,GN69,12.0,Unknown,LOCAL,DAILY,Mumbai CSMT,Goregaon,20:03,20:05,20,3,2,kings_circle -> mahim_jn_hr,98769,LOCAL,Night
HR,kings_circle,mahim_jn_hr,1.7,DOWN,98869,B69,12.0,Unknown,LOCAL,DAILY,Mumbai CSMT,Bandra,20:18,20:20,20,18,2,kings_circle -> mahim_jn_hr,98869,LOCAL,Night
HR,kings_circle,mahim_jn_hr,1.7,DOWN,98771,GN71,12.0,Unknown,LOCAL,DAILY,Mumbai CSMT,Goregaon,20:31,20:33,20,31,2,kings_circle -> mahim_jn_hr,98771,LOCAL,Night
HR,kings_circle,mahim_jn_hr,1.7,DOWN,98871,B71,12.0,Unknown,LOCAL,DAILY,Mumbai CSMT,Bandra,20:42,20:44,20,42,2,kings_circle -> mahim_jn_hr,98871,LOCAL,Night
HR,kings_circle,mahim_jn_hr,1.7,DOWN,98773,GN73,12.0,Unknown,LOCAL,DAILY,Mumbai CSMT,Goregaon,20:59,21:01,20,59,2,kings_circle -> mahim_jn_hr,98773,LOCAL,Night
HR,kings_circle,mahim_jn_hr,1.7,DOWN,91491,WBO1,12.0,Unknown,LOCAL,DAILY,Mumbai CSMT,Tilaknagar,21:07,21:09,21,7,2,kings_circle -> mahim_jn_hr,91491,LOCAL,Night
HR,kings_circle,mahim_jn_hr,1.7,DOWN,98873,B73,12.0,Unknown,LOCAL,DAILY,Mumbai CSMT,Bandra,21:16,21:18,21,16,2,kings_circle -> mahim_jn_hr,98873,LOCAL,Night
HR,kings_circle,mahim_jn_hr,1.7,DOWN,98775,GN75,12.0,Unknown,LOCAL,DAILY,Mumbai CSMT,Goregaon,21:33,21:35,21,33,2,kings_circle -> mahim_jn_hr,98775,LOCAL,Night
HR,kings_circle,mahim_jn_hr,1.7,DOWN,98875,B75,12.0,Unknown,LOCAL,DAILY,Mumbai CSMT,Bandra,21:44,21:46,21,44,2,kings_circle -> mahim_jn_hr,98875,LOCAL,Night
HR,kings_circle,mahim_jn_hr,1.7,DOWN,98777,GN77,12.0,Unknown,LOCAL,DAILY,Mumbai CSMT,Goregaon,21:57,21:59,21,57,2,kings_circle -> mahim_jn_hr,98777,LOCAL,Night
HR,mahim_jn_hr,bandra_hr,1.6,DOWN,98885,B85,12.0,Unknown,LOCAL,DAILY,Mumbai CSMT,Bandra,00:02,00:07,0,2,5,mahim_jn_hr -> bandra_hr,98885,LOCAL,Late Night
HR,mahim_jn_hr,bandra_hr,1.6,DOWN,98787,GN87,12.0,Unknown,LOCAL,DAILY,Mumbai CSMT,Goregaon,00:11,00:15,0,11,4,mahim_jn_hr -> bandra_hr,98787,LOCAL,Late Night
HR,mahim_jn_hr,bandra_hr,1.6,DOWN,98801,B1,12.0,Unknown,LOCAL,DAILY,Mumbai CSMT,Bandra,00:41,00:45,0,41,4,mahim_jn_hr -> bandra_hr,98801,LOCAL,Late Night
HR,mahim_jn_hr,bandra_hr,1.6,DOWN,98803,B3,12.0,Unknown,LOCAL,DAILY,Mumbai CSMT,Bandra,01:00,01:04,1,0,4,mahim_jn_hr -> bandra_hr,98803,LOCAL,Late Night
HR,mahim_jn_hr,bandra_hr,1.6,DOWN,98701,GN1,12.0,Unknown,LOCAL,DAILY,Mumbai CSMT,Goregaon,04:53,04:57,4,53,4,mahim_jn_hr -> bandra_hr,98701,LOCAL,Late Night
HR,mahim_jn_hr,bandra_hr,1.6,DOWN,98703,GN3,12.0,Unknown,LOCAL,NOT_SUN,Mumbai CSMT,Goregaon,05:21,05:25,5,21,4,mahim_jn_hr -> bandra_hr,98703,LOCAL,Morning Peak
HR,mahim_jn_hr,bandra_hr,1.6,DOWN,98705,GN5,12.0,Unknown,LOCAL,DAILY,Mumbai CSMT,Goregaon,05:35,05:39,5,35,4,mahim_jn_hr -> bandra_hr,98705,LOCAL,Morning Peak
HR,mahim_jn_hr,bandra_hr,1.6,DOWN,98707,GN7,12.0,Unknown,LOCAL,DAILY,Mumbai CSMT,Goregaon,05:51,05:55,5,51,4,mahim_jn_hr -> bandra_hr,98707,LOCAL,Morning Peak
HR,mahim_jn_hr,bandra_hr,1.6,DOWN,98805,B5,12.0,Unknown,LOCAL,DAILY,Mumbai CSMT,Bandra,05:58,06:02,5,58,4,mahim_jn_hr -> bandra_hr,98805,LOCAL,Morning Peak
HR,mahim_jn_hr,bandra_hr,1.6,DOWN,98717,GN17,12.0,Unknown,LOCAL,DAILY,Mumbai CSMT,Goregaon,08:01,08:05,8,1,4,mahim_jn_hr -> bandra_hr,98717,LOCAL,Morning Peak
HR,mahim_jn_hr,bandra_hr,1.6,DOWN,98815,B15,12.0,Unknown,LOCAL,DAILY,Mumbai CSMT,Bandra,08:16,08:20,8,16,4,mahim_jn_hr -> bandra_hr,98815,LOCAL,Morning Peak
HR,mahim_jn_hr,bandra_hr,1.6,DOWN,98719,GN19,12.0,Unknown,LOCAL,DAILY,Mumbai CSMT,Goregaon,08:29,08:33,8,29,4,mahim_jn_hr -> bandra_hr,98719,LOCAL,Morning Peak
HR,mahim_jn_hr,bandra_hr,1.6,DOWN,98817,B17,12.0,Unknown,LOCAL,DAILY,Mumbai CSMT,Bandra,08:41,08:45,8,41,4,mahim_jn_hr -> bandra_hr,98817,LOCAL,Morning Peak
HR,mahim_jn_hr,bandra_hr,1.6,DOWN,98819,B19,12.0,Unknown,LOCAL,DAILY,Mumbai CSMT,Bandra,08:56,09:00,8,56,4,mahim_jn_hr -> bandra_hr,98819,LOCAL,Morning Peak
HR,mahim_jn_hr,bandra_hr,1.6,DOWN,98721,GN21,12.0,Unknown,LOCAL,DAILY,Mumbai CSMT,Goregaon,09:08,09:12,9,8,4,mahim_jn_hr -> bandra_hr,98721,LOCAL,Late Morning
HR,mahim_jn_hr,bandra_hr,1.6,DOWN,98821,B21,12.0,Unknown,LOCAL,DAILY,Mumbai CSMT,Bandra,09:15,09:19,9,15,4,mahim_jn_hr -> bandra_hr,98821,LOCAL,Late Morning
HR,mahim_jn_hr,bandra_hr,1.6,DOWN,98723,GN23,12.0,Unknown,LOCAL,DAILY,Mumbai CSMT,Goregaon,09:27,09:31,9,27,4,mahim_jn_hr -> bandra_hr,98723,LOCAL,Late Morning
HR,mahim_jn_hr,bandra_hr,1.6,DOWN,98823,B23,12.0,Unknown,LOCAL,DAILY,Mumbai CSMT,Bandra,09:39,09:43,9,39,4,mahim_jn_hr -> bandra_hr,98823,LOCAL,Late Morning
HR,mahim_jn_hr,bandra_hr,1.6,DOWN,98725,GN25,12.0,Unknown,LOCAL,DAILY,Mumbai CSMT,Goregaon,09:51,09:55,9,51,4,mahim_jn_hr -> bandra_hr,98725,LOCAL,Late Morning
HR,mahim_jn_hr,bandra_hr,1.6,DOWN,98833,B33,12.0,Unknown,LOCAL,DAILY,Mumbai CSMT,Bandra,12:02,12:06,12,2,4,mahim_jn_hr -> bandra_hr,98833,LOCAL,Afternoon
HR,mahim_jn_hr,bandra_hr,1.6,DOWN,98735,GN35,12.0,Unknown,LOCAL,DAILY,Mumbai CSMT,Goregaon,12:13,12:17,12,13,4,mahim_jn_hr -> bandra_hr,98735,LOCAL,Afternoon
HR,mahim_jn_hr,bandra_hr,1.6,DOWN,98835,B35,12.0,Unknown,LOCAL,DAILY,Mumbai CSMT,Bandra,12:24,12:28,12,24,4,mahim_jn_hr -> bandra_hr,98835,LOCAL,Afternoon
HR,mahim_jn_hr,bandra_hr,1.6,DOWN,98737,GN37,12.0,Unknown,LOCAL,DAILY,Mumbai CSMT,Goregaon,12:37,12:41,12,37,4,mahim_jn_hr -> bandra_hr,98737,LOCAL,Afternoon
HR,mahim_jn_hr,bandra_hr,1.6,DOWN,98837,B37,12.0,Unknown,LOCAL,DAILY,Mumbai CSMT,Bandra,12:46,12:50,12,46,4,mahim_jn_hr -> bandra_hr,98837,LOCAL,Afternoon
HR,mahim_jn_hr,bandra_hr,1.6,DOWN,91393,WGN1,12.0,Unknown,LOCAL,NOT_SUN,Mumbai CSMT,Goregaon,13:00,13:04,13,0,4,mahim_jn_hr -> bandra_hr,91393,LOCAL,Afternoon
HR,mahim_jn_hr,bandra_hr,1.6,DOWN,98839,B39,12.0,Unknown,LOCAL,DAILY,Mumbai CSMT,Bandra,13:12,13:16,13,12,4,mahim_jn_hr -> bandra_hr,98839,LOCAL,Afternoon
HR,mahim_jn_hr,bandra_hr,1.6,DOWN,98739,GN39,12.0,Unknown,LOCAL,DAILY,Mumbai CSMT,Goregaon,13:24,13:28,13,24,4,mahim_jn_hr -> bandra_hr,98739,LOCAL,Afternoon
HR,mahim_jn_hr,bandra_hr,1.6,DOWN,98841,B41,12.0,Unknown,LOCAL,DAILY,Mumbai CSMT,Bandra,13:36,13:40,13,36,4,mahim_jn_hr -> bandra_hr,98841,LOCAL,Afternoon
HR,mahim_jn_hr,bandra_hr,1.6,DOWN,98741,GN41,12.0,Unknown,LOCAL,DAILY,Mumbai CSMT,Goregaon,13:51,13:55,13,51,4,mahim_jn_hr -> bandra_hr,98741,LOCAL,Afternoon
HR,mahim_jn_hr,bandra_hr,1.6,DOWN,98751,GN51,12.0,Unknown,LOCAL,DAILY,Mumbai CSMT,Goregaon,16:13,16:17,16,13,4,mahim_jn_hr -> bandra_hr,98751,LOCAL,Evening Peak
HR,mahim_jn_hr,bandra_hr,1.6,DOWN,98853,B53,12.0,Unknown,LOCAL,NOT_SUN,Mumbai CSMT,Bandra,16:29,16:33,16,29,4,mahim_jn_hr -> bandra_hr,98853,LOCAL,Evening Peak
HR,mahim_jn_hr,bandra_hr,1.6,DOWN,98753,GN53,12.0,Unknown,LOCAL,DAILY,Mumbai CSMT,Goregaon,16:41,16:45,16,41,4,mahim_jn_hr -> bandra_hr,98753,LOCAL,Evening Peak
HR,mahim_jn_hr,bandra_hr,1.6,DOWN,98855,B55,12.0,Unknown,LOCAL,DAILY,Mumbai CSMT,Bandra,16:55,17:00,16,55,5,mahim_jn_hr -> bandra_hr,98855,LOCAL,Evening Peak
HR,mahim_jn_hr,bandra_hr,1.6,DOWN,98755,GN55,12.0,Unknown,LOCAL,DAILY,Mumbai CSMT,Goregaon,17:08,17:12,17,8,4,mahim_jn_hr -> bandra_hr,98755,LOCAL,Evening Peak
HR,mahim_jn_hr,bandra_hr,1.6,DOWN,98857,B57,12.0,Unknown,LOCAL,DAILY,Mumbai CSMT,Bandra,17:20,17:25,17,20,5,mahim_jn_hr -> bandra_hr,98857,LOCAL,Evening Peak
HR,mahim_jn_hr,bandra_hr,1.6,DOWN,98757,GN57,12.0,Unknown,LOCAL,DAILY,Mumbai CSMT,Goregaon,17:37,17:41,17,37,4,mahim_jn_hr -> bandra_hr,98757,LOCAL,Evening Peak
HR,mahim_jn_hr,bandra_hr,1.6,DOWN,98859,B59,12.0,Unknown,LOCAL,DAILY,Mumbai CSMT,Bandra,17:53,17:58,17,53,5,mahim_jn_hr -> bandra_hr,98859,LOCAL,Evening Peak
HR,mahim_jn_hr,bandra_hr,1.6,DOWN,98769,GN69,12.0,Unknown,LOCAL,DAILY,Mumbai CSMT,Goregaon,20:05,20:09,20,5,4,mahim_jn_hr -> bandra_hr,98769,LOCAL,Night
HR,mahim_jn_hr,bandra_hr,1.6,DOWN,98869,B69,12.0,Unknown,LOCAL,DAILY,Mumbai CSMT,Bandra,20:20,20:24,20,20,4,mahim_jn_hr -> bandra_hr,98869,LOCAL,Night
HR,mahim_jn_hr,bandra_hr,1.6,DOWN,98771,GN71,12.0,Unknown,LOCAL,DAILY,Mumbai CSMT,Goregaon,20:33,20:37,20,33,4,mahim_jn_hr -> bandra_hr,98771,LOCAL,Night
HR,mahim_jn_hr,bandra_hr,1.6,DOWN,98871,B71,12.0,Unknown,LOCAL,DAILY,Mumbai CSMT,Bandra,20:44,20:50,20,44,6,mahim_jn_hr -> bandra_hr,98871,LOCAL,Night
HR,mahim_jn_hr,bandra_hr,1.6,DOWN,98773,GN73,12.0,Unknown,LOCAL,DAILY,Mumbai CSMT,Goregaon,21:01,21:05,21,1,4,mahim_jn_hr -> bandra_hr,98773,LOCAL,Night
HR,mahim_jn_hr,bandra_hr,1.6,DOWN,91491,WBO1,12.0,Unknown,LOCAL,DAILY,Mumbai CSMT,Tilaknagar,21:09,21:13,21,9,4,mahim_jn_hr -> bandra_hr,91491,LOCAL,Night
HR,mahim_jn_hr,bandra_hr,1.6,DOWN,98873,B73,12.0,Unknown,LOCAL,DAILY,Mumbai CSMT,Bandra,21:18,21:23,21,18,5,mahim_jn_hr -> bandra_hr,98873,LOCAL,Night
HR,mahim_jn_hr,bandra_hr,1.6,DOWN,98775,GN75,12.0,Unknown,LOCAL,DAILY,Mumbai CSMT,Goregaon,21:35,21:39,21,35,4,mahim_jn_hr -> bandra_hr,98775,LOCAL,Night
HR,mahim_jn_hr,bandra_hr,1.6,DOWN,98875,B75,12.0,Unknown,LOCAL,DAILY,Mumbai CSMT,Bandra,21:46,21:51,21,46,5,mahim_jn_hr -> bandra_hr,98875,LOCAL,Night
HR,mahim_jn_hr,bandra_hr,1.6,DOWN,98777,GN77,12.0,Unknown,LOCAL,DAILY,Mumbai CSMT,Goregaon,21:59,22:03,21,59,4,mahim_jn_hr -> bandra_hr,98777,LOCAL,Night
HR,bandra_hr,khar_road_hr,1.6,DOWN,98787,GN87,12.0,Unknown,LOCAL,DAILY,Mumbai CSMT,Goregaon,00:15,00:20,0,15,5,bandra_hr -> khar_road_hr,98787,LOCAL,Late Night
HR,bandra_hr,khar_road_hr,1.6,DOWN,98701,GN1,12.0,Unknown,LOCAL,DAILY,Mumbai CSMT,Goregaon,04:57,05:01,4,57,4,bandra_hr -> khar_road_hr,98701,LOCAL,Late Night
HR,bandra_hr,khar_road_hr,1.6,DOWN,98703,GN3,12.0,Unknown,LOCAL,NOT_SUN,Mumbai CSMT,Goregaon,05:25,05:29,5,25,4,bandra_hr -> khar_road_hr,98703,LOCAL,Morning Peak
HR,bandra_hr,khar_road_hr,1.6,DOWN,98705,GN5,12.0,Unknown,LOCAL,DAILY,Mumbai CSMT,Goregaon,05:39,05:43,5,39,4,bandra_hr -> khar_road_hr,98705,LOCAL,Morning Peak
HR,bandra_hr,khar_road_hr,1.6,DOWN,98707,GN7,12.0,Unknown,LOCAL,DAILY,Mumbai CSMT,Goregaon,05:55,05:59,5,55,4,bandra_hr -> khar_road_hr,98707,LOCAL,Morning Peak
HR,bandra_hr,khar_road_hr,1.6,DOWN,98717,GN17,12.0,Unknown,LOCAL,DAILY,Mumbai CSMT,Goregaon,08:05,08:09,8,5,4,bandra_hr -> khar_road_hr,98717,LOCAL,Morning Peak
HR,bandra_hr,khar_road_hr,1.6,DOWN,98719,GN19,12.0,Unknown,LOCAL,DAILY,Mumbai CSMT,Goregaon,08:33,08:37,8,33,4,bandra_hr -> khar_road_hr,98719,LOCAL,Morning Peak
HR,bandra_hr,khar_road_hr,1.6,DOWN,98721,GN21,12.0,Unknown,LOCAL,DAILY,Mumbai CSMT,Goregaon,09:12,09:16,9,12,4,bandra_hr -> khar_road_hr,98721,LOCAL,Late Morning
HR,bandra_hr,khar_road_hr,1.6,DOWN,98723,GN23,12.0,Unknown,LOCAL,DAILY,Mumbai CSMT,Goregaon,09:31,09:35,9,31,4,bandra_hr -> khar_road_hr,98723,LOCAL,Late Morning
HR,bandra_hr,khar_road_hr,1.6,DOWN,98725,GN25,12.0,Unknown,LOCAL,DAILY,Mumbai CSMT,Goregaon,09:55,09:59,9,55,4,bandra_hr -> khar_road_hr,98725,LOCAL,Late Morning
HR,bandra_hr,khar_road_hr,1.6,DOWN,98735,GN35,12.0,Unknown,LOCAL,DAILY,Mumbai CSMT,Goregaon,12:17,12:21,12,17,4,bandra_hr -> khar_road_hr,98735,LOCAL,Afternoon
HR,bandra_hr,khar_road_hr,1.6,DOWN,98737,GN37,12.0,Unknown,LOCAL,DAILY,Mumbai CSMT,Goregaon,12:41,12:45,12,41,4,bandra_hr -> khar_road_hr,98737,LOCAL,Afternoon
HR,bandra_hr,khar_road_hr,1.6,DOWN,91393,WGN1,12.0,Unknown,LOCAL,NOT_SUN,Mumbai CSMT,Goregaon,13:04,13:08,13,4,4,bandra_hr -> khar_road_hr,91393,LOCAL,Afternoon
HR,bandra_hr,khar_road_hr,1.6,DOWN,98739,GN39,12.0,Unknown,LOCAL,DAILY,Mumbai CSMT,Goregaon,13:28,13:32,13,28,4,bandra_hr -> khar_road_hr,98739,LOCAL,Afternoon
HR,bandra_hr,khar_road_hr,1.6,DOWN,98741,GN41,12.0,Unknown,LOCAL,DAILY,Mumbai CSMT,Goregaon,13:55,13:59,13,55,4,bandra_hr -> khar_road_hr,98741,LOCAL,Afternoon
HR,bandra_hr,khar_road_hr,1.6,DOWN,98751,GN51,12.0,Unknown,LOCAL,DAILY,Mumbai CSMT,Goregaon,16:17,16:21,16,17,4,bandra_hr -> khar_road_hr,98751,LOCAL,Evening Peak
HR,bandra_hr,khar_road_hr,1.6,DOWN,98753,GN53,12.0,Unknown,LOCAL,DAILY,Mumbai CSMT,Goregaon,16:45,16:49,16,45,4,bandra_hr -> khar_road_hr,98753,LOCAL,Evening Peak
HR,bandra_hr,khar_road_hr,1.6,DOWN,98755,GN55,12.0,Unknown,LOCAL,DAILY,Mumbai CSMT,Goregaon,17:12,17:16,17,12,4,bandra_hr -> khar_road_hr,98755,LOCAL,Evening Peak
HR,bandra_hr,khar_road_hr,1.6,DOWN,98757,GN57,12.0,Unknown,LOCAL,DAILY,Mumbai CSMT,Goregaon,17:41,17:45,17,41,4,bandra_hr -> khar_road_hr,98757,LOCAL,Evening Peak
HR,bandra_hr,khar_road_hr,1.6,DOWN,98769,GN69,12.0,Unknown,LOCAL,DAILY,Mumbai CSMT,Goregaon,20:09,20:14,20,9,5,bandra_hr -> khar_road_hr,98769,LOCAL,Night
HR,bandra_hr,khar_road_hr,1.6,DOWN,98771,GN71,12.0,Unknown,LOCAL,DAILY,Mumbai CSMT,Goregaon,20:37,20:42,20,37,5,bandra_hr -> khar_road_hr,98771,LOCAL,Night
HR,bandra_hr,khar_road_hr,1.6,DOWN,98773,GN73,12.0,Unknown,LOCAL,DAILY,Mumbai CSMT,Goregaon,21:05,21:10,21,5,5,bandra_hr -> khar_road_hr,98773,LOCAL,Night
HR,bandra_hr,khar_road_hr,1.6,DOWN,91491,WBO1,12.0,Unknown,LOCAL,DAILY,Mumbai CSMT,Tilaknagar,21:13,21:17,21,13,4,bandra_hr -> khar_road_hr,91491,LOCAL,Night
HR,bandra_hr,khar_road_hr,1.6,DOWN,98775,GN75,12.0,Unknown,LOCAL,DAILY,Mumbai CSMT,Goregaon,21:39,21:44,21,39,5,bandra_hr -> khar_road_hr,98775,LOCAL,Night
HR,khar_road_hr,santa_cruz_hr,1.3,DOWN,98787,GN87,12.0,Unknown,LOCAL,DAILY,Mumbai CSMT,Goregaon,00:20,00:23,0,20,3,khar_road_hr -> santa_cruz_hr,98787,LOCAL,Late Night
HR,khar_road_hr,santa_cruz_hr,1.3,DOWN,98701,GN1,12.0,Unknown,LOCAL,DAILY,Mumbai CSMT,Goregaon,05:01,05:04,5,1,3,khar_road_hr -> santa_cruz_hr,98701,LOCAL,Morning Peak
HR,khar_road_hr,santa_cruz_hr,1.3,DOWN,98703,GN3,12.0,Unknown,LOCAL,NOT_SUN,Mumbai CSMT,Goregaon,05:29,05:32,5,29,3,khar_road_hr -> santa_cruz_hr,98703,LOCAL,Morning Peak
HR,khar_road_hr,santa_cruz_hr,1.3,DOWN,98705,GN5,12.0,Unknown,LOCAL,DAILY,Mumbai CSMT,Goregaon,05:43,05:46,5,43,3,khar_road_hr -> santa_cruz_hr,98705,LOCAL,Morning Peak
HR,khar_road_hr,santa_cruz_hr,1.3,DOWN,98707,GN7,12.0,Unknown,LOCAL,DAILY,Mumbai CSMT,Goregaon,05:59,06:02,5,59,3,khar_road_hr -> santa_cruz_hr,98707,LOCAL,Morning Peak
HR,khar_road_hr,santa_cruz_hr,1.3,DOWN,98717,GN17,12.0,Unknown,LOCAL,DAILY,Mumbai CSMT,Goregaon,08:09,08:12,8,9,3,khar_road_hr -> santa_cruz_hr,98717,LOCAL,Morning Peak
HR,khar_road_hr,santa_cruz_hr,1.3,DOWN,98719,GN19,12.0,Unknown,LOCAL,DAILY,Mumbai CSMT,Goregaon,08:37,08:40,8,37,3,khar_road_hr -> santa_cruz_hr,98719,LOCAL,Morning Peak
HR,khar_road_hr,santa_cruz_hr,1.3,DOWN,98721,GN21,12.0,Unknown,LOCAL,DAILY,Mumbai CSMT,Goregaon,09:16,09:19,9,16,3,khar_road_hr -> santa_cruz_hr,98721,LOCAL,Late Morning
HR,khar_road_hr,santa_cruz_hr,1.3,DOWN,98723,GN23,12.0,Unknown,LOCAL,DAILY,Mumbai CSMT,Goregaon,09:35,09:38,9,35,3,khar_road_hr -> santa_cruz_hr,98723,LOCAL,Late Morning
HR,khar_road_hr,santa_cruz_hr,1.3,DOWN,98725,GN25,12.0,Unknown,LOCAL,DAILY,Mumbai CSMT,Goregaon,09:59,10:02,9,59,3,khar_road_hr -> santa_cruz_hr,98725,LOCAL,Late Morning
HR,khar_road_hr,santa_cruz_hr,1.3,DOWN,98735,GN35,12.0,Unknown,LOCAL,DAILY,Mumbai CSMT,Goregaon,12:21,12:24,12,21,3,khar_road_hr -> santa_cruz_hr,98735,LOCAL,Afternoon
HR,khar_road_hr,santa_cruz_hr,1.3,DOWN,98737,GN37,12.0,Unknown,LOCAL,DAILY,Mumbai CSMT,Goregaon,12:45,12:48,12,45,3,khar_road_hr -> santa_cruz_hr,98737,LOCAL,Afternoon
HR,khar_road_hr,santa_cruz_hr,1.3,DOWN,91393,WGN1,12.0,Unknown,LOCAL,NOT_SUN,Mumbai CSMT,Goregaon,13:08,13:11,13,8,3,khar_road_hr -> santa_cruz_hr,91393,LOCAL,Afternoon
HR,khar_road_hr,santa_cruz_hr,1.3,DOWN,98739,GN39,12.0,Unknown,LOCAL,DAILY,Mumbai CSMT,Goregaon,13:32,13:35,13,32,3,khar_road_hr -> santa_cruz_hr,98739,LOCAL,Afternoon
HR,khar_road_hr,santa_cruz_hr,1.3,DOWN,98741,GN41,12.0,Unknown,LOCAL,DAILY,Mumbai CSMT,Goregaon,13:59,14:02,13,59,3,khar_road_hr -> santa_cruz_hr,98741,LOCAL,Afternoon
HR,khar_road_hr,santa_cruz_hr,1.3,DOWN,98751,GN51,12.0,Unknown,LOCAL,DAILY,Mumbai CSMT,Goregaon,16:21,16:24,16,21,3,khar_road_hr -> santa_cruz_hr,98751,LOCAL,Evening Peak
HR,khar_road_hr,santa_cruz_hr,1.3,DOWN,98753,GN53,12.0,Unknown,LOCAL,DAILY,Mumbai CSMT,Goregaon,16:49,16:52,16,49,3,khar_road_hr -> santa_cruz_hr,98753,LOCAL,Evening Peak
HR,khar_road_hr,santa_cruz_hr,1.3,DOWN,98755,GN55,12.0,Unknown,LOCAL,DAILY,Mumbai CSMT,Goregaon,17:16,17:19,17,16,3,khar_road_hr -> santa_cruz_hr,98755,LOCAL,Evening Peak
HR,khar_road_hr,santa_cruz_hr,1.3,DOWN,98757,GN57,12.0,Unknown,LOCAL,DAILY,Mumbai CSMT,Goregaon,17:45,17:48,17,45,3,khar_road_hr -> santa_cruz_hr,98757,LOCAL,Evening Peak
HR,khar_road_hr,santa_cruz_hr,1.3,DOWN,98769,GN69,12.0,Unknown,LOCAL,DAILY,Mumbai CSMT,Goregaon,20:14,20:17,20,14,3,khar_road_hr -> santa_cruz_hr,98769,LOCAL,Night
HR,khar_road_hr,santa_cruz_hr,1.3,DOWN,98771,GN71,12.0,Unknown,LOCAL,DAILY,Mumbai CSMT,Goregaon,20:42,20:45,20,42,3,khar_road_hr -> santa_cruz_hr,98771,LOCAL,Night
HR,khar_road_hr,santa_cruz_hr,1.3,DOWN,98773,GN73,12.0,Unknown,LOCAL,DAILY,Mumbai CSMT,Goregaon,21:10,21:13,21,10,3,khar_road_hr -> santa_cruz_hr,98773,LOCAL,Night
HR,khar_road_hr,santa_cruz_hr,1.3,DOWN,91491,WBO1,12.0,Unknown,LOCAL,DAILY,Mumbai CSMT,Tilaknagar,21:17,21:20,21,17,3,khar_road_hr -> santa_cruz_hr,91491,LOCAL,Night
HR,khar_road_hr,santa_cruz_hr,1.3,DOWN,98775,GN75,12.0,Unknown,LOCAL,DAILY,Mumbai CSMT,Goregaon,21:44,21:47,21,44,3,khar_road_hr -> santa_cruz_hr,98775,LOCAL,Night
HR,santa_cruz_hr,vile_parle_hr,2.1,DOWN,98785,GN85,12.0,Unknown,LOCAL,DAILY,Mumbai CSMT,Goregaon,00:03,00:06,0,3,3,santa_cruz_hr -> vile_parle_hr,98785,LOCAL,Late Night
HR,santa_cruz_hr,vile_parle_hr,2.1,DOWN,98787,GN87,12.0,Unknown,LOCAL,DAILY,Mumbai CSMT,Goregaon,00:23,00:26,0,23,3,santa_cruz_hr -> vile_parle_hr,98787,LOCAL,Late Night
HR,santa_cruz_hr,vile_parle_hr,2.1,DOWN,98701,GN1,12.0,Unknown,LOCAL,DAILY,Mumbai CSMT,Goregaon,05:04,05:07,5,4,3,santa_cruz_hr -> vile_parle_hr,98701,LOCAL,Morning Peak
HR,santa_cruz_hr,vile_parle_hr,2.1,DOWN,98703,GN3,12.0,Unknown,LOCAL,NOT_SUN,Mumbai CSMT,Goregaon,05:32,05:35,5,32,3,santa_cruz_hr -> vile_parle_hr,98703,LOCAL,Morning Peak
HR,santa_cruz_hr,vile_parle_hr,2.1,DOWN,98705,GN5,12.0,Unknown,LOCAL,DAILY,Mumbai CSMT,Goregaon,05:46,05:49,5,46,3,santa_cruz_hr -> vile_parle_hr,98705,LOCAL,Morning Peak
HR,santa_cruz_hr,vile_parle_hr,2.1,DOWN,98717,GN17,12.0,Unknown,LOCAL,DAILY,Mumbai CSMT,Goregaon,08:12,08:15,8,12,3,santa_cruz_hr -> vile_parle_hr,98717,LOCAL,Morning Peak
HR,santa_cruz_hr,vile_parle_hr,2.1,DOWN,98719,GN19,12.0,Unknown,LOCAL,DAILY,Mumbai CSMT,Goregaon,08:40,08:43,8,40,3,santa_cruz_hr -> vile_parle_hr,98719,LOCAL,Morning Peak
HR,santa_cruz_hr,vile_parle_hr,2.1,DOWN,98721,GN21,12.0,Unknown,LOCAL,DAILY,Mumbai CSMT,Goregaon,09:19,09:22,9,19,3,santa_cruz_hr -> vile_parle_hr,98721,LOCAL,Late Morning
HR,santa_cruz_hr,vile_parle_hr,2.1,DOWN,98723,GN23,12.0,Unknown,LOCAL,DAILY,Mumbai CSMT,Goregaon,09:38,09:41,9,38,3,santa_cruz_hr -> vile_parle_hr,98723,LOCAL,Late Morning
HR,santa_cruz_hr,vile_parle_hr,2.1,DOWN,98735,GN35,12.0,Unknown,LOCAL,DAILY,Mumbai CSMT,Goregaon,12:24,12:27,12,24,3,santa_cruz_hr -> vile_parle_hr,98735,LOCAL,Afternoon
HR,santa_cruz_hr,vile_parle_hr,2.1,DOWN,98737,GN37,12.0,Unknown,LOCAL,DAILY,Mumbai CSMT,Goregaon,12:48,12:51,12,48,3,santa_cruz_hr -> vile_parle_hr,98737,LOCAL,Afternoon
HR,santa_cruz_hr,vile_parle_hr,2.1,DOWN,91393,WGN1,12.0,Unknown,LOCAL,NOT_SUN,Mumbai CSMT,Goregaon,13:11,13:14,13,11,3,santa_cruz_hr -> vile_parle_hr,91393,LOCAL,Afternoon
HR,santa_cruz_hr,vile_parle_hr,2.1,DOWN,98739,GN39,12.0,Unknown,LOCAL,DAILY,Mumbai CSMT,Goregaon,13:35,13:38,13,35,3,santa_cruz_hr -> vile_parle_hr,98739,LOCAL,Afternoon
HR,santa_cruz_hr,vile_parle_hr,2.1,DOWN,98751,GN51,12.0,Unknown,LOCAL,DAILY,Mumbai CSMT,Goregaon,16:24,16:27,16,24,3,santa_cruz_hr -> vile_parle_hr,98751,LOCAL,Evening Peak
HR,santa_cruz_hr,vile_parle_hr,2.1,DOWN,98753,GN53,12.0,Unknown,LOCAL,DAILY,Mumbai CSMT,Goregaon,16:52,16:55,16,52,3,santa_cruz_hr -> vile_parle_hr,98753,LOCAL,Evening Peak
HR,santa_cruz_hr,vile_parle_hr,2.1,DOWN,98755,GN55,12.0,Unknown,LOCAL,DAILY,Mumbai CSMT,Goregaon,17:19,17:22,17,19,3,santa_cruz_hr -> vile_parle_hr,98755,LOCAL,Evening Peak
HR,santa_cruz_hr,vile_parle_hr,2.1,DOWN,98757,GN57,12.0,Unknown,LOCAL,DAILY,Mumbai CSMT,Goregaon,17:48,17:51,17,48,3,santa_cruz_hr -> vile_parle_hr,98757,LOCAL,Evening Peak
HR,santa_cruz_hr,vile_parle_hr,2.1,DOWN,98769,GN69,12.0,Unknown,LOCAL,DAILY,Mumbai CSMT,Goregaon,20:17,20:20,20,17,3,santa_cruz_hr -> vile_parle_hr,98769,LOCAL,Night
HR,santa_cruz_hr,vile_parle_hr,2.1,DOWN,98771,GN71,12.0,Unknown,LOCAL,DAILY,Mumbai CSMT,Goregaon,20:45,20:48,20,45,3,santa_cruz_hr -> vile_parle_hr,98771,LOCAL,Night
HR,santa_cruz_hr,vile_parle_hr,2.1,DOWN,98773,GN73,12.0,Unknown,LOCAL,DAILY,Mumbai CSMT,Goregaon,21:13,21:16,21,13,3,santa_cruz_hr -> vile_parle_hr,98773,LOCAL,Night
HR,santa_cruz_hr,vile_parle_hr,2.1,DOWN,91491,WBO1,12.0,Unknown,LOCAL,DAILY,Mumbai CSMT,Tilaknagar,21:20,21:23,21,20,3,santa_cruz_hr -> vile_parle_hr,91491,LOCAL,Night
HR,santa_cruz_hr,vile_parle_hr,2.1,DOWN,98775,GN75,12.0,Unknown,LOCAL,DAILY,Mumbai CSMT,Goregaon,21:47,21:50,21,47,3,santa_cruz_hr -> vile_parle_hr,98775,LOCAL,Night
HR,vile_parle_hr,andheri_hr,2.2,DOWN,98785,GN85,12.0,Unknown,LOCAL,DAILY,Mumbai CSMT,Goregaon,00:06,00:10,0,6,4,vile_parle_hr -> andheri_hr,98785,LOCAL,Late Night
HR,vile_parle_hr,andheri_hr,2.2,DOWN,98787,GN87,12.0,Unknown,LOCAL,DAILY,Mumbai CSMT,Goregaon,00:26,00:30,0,26,4,vile_parle_hr -> andheri_hr,98787,LOCAL,Late Night
HR,vile_parle_hr,andheri_hr,2.2,DOWN,98701,GN1,12.0,Unknown,LOCAL,DAILY,Mumbai CSMT,Goregaon,05:07,05:11,5,7,4,vile_parle_hr -> andheri_hr,98701,LOCAL,Morning Peak
HR,vile_parle_hr,andheri_hr,2.2,DOWN,98703,GN3,12.0,Unknown,LOCAL,NOT_SUN,Mumbai CSMT,Goregaon,05:35,05:39,5,35,4,vile_parle_hr -> andheri_hr,98703,LOCAL,Morning Peak
HR,vile_parle_hr,andheri_hr,2.2,DOWN,98705,GN5,12.0,Unknown,LOCAL,DAILY,Mumbai CSMT,Goregaon,05:49,05:53,5,49,4,vile_parle_hr -> andheri_hr,98705,LOCAL,Morning Peak
HR,vile_parle_hr,andheri_hr,2.2,DOWN,98717,GN17,12.0,Unknown,LOCAL,DAILY,Mumbai CSMT,Goregaon,08:15,08:19,8,15,4,vile_parle_hr -> andheri_hr,98717,LOCAL,Morning Peak
HR,vile_parle_hr,andheri_hr,2.2,DOWN,98719,GN19,12.0,Unknown,LOCAL,DAILY,Mumbai CSMT,Goregaon,08:43,08:47,8,43,4,vile_parle_hr -> andheri_hr,98719,LOCAL,Morning Peak
HR,vile_parle_hr,andheri_hr,2.2,DOWN,98721,GN21,12.0,Unknown,LOCAL,DAILY,Mumbai CSMT,Goregaon,09:22,09:26,9,22,4,vile_parle_hr -> andheri_hr,98721,LOCAL,Late Morning
HR,vile_parle_hr,andheri_hr,2.2,DOWN,98723,GN23,12.0,Unknown,LOCAL,DAILY,Mumbai CSMT,Goregaon,09:41,09:45,9,41,4,vile_parle_hr -> andheri_hr,98723,LOCAL,Late Morning
HR,vile_parle_hr,andheri_hr,2.2,DOWN,98735,GN35,12.0,Unknown,LOCAL,DAILY,Mumbai CSMT,Goregaon,12:27,12:31,12,27,4,vile_parle_hr -> andheri_hr,98735,LOCAL,Afternoon
HR,vile_parle_hr,andheri_hr,2.2,DOWN,98737,GN37,12.0,Unknown,LOCAL,DAILY,Mumbai CSMT,Goregaon,12:51,12:55,12,51,4,vile_parle_hr -> andheri_hr,98737,LOCAL,Afternoon
HR,vile_parle_hr,andheri_hr,2.2,DOWN,91393,WGN1,12.0,Unknown,LOCAL,NOT_SUN,Mumbai CSMT,Goregaon,13:14,13:18,13,14,4,vile_parle_hr -> andheri_hr,91393,LOCAL,Afternoon
HR,vile_parle_hr,andheri_hr,2.2,DOWN,98739,GN39,12.0,Unknown,LOCAL,DAILY,Mumbai CSMT,Goregaon,13:38,13:42,13,38,4,vile_parle_hr -> andheri_hr,98739,LOCAL,Afternoon
HR,vile_parle_hr,andheri_hr,2.2,DOWN,98751,GN51,12.0,Unknown,LOCAL,DAILY,Mumbai CSMT,Goregaon,16:27,16:31,16,27,4,vile_parle_hr -> andheri_hr,98751,LOCAL,Evening Peak
HR,vile_parle_hr,andheri_hr,2.2,DOWN,98753,GN53,12.0,Unknown,LOCAL,DAILY,Mumbai CSMT,Goregaon,16:55,16:59,16,55,4,vile_parle_hr -> andheri_hr,98753,LOCAL,Evening Peak
HR,vile_parle_hr,andheri_hr,2.2,DOWN,98755,GN55,12.0,Unknown,LOCAL,DAILY,Mumbai CSMT,Goregaon,17:22,17:26,17,22,4,vile_parle_hr -> andheri_hr,98755,LOCAL,Evening Peak
HR,vile_parle_hr,andheri_hr,2.2,DOWN,98757,GN57,12.0,Unknown,LOCAL,DAILY,Mumbai CSMT,Goregaon,17:51,17:55,17,51,4,vile_parle_hr -> andheri_hr,98757,LOCAL,Evening Peak
HR,vile_parle_hr,andheri_hr,2.2,DOWN,98769,GN69,12.0,Unknown,LOCAL,DAILY,Mumbai CSMT,Goregaon,20:20,20:24,20,20,4,vile_parle_hr -> andheri_hr,98769,LOCAL,Night
HR,vile_parle_hr,andheri_hr,2.2,DOWN,98771,GN71,12.0,Unknown,LOCAL,DAILY,Mumbai CSMT,Goregaon,20:48,20:52,20,48,4,vile_parle_hr -> andheri_hr,98771,LOCAL,Night
HR,vile_parle_hr,andheri_hr,2.2,DOWN,98773,GN73,12.0,Unknown,LOCAL,DAILY,Mumbai CSMT,Goregaon,21:16,21:20,21,16,4,vile_parle_hr -> andheri_hr,98773,LOCAL,Night
HR,vile_parle_hr,andheri_hr,2.2,DOWN,91491,WBO1,12.0,Unknown,LOCAL,DAILY,Mumbai CSMT,Tilaknagar,21:23,21:27,21,23,4,vile_parle_hr -> andheri_hr,91491,LOCAL,Night
HR,vile_parle_hr,andheri_hr,2.2,DOWN,98775,GN75,12.0,Unknown,LOCAL,DAILY,Mumbai CSMT,Goregaon,21:50,21:54,21,50,4,vile_parle_hr -> andheri_hr,98775,LOCAL,Night
HR,andheri_hr,jogeshwari_hr,1.7,DOWN,98785,GN85,12.0,Unknown,LOCAL,DAILY,Mumbai CSMT,Goregaon,00:10,00:14,0,10,4,andheri_hr -> jogeshwari_hr,98785,LOCAL,Late Night
HR,andheri_hr,jogeshwari_hr,1.7,DOWN,98787,GN87,12.0,Unknown,LOCAL,DAILY,Mumbai CSMT,Goregaon,00:30,00:34,0,30,4,andheri_hr -> jogeshwari_hr,98787,LOCAL,Late Night
HR,andheri_hr,jogeshwari_hr,1.7,DOWN,98701,GN1,12.0,Unknown,LOCAL,DAILY,Mumbai CSMT,Goregaon,05:11,05:15,5,11,4,andheri_hr -> jogeshwari_hr,98701,LOCAL,Morning Peak
HR,andheri_hr,jogeshwari_hr,1.7,DOWN,98703,GN3,12.0,Unknown,LOCAL,NOT_SUN,Mumbai CSMT,Goregaon,05:39,05:43,5,39,4,andheri_hr -> jogeshwari_hr,98703,LOCAL,Morning Peak
HR,andheri_hr,jogeshwari_hr,1.7,DOWN,98705,GN5,12.0,Unknown,LOCAL,DAILY,Mumbai CSMT,Goregaon,05:53,05:57,5,53,4,andheri_hr -> jogeshwari_hr,98705,LOCAL,Morning Peak
HR,andheri_hr,jogeshwari_hr,1.7,DOWN,98717,GN17,12.0,Unknown,LOCAL,DAILY,Mumbai CSMT,Goregaon,08:19,08:23,8,19,4,andheri_hr -> jogeshwari_hr,98717,LOCAL,Morning Peak
HR,andheri_hr,jogeshwari_hr,1.7,DOWN,98719,GN19,12.0,Unknown,LOCAL,DAILY,Mumbai CSMT,Goregaon,08:47,08:51,8,47,4,andheri_hr -> jogeshwari_hr,98719,LOCAL,Morning Peak
HR,andheri_hr,jogeshwari_hr,1.7,DOWN,98721,GN21,12.0,Unknown,LOCAL,DAILY,Mumbai CSMT,Goregaon,09:26,09:30,9,26,4,andheri_hr -> jogeshwari_hr,98721,LOCAL,Late Morning
HR,andheri_hr,jogeshwari_hr,1.7,DOWN,98723,GN23,12.0,Unknown,LOCAL,DAILY,Mumbai CSMT,Goregaon,09:45,09:49,9,45,4,andheri_hr -> jogeshwari_hr,98723,LOCAL,Late Morning
HR,andheri_hr,jogeshwari_hr,1.7,DOWN,98735,GN35,12.0,Unknown,LOCAL,DAILY,Mumbai CSMT,Goregaon,12:31,12:35,12,31,4,andheri_hr -> jogeshwari_hr,98735,LOCAL,Afternoon
HR,andheri_hr,jogeshwari_hr,1.7,DOWN,98737,GN37,12.0,Unknown,LOCAL,DAILY,Mumbai CSMT,Goregaon,12:55,12:59,12,55,4,andheri_hr -> jogeshwari_hr,98737,LOCAL,Afternoon
HR,andheri_hr,jogeshwari_hr,1.7,DOWN,91393,WGN1,12.0,Unknown,LOCAL,NOT_SUN,Mumbai CSMT,Goregaon,13:18,13:22,13,18,4,andheri_hr -> jogeshwari_hr,91393,LOCAL,Afternoon
HR,andheri_hr,jogeshwari_hr,1.7,DOWN,98739,GN39,12.0,Unknown,LOCAL,DAILY,Mumbai CSMT,Goregaon,13:42,13:46,13,42,4,andheri_hr -> jogeshwari_hr,98739,LOCAL,Afternoon
HR,andheri_hr,jogeshwari_hr,1.7,DOWN,98749,GN49,12.0,Unknown,LOCAL,DAILY,Mumbai CSMT,Goregaon,16:03,16:07,16,3,4,andheri_hr -> jogeshwari_hr,98749,LOCAL,Evening Peak
HR,andheri_hr,jogeshwari_hr,1.7,DOWN,98751,GN51,12.0,Unknown,LOCAL,DAILY,Mumbai CSMT,Goregaon,16:31,16:35,16,31,4,andheri_hr -> jogeshwari_hr,98751,LOCAL,Evening Peak
HR,andheri_hr,jogeshwari_hr,1.7,DOWN,98753,GN53,12.0,Unknown,LOCAL,DAILY,Mumbai CSMT,Goregaon,16:59,17:03,16,59,4,andheri_hr -> jogeshwari_hr,98753,LOCAL,Evening Peak
HR,andheri_hr,jogeshwari_hr,1.7,DOWN,98755,GN55,12.0,Unknown,LOCAL,DAILY,Mumbai CSMT,Goregaon,17:26,17:30,17,26,4,andheri_hr -> jogeshwari_hr,98755,LOCAL,Evening Peak
HR,andheri_hr,jogeshwari_hr,1.7,DOWN,98757,GN57,12.0,Unknown,LOCAL,DAILY,Mumbai CSMT,Goregaon,17:55,17:59,17,55,4,andheri_hr -> jogeshwari_hr,98757,LOCAL,Evening Peak
HR,andheri_hr,jogeshwari_hr,1.7,DOWN,98769,GN69,12.0,Unknown,LOCAL,DAILY,Mumbai CSMT,Goregaon,20:24,20:28,20,24,4,andheri_hr -> jogeshwari_hr,98769,LOCAL,Night
HR,andheri_hr,jogeshwari_hr,1.7,DOWN,98771,GN71,12.0,Unknown,LOCAL,DAILY,Mumbai CSMT,Goregaon,20:52,20:56,20,52,4,andheri_hr -> jogeshwari_hr,98771,LOCAL,Night
HR,andheri_hr,jogeshwari_hr,1.7,DOWN,98773,GN73,12.0,Unknown,LOCAL,DAILY,Mumbai CSMT,Goregaon,21:20,21:24,21,20,4,andheri_hr -> jogeshwari_hr,98773,LOCAL,Night
HR,andheri_hr,jogeshwari_hr,1.7,DOWN,91491,WBO1,12.0,Unknown,LOCAL,DAILY,Mumbai CSMT,Tilaknagar,21:27,21:31,21,27,4,andheri_hr -> jogeshwari_hr,91491,LOCAL,Night
HR,andheri_hr,jogeshwari_hr,1.7,DOWN,98775,GN75,12.0,Unknown,LOCAL,DAILY,Mumbai CSMT,Goregaon,21:54,21:58,21,54,4,andheri_hr -> jogeshwari_hr,98775,LOCAL,Night
HR,jogeshwari_hr,ramnagar,1.8,DOWN,98785,GN85,12.0,Unknown,LOCAL,DAILY,Mumbai CSMT,Goregaon,00:14,00:17,0,14,3,jogeshwari_hr -> ramnagar,98785,LOCAL,Late Night
HR,jogeshwari_hr,ramnagar,1.8,DOWN,98787,GN87,12.0,Unknown,LOCAL,DAILY,Mumbai CSMT,Goregaon,00:34,00:37,0,34,3,jogeshwari_hr -> ramnagar,98787,LOCAL,Late Night
HR,jogeshwari_hr,ramnagar,1.8,DOWN,98701,GN1,12.0,Unknown,LOCAL,DAILY,Mumbai CSMT,Goregaon,05:15,05:18,5,15,3,jogeshwari_hr -> ramnagar,98701,LOCAL,Morning Peak
HR,jogeshwari_hr,ramnagar,1.8,DOWN,98703,GN3,12.0,Unknown,LOCAL,NOT_SUN,Mumbai CSMT,Goregaon,05:43,05:46,5,43,3,jogeshwari_hr -> ramnagar,98703,LOCAL,Morning Peak
HR,jogeshwari_hr,ramnagar,1.8,DOWN,98705,GN5,12.0,Unknown,LOCAL,DAILY,Mumbai CSMT,Goregaon,05:57,06:00,5,57,3,jogeshwari_hr -> ramnagar,98705,LOCAL,Morning Peak
HR,jogeshwari_hr,ramnagar,1.8,DOWN,98717,GN17,12.0,Unknown,LOCAL,DAILY,Mumbai CSMT,Goregaon,08:23,08:26,8,23,3,jogeshwari_hr -> ramnagar,98717,LOCAL,Morning Peak
HR,jogeshwari_hr,ramnagar,1.8,DOWN,98719,GN19,12.0,Unknown,LOCAL,DAILY,Mumbai CSMT,Goregaon,08:51,08:54,8,51,3,jogeshwari_hr -> ramnagar,98719,LOCAL,Morning Peak
HR,jogeshwari_hr,ramnagar,1.8,DOWN,98721,GN21,12.0,Unknown,LOCAL,DAILY,Mumbai CSMT,Goregaon,09:30,09:33,9,30,3,jogeshwari_hr -> ramnagar,98721,LOCAL,Late Morning
HR,jogeshwari_hr,ramnagar,1.8,DOWN,98723,GN23,12.0,Unknown,LOCAL,DAILY,Mumbai CSMT,Goregaon,09:49,09:52,9,49,3,jogeshwari_hr -> ramnagar,98723,LOCAL,Late Morning
HR,jogeshwari_hr,ramnagar,1.8,DOWN,98735,GN35,12.0,Unknown,LOCAL,DAILY,Mumbai CSMT,Goregaon,12:35,12:38,12,35,3,jogeshwari_hr -> ramnagar,98735,LOCAL,Afternoon
HR,jogeshwari_hr,ramnagar,1.8,DOWN,98737,GN37,12.0,Unknown,LOCAL,DAILY,Mumbai CSMT,Goregaon,12:59,13:02,12,59,3,jogeshwari_hr -> ramnagar,98737,LOCAL,Afternoon
HR,jogeshwari_hr,ramnagar,1.8,DOWN,91393,WGN1,12.0,Unknown,LOCAL,NOT_SUN,Mumbai CSMT,Goregaon,13:22,13:25,13,22,3,jogeshwari_hr -> ramnagar,91393,LOCAL,Afternoon
HR,jogeshwari_hr,ramnagar,1.8,DOWN,98739,GN39,12.0,Unknown,LOCAL,DAILY,Mumbai CSMT,Goregaon,13:46,13:49,13,46,3,jogeshwari_hr -> ramnagar,98739,LOCAL,Afternoon
HR,jogeshwari_hr,ramnagar,1.8,DOWN,98749,GN49,12.0,Unknown,LOCAL,DAILY,Mumbai CSMT,Goregaon,16:07,16:10,16,7,3,jogeshwari_hr -> ramnagar,98749,LOCAL,Evening Peak
HR,jogeshwari_hr,ramnagar,1.8,DOWN,98751,GN51,12.0,Unknown,LOCAL,DAILY,Mumbai CSMT,Goregaon,16:35,16:38,16,35,3,jogeshwari_hr -> ramnagar,98751,LOCAL,Evening Peak
HR,jogeshwari_hr,ramnagar,1.8,DOWN,98753,GN53,12.0,Unknown,LOCAL,DAILY,Mumbai CSMT,Goregaon,17:03,17:06,17,3,3,jogeshwari_hr -> ramnagar,98753,LOCAL,Evening Peak
HR,jogeshwari_hr,ramnagar,1.8,DOWN,98755,GN55,12.0,Unknown,LOCAL,DAILY,Mumbai CSMT,Goregaon,17:30,17:33,17,30,3,jogeshwari_hr -> ramnagar,98755,LOCAL,Evening Peak
HR,jogeshwari_hr,ramnagar,1.8,DOWN,98757,GN57,12.0,Unknown,LOCAL,DAILY,Mumbai CSMT,Goregaon,17:59,18:02,17,59,3,jogeshwari_hr -> ramnagar,98757,LOCAL,Evening Peak
HR,jogeshwari_hr,ramnagar,1.8,DOWN,98769,GN69,12.0,Unknown,LOCAL,DAILY,Mumbai CSMT,Goregaon,20:28,20:31,20,28,3,jogeshwari_hr -> ramnagar,98769,LOCAL,Night
HR,jogeshwari_hr,ramnagar,1.8,DOWN,98771,GN71,12.0,Unknown,LOCAL,DAILY,Mumbai CSMT,Goregaon,20:56,20:59,20,56,3,jogeshwari_hr -> ramnagar,98771,LOCAL,Night
HR,jogeshwari_hr,ramnagar,1.8,DOWN,98773,GN73,12.0,Unknown,LOCAL,DAILY,Mumbai CSMT,Goregaon,21:24,21:27,21,24,3,jogeshwari_hr -> ramnagar,98773,LOCAL,Night
HR,jogeshwari_hr,ramnagar,1.8,DOWN,91491,WBO1,12.0,Unknown,LOCAL,DAILY,Mumbai CSMT,Tilaknagar,21:31,21:34,21,31,3,jogeshwari_hr -> ramnagar,91491,LOCAL,Night
HR,jogeshwari_hr,ramnagar,1.8,DOWN,98775,GN75,12.0,Unknown,LOCAL,DAILY,Mumbai CSMT,Goregaon,21:58,22:01,21,58,3,jogeshwari_hr -> ramnagar,98775,LOCAL,Night
HR,ramnagar,goregaon_hr,1.6,DOWN,98785,GN85,12.0,Unknown,LOCAL,DAILY,Mumbai CSMT,Goregaon,00:17,00:21,0,17,4,ramnagar -> goregaon_hr,98785,LOCAL,Late Night
HR,ramnagar,goregaon_hr,1.6,DOWN,98787,GN87,12.0,Unknown,LOCAL,DAILY,Mumbai CSMT,Goregaon,00:37,00:41,0,37,4,ramnagar -> goregaon_hr,98787,LOCAL,Late Night
HR,ramnagar,goregaon_hr,1.6,DOWN,98701,GN1,12.0,Unknown,LOCAL,DAILY,Mumbai CSMT,Goregaon,05:18,05:22,5,18,4,ramnagar -> goregaon_hr,98701,LOCAL,Morning Peak
HR,ramnagar,goregaon_hr,1.6,DOWN,98703,GN3,12.0,Unknown,LOCAL,NOT_SUN,Mumbai CSMT,Goregaon,05:46,05:50,5,46,4,ramnagar -> goregaon_hr,98703,LOCAL,Morning Peak
HR,ramnagar,goregaon_hr,1.6,DOWN,98705,GN5,12.0,Unknown,LOCAL,DAILY,Mumbai CSMT,Goregaon,06:00,06:04,6,0,4,ramnagar -> goregaon_hr,98705,LOCAL,Morning Peak
HR,ramnagar,goregaon_hr,1.6,DOWN,98717,GN17,12.0,Unknown,LOCAL,DAILY,Mumbai CSMT,Goregaon,08:26,08:30,8,26,4,ramnagar -> goregaon_hr,98717,LOCAL,Morning Peak
HR,ramnagar,goregaon_hr,1.6,DOWN,98719,GN19,12.0,Unknown,LOCAL,DAILY,Mumbai CSMT,Goregaon,08:54,08:58,8,54,4,ramnagar -> goregaon_hr,98719,LOCAL,Morning Peak
HR,ramnagar,goregaon_hr,1.6,DOWN,98721,GN21,12.0,Unknown,LOCAL,DAILY,Mumbai CSMT,Goregaon,09:33,09:37,9,33,4,ramnagar -> goregaon_hr,98721,LOCAL,Late Morning
HR,ramnagar,goregaon_hr,1.6,DOWN,98723,GN23,12.0,Unknown,LOCAL,DAILY,Mumbai CSMT,Goregaon,09:52,09:56,9,52,4,ramnagar -> goregaon_hr,98723,LOCAL,Late Morning
HR,ramnagar,goregaon_hr,1.6,DOWN,98733,GN33,12.0,Unknown,LOCAL,DAILY,Mumbai CSMT,Goregaon,12:02,12:06,12,2,4,ramnagar -> goregaon_hr,98733,LOCAL,Afternoon
HR,ramnagar,goregaon_hr,1.6,DOWN,98735,GN35,12.0,Unknown,LOCAL,DAILY,Mumbai CSMT,Goregaon,12:38,12:42,12,38,4,ramnagar -> goregaon_hr,98735,LOCAL,Afternoon
HR,ramnagar,goregaon_hr,1.6,DOWN,98737,GN37,12.0,Unknown,LOCAL,DAILY,Mumbai CSMT,Goregaon,13:02,13:06,13,2,4,ramnagar -> goregaon_hr,98737,LOCAL,Afternoon
HR,ramnagar,goregaon_hr,1.6,DOWN,91393,WGN1,12.0,Unknown,LOCAL,NOT_SUN,Mumbai CSMT,Goregaon,13:25,13:29,13,25,4,ramnagar -> goregaon_hr,91393,LOCAL,Afternoon
HR,ramnagar,goregaon_hr,1.6,DOWN,98739,GN39,12.0,Unknown,LOCAL,DAILY,Mumbai CSMT,Goregaon,13:49,13:53,13,49,4,ramnagar -> goregaon_hr,98739,LOCAL,Afternoon
HR,ramnagar,goregaon_hr,1.6,DOWN,98749,GN49,12.0,Unknown,LOCAL,DAILY,Mumbai CSMT,Goregaon,16:10,16:14,16,10,4,ramnagar -> goregaon_hr,98749,LOCAL,Evening Peak
HR,ramnagar,goregaon_hr,1.6,DOWN,98751,GN51,12.0,Unknown,LOCAL,DAILY,Mumbai CSMT,Goregaon,16:38,16:42,16,38,4,ramnagar -> goregaon_hr,98751,LOCAL,Evening Peak
HR,ramnagar,goregaon_hr,1.6,DOWN,98753,GN53,12.0,Unknown,LOCAL,DAILY,Mumbai CSMT,Goregaon,17:06,17:10,17,6,4,ramnagar -> goregaon_hr,98753,LOCAL,Evening Peak
HR,ramnagar,goregaon_hr,1.6,DOWN,98755,GN55,12.0,Unknown,LOCAL,DAILY,Mumbai CSMT,Goregaon,17:33,17:37,17,33,4,ramnagar -> goregaon_hr,98755,LOCAL,Evening Peak
HR,ramnagar,goregaon_hr,1.6,DOWN,98767,GN67,12.0,Unknown,LOCAL,DAILY,Mumbai CSMT,Goregaon,20:00,20:04,20,0,4,ramnagar -> goregaon_hr,98767,LOCAL,Night
HR,ramnagar,goregaon_hr,1.6,DOWN,98769,GN69,12.0,Unknown,LOCAL,DAILY,Mumbai CSMT,Goregaon,20:31,20:35,20,31,4,ramnagar -> goregaon_hr,98769,LOCAL,Night
HR,ramnagar,goregaon_hr,1.6,DOWN,98771,GN71,12.0,Unknown,LOCAL,DAILY,Mumbai CSMT,Goregaon,20:59,21:03,20,59,4,ramnagar -> goregaon_hr,98771,LOCAL,Night
HR,ramnagar,goregaon_hr,1.6,DOWN,98773,GN73,12.0,Unknown,LOCAL,DAILY,Mumbai CSMT,Goregaon,21:27,21:32,21,27,5,ramnagar -> goregaon_hr,98773,LOCAL,Night
HR,ramnagar,goregaon_hr,1.6,DOWN,91491,WBO1,12.0,Unknown,LOCAL,DAILY,Mumbai CSMT,Tilaknagar,21:34,21:38,21,34,4,ramnagar -> goregaon_hr,91491,LOCAL,Night
HR,goregaon_hr,gtb_nagar,14.8,DOWN,98904,GNPL4,12.0,Unknown,LOCAL,DAILY,Goregaon,Panvel,08:39,09:25,8,39,46,goregaon_hr -> gtb_nagar,98904,LOCAL,Morning Peak
HR,goregaon_hr,gtb_nagar,14.8,DOWN,98906,GNPL6,12.0,Unknown,LOCAL,DAILY,Goregaon,Panvel,09:30,10:19,9,30,49,goregaon_hr -> gtb_nagar,98906,LOCAL,Late Morning
HR,goregaon_hr,gtb_nagar,14.8,DOWN,98908,GNPL8,12.0,Unknown,LOCAL,DAILY,Goregaon,Panvel,12:14,13:06,12,14,52,goregaon_hr -> gtb_nagar,98908,LOCAL,Afternoon
HR,goregaon_hr,gtb_nagar,14.8,DOWN,98916,GNPL16,12.0,Unknown,LOCAL,DAILY,Goregaon,Panvel,20:12,21:08,20,12,56,goregaon_hr -> gtb_nagar,98916,LOCAL,Night
HR,goregaon_hr,gtb_nagar,14.8,DOWN,98918,GNPL18,12.0,Unknown,LOCAL,DAILY,Goregaon,Panvel,21:28,22:25,21,28,57,goregaon_hr -> gtb_nagar,98918,LOCAL,Night
HR,gtb_nagar,chunabhatti,2.0,DOWN,98003,PL3,12.0,Unknown,LOCAL,DAILY,Mumbai CSMT,Panvel,00:05,00:08,0,5,3,gtb_nagar -> chunabhatti,98003,LOCAL,Late Night
HR,gtb_nagar,chunabhatti,2.0,DOWN,98259,PL207,12.0,Unknown,LOCAL,DAILY,Mumbai CSMT,Panvel,00:15,00:18,0,15,3,gtb_nagar -> chunabhatti,98259,LOCAL,Late Night
HR,gtb_nagar,chunabhatti,2.0,DOWN,98575,V71,12.0,Unknown,LOCAL,DAILY,Mumbai CSMT,Vashi,00:20,00:23,0,20,3,gtb_nagar -> chunabhatti,98575,LOCAL,Late Night
HR,gtb_nagar,chunabhatti,2.0,DOWN,98301,BR1,12.0,Unknown,LOCAL,DAILY,Mumbai CSMT,Belapur CBD,00:28,00:31,0,28,3,gtb_nagar -> chunabhatti,98301,LOCAL,Late Night
HR,gtb_nagar,chunabhatti,2.0,DOWN,98001,PL1,12.0,Unknown,LOCAL,DAILY,Mumbai CSMT,Panvel,00:36,00:39,0,36,3,gtb_nagar -> chunabhatti,98001,LOCAL,Late Night
HR,gtb_nagar,chunabhatti,2.0,DOWN,98573,V69,12.0,Unknown,AC,DAILY,Mumbai CSMT,Vashi,00:47,00:50,0,47,3,gtb_nagar -> chunabhatti,98573,AC,Late Night
HR,gtb_nagar,chunabhatti,2.0,DOWN,98303,BRVD1,12.0,Unknown,LOCAL,DAILY,Vadala Road,Belapur CBD,00:55,00:58,0,55,3,gtb_nagar -> chunabhatti,98303,LOCAL,Late Night
HR,gtb_nagar,chunabhatti,2.0,DOWN,98005,PL5,12.0,Unknown,LOCAL,DAILY,Mumbai CSMT,Panvel,01:03,01:06,1,3,3,gtb_nagar -> chunabhatti,98005,LOCAL,Late Night
HR,gtb_nagar,chunabhatti,2.0,DOWN,98007,PL7,12.0,Unknown,LOCAL,DAILY,Mumbai CSMT,Panvel,04:55,04:58,4,55,3,gtb_nagar -> chunabhatti,98007,LOCAL,Late Night
HR,gtb_nagar,chunabhatti,2.0,DOWN,98009,PLVD1,12.0,Unknown,AC,NOT_SUN,Vadala Road,Panvel,05:11,05:14,5,11,3,gtb_nagar -> chunabhatti,98009,AC,Morning Peak
HR,gtb_nagar,chunabhatti,2.0,DOWN,98011,PL9,12.0,Unknown,LOCAL,DAILY,Mumbai CSMT,Panvel,05:15,05:18,5,15,3,gtb_nagar -> chunabhatti,98011,LOCAL,Morning Peak
HR,gtb_nagar,chunabhatti,2.0,DOWN,98013,PL11,12.0,Unknown,LOCAL,DAILY,Mumbai CSMT,Panvel,05:29,05:32,5,29,3,gtb_nagar -> chunabhatti,98013,LOCAL,Morning Peak
HR,gtb_nagar,chunabhatti,2.0,DOWN,98015,PL13,12.0,Unknown,LOCAL,DAILY,Mumbai CSMT,Panvel,05:41,05:44,5,41,3,gtb_nagar -> chunabhatti,98015,LOCAL,Morning Peak
HR,gtb_nagar,chunabhatti,2.0,DOWN,98017,PL15,12.0,Unknown,LOCAL,DAILY,Mumbai CSMT,Panvel,05:45,05:48,5,45,3,gtb_nagar -> chunabhatti,98017,LOCAL,Morning Peak
HR,gtb_nagar,chunabhatti,2.0,DOWN,98019,PL17,12.0,Unknown,LOCAL,DAILY,Mumbai CSMT,Panvel,05:53,05:56,5,53,3,gtb_nagar -> chunabhatti,98019,LOCAL,Morning Peak
HR,gtb_nagar,chunabhatti,2.0,DOWN,98021,PLVD3,12.0,Unknown,LOCAL,NOT_SUN,Vadala Road,Panvel,05:57,06:00,5,57,3,gtb_nagar -> chunabhatti,98021,LOCAL,Morning Peak
HR,gtb_nagar,chunabhatti,2.0,DOWN,98051,PL43,12.0,Unknown,AC,DAILY,Mumbai CSMT,Panvel,08:03,08:06,8,3,3,gtb_nagar -> chunabhatti,98051,AC,Morning Peak
HR,gtb_nagar,chunabhatti,2.0,DOWN,98311,BR9,12.0,Unknown,LOCAL,DAILY,Mumbai CSMT,Belapur CBD,08:11,08:14,8,11,3,gtb_nagar -> chunabhatti,98311,LOCAL,Morning Peak
HR,gtb_nagar,chunabhatti,2.0,DOWN,98902,GNPL2,12.0,Unknown,LOCAL,DAILY,Goregaon,Panvel,08:15,08:18,8,15,3,gtb_nagar -> chunabhatti,98902,LOCAL,Morning Peak
HR,gtb_nagar,chunabhatti,2.0,DOWN,98053,PL45,12.0,Unknown,LOCAL,DAILY,Mumbai CSMT,Panvel,08:19,08:22,8,19,3,gtb_nagar -> chunabhatti,98053,LOCAL,Morning Peak
HR,gtb_nagar,chunabhatti,2.0,DOWN,98055,PL47,12.0,Unknown,LOCAL,NOT_SUN,Mumbai CSMT,Panvel,08:23,08:26,8,23,3,gtb_nagar -> chunabhatti,98055,LOCAL,Morning Peak
HR,gtb_nagar,chunabhatti,2.0,DOWN,98313,BRVD3,12.0,Unknown,LOCAL,NOT_SUN,Vadala Road,Belapur CBD,08:27,08:30,8,27,3,gtb_nagar -> chunabhatti,98313,LOCAL,Morning Peak
HR,gtb_nagar,chunabhatti,2.0,DOWN,98057,PL49,12.0,Unknown,LOCAL,DAILY,Mumbai CSMT,Panvel,08:31,08:34,8,31,3,gtb_nagar -> chunabhatti,98057,LOCAL,Morning Peak
HR,gtb_nagar,chunabhatti,2.0,DOWN,98505,V3,12.0,Unknown,LOCAL,DAILY,Mumbai CSMT,Vashi,08:35,08:38,8,35,3,gtb_nagar -> chunabhatti,98505,LOCAL,Morning Peak
HR,gtb_nagar,chunabhatti,2.0,DOWN,98059,PLVD9,12.0,Unknown,LOCAL,NOT_SUN,Vadala Road,Panvel,08:39,08:42,8,39,3,gtb_nagar -> chunabhatti,98059,LOCAL,Morning Peak
HR,gtb_nagar,chunabhatti,2.0,DOWN,98315,BR11,12.0,Unknown,LOCAL,DAILY,Mumbai CSMT,Belapur CBD,08:43,08:46,8,43,3,gtb_nagar -> chunabhatti,98315,LOCAL,Morning Peak
HR,gtb_nagar,chunabhatti,2.0,DOWN,98061,PL51,12.0,Unknown,LOCAL,DAILY,Mumbai CSMT,Panvel,08:47,08:50,8,47,3,gtb_nagar -> chunabhatti,98061,LOCAL,Morning Peak
HR,gtb_nagar,chunabhatti,2.0,DOWN,98063,PL53,12.0,Unknown,LOCAL,DAILY,Mumbai CSMT,Panvel,08:57,09:00,8,57,3,gtb_nagar -> chunabhatti,98063,LOCAL,Morning Peak
HR,gtb_nagar,chunabhatti,2.0,DOWN,98605,CM1,12.0,Unknown,LOCAL,DAILY,Mumbai CSMT,Chembur,09:00,09:03,9,0,3,gtb_nagar -> chunabhatti,98605,LOCAL,Late Morning
HR,gtb_nagar,chunabhatti,2.0,DOWN,98507,V5,12.0,Unknown,LOCAL,DAILY,Mumbai CSMT,Vashi,09:09,09:12,9,9,3,gtb_nagar -> chunabhatti,98507,LOCAL,Late Morning
HR,gtb_nagar,chunabhatti,2.0,DOWN,98065,PLVD11,12.0,Unknown,LOCAL,DAILY,Vadala Road,Panvel,09:13,09:16,9,13,3,gtb_nagar -> chunabhatti,98065,LOCAL,Late Morning
HR,gtb_nagar,chunabhatti,2.0,DOWN,98067,PL55,12.0,Unknown,LOCAL,DAILY,Mumbai CSMT,Panvel,09:17,09:20,9,17,3,gtb_nagar -> chunabhatti,98067,LOCAL,Late Morning
HR,gtb_nagar,chunabhatti,2.0,DOWN,98317,BR13,12.0,Unknown,LOCAL,DAILY,Mumbai CSMT,Belapur CBD,09:21,09:24,9,21,3,gtb_nagar -> chunabhatti,98317,LOCAL,Late Morning
HR,gtb_nagar,chunabhatti,2.0,DOWN,98904,GNPL4,12.0,Unknown,LOCAL,DAILY,Goregaon,Panvel,09:25,09:28,9,25,3,gtb_nagar -> chunabhatti,98904,LOCAL,Late Morning
HR,gtb_nagar,chunabhatti,2.0,DOWN,98069,PL57,12.0,Unknown,LOCAL,DAILY,Mumbai CSMT,Panvel,09:29,09:32,9,29,3,gtb_nagar -> chunabhatti,98069,LOCAL,Late Morning
HR,gtb_nagar,chunabhatti,2.0,DOWN,98509,V7,12.0,Unknown,LOCAL,DAILY,Mumbai CSMT,Vashi,09:33,09:36,9,33,3,gtb_nagar -> chunabhatti,98509,LOCAL,Late Morning
HR,gtb_nagar,chunabhatti,2.0,DOWN,98071,PL59,12.0,Unknown,LOCAL,DAILY,Mumbai CSMT,Panvel,09:41,09:44,9,41,3,gtb_nagar -> chunabhatti,98071,LOCAL,Late Morning
HR,gtb_nagar,chunabhatti,2.0,DOWN,98511,V9,12.0,Unknown,LOCAL,NOT_SUN,Mumbai CSMT,Vashi,09:45,09:48,9,45,3,gtb_nagar -> chunabhatti,98511,LOCAL,Late Morning
HR,gtb_nagar,chunabhatti,2.0,DOWN,98319,BRVD5,12.0,Unknown,LOCAL,DAILY,Vadala Road,Belapur CBD,09:49,09:52,9,49,3,gtb_nagar -> chunabhatti,98319,LOCAL,Late Morning
HR,gtb_nagar,chunabhatti,2.0,DOWN,98073,PL61,12.0,Unknown,LOCAL,DAILY,Mumbai CSMT,Panvel,09:53,09:56,9,53,3,gtb_nagar -> chunabhatti,98073,LOCAL,Late Morning
HR,gtb_nagar,chunabhatti,2.0,DOWN,98513,V11,12.0,Unknown,LOCAL,NOT_SUN,Mumbai CSMT,Vashi,09:57,10:00,9,57,3,gtb_nagar -> chunabhatti,98513,LOCAL,Late Morning
HR,gtb_nagar,chunabhatti,2.0,DOWN,98101,PL85,12.0,Unknown,LOCAL,DAILY,Mumbai CSMT,Panvel,12:03,12:06,12,3,3,gtb_nagar -> chunabhatti,98101,LOCAL,Afternoon
HR,gtb_nagar,chunabhatti,2.0,DOWN,98103,PL87,12.0,Unknown,LOCAL,DAILY,Mumbai CSMT,Panvel,12:15,12:18,12,15,3,gtb_nagar -> chunabhatti,98103,LOCAL,Afternoon
HR,gtb_nagar,chunabhatti,2.0,DOWN,98105,PL89,12.0,Unknown,LOCAL,NOT_SUN,Mumbai CSMT,Panvel,12:19,12:22,12,19,3,gtb_nagar -> chunabhatti,98105,LOCAL,Afternoon
HR,gtb_nagar,chunabhatti,2.0,DOWN,98107,PLVD17,12.0,Unknown,LOCAL,NOT_SUN,Vadala Road,Panvel,12:23,12:26,12,23,3,gtb_nagar -> chunabhatti,98107,LOCAL,Afternoon
HR,gtb_nagar,chunabhatti,2.0,DOWN,98109,PL91,12.0,Unknown,LOCAL,DAILY,Mumbai CSMT,Panvel,12:31,12:34,12,31,3,gtb_nagar -> chunabhatti,98109,LOCAL,Afternoon
HR,gtb_nagar,chunabhatti,2.0,DOWN,98111,PL93,12.0,Unknown,LOCAL,NOT_SUN,Mumbai CSMT,Panvel,12:40,12:43,12,40,3,gtb_nagar -> chunabhatti,98111,LOCAL,Afternoon
HR,gtb_nagar,chunabhatti,2.0,DOWN,98335,BR25,12.0,Unknown,LOCAL,DAILY,Mumbai CSMT,Belapur CBD,12:48,12:51,12,48,3,gtb_nagar -> chunabhatti,98335,LOCAL,Afternoon
HR,gtb_nagar,chunabhatti,2.0,DOWN,98113,PL95,12.0,Unknown,LOCAL,DAILY,Mumbai CSMT,Panvel,12:52,12:55,12,52,3,gtb_nagar -> chunabhatti,98113,LOCAL,Afternoon
HR,gtb_nagar,chunabhatti,2.0,DOWN,98115,PLVD19,12.0,Unknown,LOCAL,DAILY,Vadala Road,Panvel,12:56,12:59,12,56,3,gtb_nagar -> chunabhatti,98115,LOCAL,Afternoon
HR,gtb_nagar,chunabhatti,2.0,DOWN,98337,BR27,12.0,Unknown,LOCAL,DAILY,Mumbai CSMT,Belapur CBD,13:02,13:05,13,2,3,gtb_nagar -> chunabhatti,98337,LOCAL,Afternoon
HR,gtb_nagar,chunabhatti,2.0,DOWN,98908,GNPL8,12.0,Unknown,LOCAL,DAILY,Goregaon,Panvel,13:06,13:09,13,6,3,gtb_nagar -> chunabhatti,98908,LOCAL,Afternoon
HR,gtb_nagar,chunabhatti,2.0,DOWN,98117,PL97,12.0,Unknown,LOCAL,DAILY,Mumbai CSMT,Panvel,13:14,13:17,13,14,3,gtb_nagar -> chunabhatti,98117,LOCAL,Afternoon
HR,gtb_nagar,chunabhatti,2.0,DOWN,98527,V25,12.0,Unknown,LOCAL,NOT_SUN,Mumbai CSMT,Vashi,13:18,13:21,13,18,3,gtb_nagar -> chunabhatti,98527,LOCAL,Afternoon
HR,gtb_nagar,chunabhatti,2.0,DOWN,98119,PLVD21,12.0,Unknown,AC,DAILY,Vadala Road,Panvel,13:22,13:25,13,22,3,gtb_nagar -> chunabhatti,98119,AC,Afternoon
HR,gtb_nagar,chunabhatti,2.0,DOWN,98121,PL99,12.0,Unknown,LOCAL,DAILY,Mumbai CSMT,Panvel,13:26,13:29,13,26,3,gtb_nagar -> chunabhatti,98121,LOCAL,Afternoon
HR,gtb_nagar,chunabhatti,2.0,DOWN,98339,BR29,12.0,Unknown,AC,DAILY,Mumbai CSMT,Belapur CBD,13:30,13:33,13,30,3,gtb_nagar -> chunabhatti,98339,AC,Afternoon
HR,gtb_nagar,chunabhatti,2.0,DOWN,98123,PL101,12.0,Unknown,LOCAL,DAILY,Mumbai CSMT,Panvel,13:38,13:41,13,38,3,gtb_nagar -> chunabhatti,98123,LOCAL,Afternoon
HR,gtb_nagar,chunabhatti,2.0,DOWN,98125,PL103,12.0,Unknown,LOCAL,DAILY,Mumbai CSMT,Panvel,13:42,13:45,13,42,3,gtb_nagar -> chunabhatti,98125,LOCAL,Afternoon
HR,gtb_nagar,chunabhatti,2.0,DOWN,98127,PL105,12.0,Unknown,LOCAL,DAILY,Mumbai CSMT,Panvel,13:53,13:56,13,53,3,gtb_nagar -> chunabhatti,98127,LOCAL,Afternoon
HR,gtb_nagar,chunabhatti,2.0,DOWN,98529,V27,12.0,Unknown,LOCAL,DAILY,Mumbai CSMT,Vashi,13:57,14:00,13,57,3,gtb_nagar -> chunabhatti,98529,LOCAL,Afternoon
HR,gtb_nagar,chunabhatti,2.0,DOWN,98159,PL133,12.0,Unknown,LOCAL,DAILY,Mumbai CSMT,Panvel,16:07,16:10,16,7,3,gtb_nagar -> chunabhatti,98159,LOCAL,Evening Peak
HR,gtb_nagar,chunabhatti,2.0,DOWN,98161,PLVD27,12.0,Unknown,LOCAL,DAILY,Vadala Road,Panvel,16:13,16:16,16,13,3,gtb_nagar -> chunabhatti,98161,LOCAL,Evening Peak
HR,gtb_nagar,chunabhatti,2.0,DOWN,98533,V29,12.0,Unknown,AC,DAILY,Mumbai CSMT,Vashi,16:17,16:20,16,17,3,gtb_nagar -> chunabhatti,98533,AC,Evening Peak
HR,gtb_nagar,chunabhatti,2.0,DOWN,98163,PL135,12.0,Unknown,LOCAL,DAILY,Mumbai CSMT,Panvel,16:23,16:26,16,23,3,gtb_nagar -> chunabhatti,98163,LOCAL,Evening Peak
HR,gtb_nagar,chunabhatti,2.0,DOWN,98165,PL137,12.0,Unknown,LOCAL,DAILY,Mumbai CSMT,Panvel,16:31,16:34,16,31,3,gtb_nagar -> chunabhatti,98165,LOCAL,Evening Peak
HR,gtb_nagar,chunabhatti,2.0,DOWN,98535,V31,12.0,Unknown,LOCAL,NOT_SUN,Mumbai CSMT,Vashi,16:35,16:38,16,35,3,gtb_nagar -> chunabhatti,98535,LOCAL,Evening Peak
HR,gtb_nagar,chunabhatti,2.0,DOWN,98167,PLVD29,12.0,Unknown,LOCAL,NOT_SUN,Vadala Road,Panvel,16:39,16:42,16,39,3,gtb_nagar -> chunabhatti,98167,LOCAL,Evening Peak
HR,gtb_nagar,chunabhatti,2.0,DOWN,98169,PL139,12.0,Unknown,LOCAL,DAILY,Mumbai CSMT,Panvel,16:46,16:49,16,46,3,gtb_nagar -> chunabhatti,98169,LOCAL,Evening Peak
HR,gtb_nagar,chunabhatti,2.0,DOWN,98347,BR35,12.0,Unknown,LOCAL,NOT_SUN,Mumbai CSMT,Belapur CBD,16:50,16:53,16,50,3,gtb_nagar -> chunabhatti,98347,LOCAL,Evening Peak
HR,gtb_nagar,chunabhatti,2.0,DOWN,98171,PL141,12.0,Unknown,LOCAL,DAILY,Mumbai CSMT,Panvel,16:58,17:01,16,58,3,gtb_nagar -> chunabhatti,98171,LOCAL,Evening Peak
HR,gtb_nagar,chunabhatti,2.0,DOWN,98349,BR37,12.0,Unknown,LOCAL,DAILY,Mumbai CSMT,Belapur CBD,17:02,17:05,17,2,3,gtb_nagar -> chunabhatti,98349,LOCAL,Evening Peak
HR,gtb_nagar,chunabhatti,2.0,DOWN,98173,PLVD31,12.0,Unknown,LOCAL,NOT_SUN,Vadala Road,Panvel,17:06,17:09,17,6,3,gtb_nagar -> chunabhatti,98173,LOCAL,Evening Peak
HR,gtb_nagar,chunabhatti,2.0,DOWN,98537,V33,12.0,Unknown,LOCAL,DAILY,Mumbai CSMT,Vashi,17:10,17:13,17,10,3,gtb_nagar -> chunabhatti,98537,LOCAL,Evening Peak
HR,gtb_nagar,chunabhatti,2.0,DOWN,98175,PL143,12.0,Unknown,LOCAL,DAILY,Mumbai CSMT,Panvel,17:14,17:17,17,14,3,gtb_nagar -> chunabhatti,98175,LOCAL,Evening Peak
HR,gtb_nagar,chunabhatti,2.0,DOWN,98177,PLVD33,12.0,Unknown,LOCAL,DAILY,Vadala Road,Panvel,17:19,17:22,17,19,3,gtb_nagar -> chunabhatti,98177,LOCAL,Evening Peak
HR,gtb_nagar,chunabhatti,2.0,DOWN,98351,BR39,12.0,Unknown,LOCAL,DAILY,Mumbai CSMT,Belapur CBD,17:23,17:26,17,23,3,gtb_nagar -> chunabhatti,98351,LOCAL,Evening Peak
HR,gtb_nagar,chunabhatti,2.0,DOWN,98539,V35,12.0,Unknown,LOCAL,NOT_SUN,Mumbai CSMT,Vashi,17:27,17:30,17,27,3,gtb_nagar -> chunabhatti,98539,LOCAL,Evening Peak
HR,gtb_nagar,chunabhatti,2.0,DOWN,98179,PL145,12.0,Unknown,LOCAL,DAILY,Mumbai CSMT,Panvel,17:31,17:34,17,31,3,gtb_nagar -> chunabhatti,98179,LOCAL,Evening Peak
HR,gtb_nagar,chunabhatti,2.0,DOWN,98181,PLVD35,12.0,Unknown,AC,DAILY,Vadala Road,Panvel,17:35,17:38,17,35,3,gtb_nagar -> chunabhatti,98181,AC,Evening Peak
HR,gtb_nagar,chunabhatti,2.0,DOWN,98353,BR41,12.0,Unknown,LOCAL,NOT_SUN,Mumbai CSMT,Belapur CBD,17:39,17:42,17,39,3,gtb_nagar -> chunabhatti,98353,LOCAL,Evening Peak
HR,gtb_nagar,chunabhatti,2.0,DOWN,98183,PL147,12.0,Unknown,LOCAL,DAILY,Mumbai CSMT,Panvel,17:43,17:46,17,43,3,gtb_nagar -> chunabhatti,98183,LOCAL,Evening Peak
HR,gtb_nagar,chunabhatti,2.0,DOWN,98541,V37,12.0,Unknown,LOCAL,NOT_SUN,Mumbai CSMT,Vashi,17:50,17:53,17,50,3,gtb_nagar -> chunabhatti,98541,LOCAL,Evening Peak
HR,gtb_nagar,chunabhatti,2.0,DOWN,98185,PL149,12.0,Unknown,LOCAL,DAILY,Mumbai CSMT,Panvel,17:56,17:59,17,56,3,gtb_nagar -> chunabhatti,98185,LOCAL,Evening Peak
HR,gtb_nagar,chunabhatti,2.0,DOWN,98187,PLVD37,12.0,Unknown,LOCAL,DAILY,Vadala Road,Panvel,18:00,18:03,18,0,3,gtb_nagar -> chunabhatti,98187,LOCAL,Evening Peak
HR,gtb_nagar,chunabhatti,2.0,DOWN,98363,BR49,12.0,Unknown,LOCAL,DAILY,Mumbai CSMT,Belapur CBD,20:00,20:03,20,0,3,gtb_nagar -> chunabhatti,98363,LOCAL,Night
HR,gtb_nagar,chunabhatti,2.0,DOWN,98215,PLVD43,12.0,Unknown,LOCAL,DAILY,Vadala Road,Panvel,20:04,20:07,20,4,3,gtb_nagar -> chunabhatti,98215,LOCAL,Night
HR,gtb_nagar,chunabhatti,2.0,DOWN,98553,V49,12.0,Unknown,LOCAL,NOT_SUN,Mumbai CSMT,Vashi,20:08,20:11,20,8,3,gtb_nagar -> chunabhatti,98553,LOCAL,Night
HR,gtb_nagar,chunabhatti,2.0,DOWN,98217,PL173,12.0,Unknown,LOCAL,DAILY,Mumbai CSMT,Panvel,20:12,20:15,20,12,3,gtb_nagar -> chunabhatti,98217,LOCAL,Night
HR,gtb_nagar,chunabhatti,2.0,DOWN,98365,BR51,12.0,Unknown,LOCAL,NOT_SUN,Mumbai CSMT,Belapur CBD,20:16,20:19,20,16,3,gtb_nagar -> chunabhatti,98365,LOCAL,Night
HR,gtb_nagar,chunabhatti,2.0,DOWN,98219,PLVD45,12.0,Unknown,LOCAL,NOT_SUN,Vadala Road,Panvel,20:20,20:23,20,20,3,gtb_nagar -> chunabhatti,98219,LOCAL,Night
HR,gtb_nagar,chunabhatti,2.0,DOWN,98221,PL175,12.0,Unknown,AC,DAILY,Mumbai CSMT,Panvel,20:24,20:27,20,24,3,gtb_nagar -> chunabhatti,98221,AC,Night
HR,gtb_nagar,chunabhatti,2.0,DOWN,98555,V51,12.0,Unknown,LOCAL,DAILY,Mumbai CSMT,Vashi,20:28,20:31,20,28,3,gtb_nagar -> chunabhatti,98555,LOCAL,Night
HR,gtb_nagar,chunabhatti,2.0,DOWN,98914,GNPL14,12.0,Unknown,LOCAL,DAILY,Goregaon,Panvel,20:32,20:35,20,32,3,gtb_nagar -> chunabhatti,98914,LOCAL,Night
HR,gtb_nagar,chunabhatti,2.0,DOWN,98223,PL177,12.0,Unknown,LOCAL,DAILY,Mumbai CSMT,Panvel,20:40,20:43,20,40,3,gtb_nagar -> chunabhatti,98223,LOCAL,Night
HR,gtb_nagar,chunabhatti,2.0,DOWN,98367,BR53,12.0,Unknown,LOCAL,DAILY,Mumbai CSMT,Belapur CBD,20:52,20:55,20,52,3,gtb_nagar -> chunabhatti,98367,LOCAL,Night
HR,gtb_nagar,chunabhatti,2.0,DOWN,98225,PL179,12.0,Unknown,LOCAL,DAILY,Mumbai CSMT,Panvel,20:56,20:59,20,56,3,gtb_nagar -> chunabhatti,98225,LOCAL,Night
HR,gtb_nagar,chunabhatti,2.0,DOWN,98227,PLVD47,12.0,Unknown,LOCAL,NOT_SUN,Vadala Road,Panvel,21:00,21:03,21,0,3,gtb_nagar -> chunabhatti,98227,LOCAL,Night
HR,gtb_nagar,chunabhatti,2.0,DOWN,98557,V53,12.0,Unknown,LOCAL,NOT_SUN,Mumbai CSMT,Vashi,21:04,21:07,21,4,3,gtb_nagar -> chunabhatti,98557,LOCAL,Night
HR,gtb_nagar,chunabhatti,2.0,DOWN,98916,GNPL16,12.0,Unknown,LOCAL,DAILY,Goregaon,Panvel,21:08,21:11,21,8,3,gtb_nagar -> chunabhatti,98916,LOCAL,Night
HR,gtb_nagar,chunabhatti,2.0,DOWN,98229,PL181,12.0,Unknown,LOCAL,DAILY,Mumbai CSMT,Panvel,21:12,21:15,21,12,3,gtb_nagar -> chunabhatti,98229,LOCAL,Night
HR,gtb_nagar,chunabhatti,2.0,DOWN,98231,PLVD49,12.0,Unknown,LOCAL,DAILY,Vadala Road,Panvel,21:16,21:19,21,16,3,gtb_nagar -> chunabhatti,98231,LOCAL,Night
HR,gtb_nagar,chunabhatti,2.0,DOWN,98233,PL183,12.0,Unknown,LOCAL,DAILY,Mumbai CSMT,Panvel,21:25,21:28,21,25,3,gtb_nagar -> chunabhatti,98233,LOCAL,Night
HR,gtb_nagar,chunabhatti,2.0,DOWN,98559,V55,12.0,Unknown,LOCAL,NOT_SUN,Mumbai CSMT,Vashi,21:29,21:32,21,29,3,gtb_nagar -> chunabhatti,98559,LOCAL,Night
HR,gtb_nagar,chunabhatti,2.0,DOWN,98235,PL185,12.0,Unknown,LOCAL,DAILY,Mumbai CSMT,Panvel,21:37,21:40,21,37,3,gtb_nagar -> chunabhatti,98235,LOCAL,Night
HR,gtb_nagar,chunabhatti,2.0,DOWN,98369,BR55,12.0,Unknown,LOCAL,DAILY,Mumbai CSMT,Belapur CBD,21:41,21:44,21,41,3,gtb_nagar -> chunabhatti,98369,LOCAL,Night
HR,gtb_nagar,chunabhatti,2.0,DOWN,98237,PLVD51,12.0,Unknown,LOCAL,NOT_SUN,Vadala Road,Panvel,21:45,21:48,21,45,3,gtb_nagar -> chunabhatti,98237,LOCAL,Night
HR,gtb_nagar,chunabhatti,2.0,DOWN,98561,V57,12.0,Unknown,LOCAL,NOT_SUN,Mumbai CSMT,Vashi,21:49,21:52,21,49,3,gtb_nagar -> chunabhatti,98561,LOCAL,Night
HR,gtb_nagar,chunabhatti,2.0,DOWN,98239,PL187,12.0,Unknown,AC,DAILY,Mumbai CSMT,Panvel,21:53,21:56,21,53,3,gtb_nagar -> chunabhatti,98239,AC,Night
HR,chunabhatti,kurla_hr,1.9,DOWN,98003,PL3,12.0,Unknown,LOCAL,DAILY,Mumbai CSMT,Panvel,00:08,00:11,0,8,3,chunabhatti -> kurla_hr,98003,LOCAL,Late Night
HR,chunabhatti,kurla_hr,1.9,DOWN,98259,PL207,12.0,Unknown,LOCAL,DAILY,Mumbai CSMT,Panvel,00:18,00:21,0,18,3,chunabhatti -> kurla_hr,98259,LOCAL,Late Night
HR,chunabhatti,kurla_hr,1.9,DOWN,98575,V71,12.0,Unknown,LOCAL,DAILY,Mumbai CSMT,Vashi,00:23,00:26,0,23,3,chunabhatti -> kurla_hr,98575,LOCAL,Late Night
HR,chunabhatti,kurla_hr,1.9,DOWN,98301,BR1,12.0,Unknown,LOCAL,DAILY,Mumbai CSMT,Belapur CBD,00:31,00:34,0,31,3,chunabhatti -> kurla_hr,98301,LOCAL,Late Night
HR,chunabhatti,kurla_hr,1.9,DOWN,98001,PL1,12.0,Unknown,LOCAL,DAILY,Mumbai CSMT,Panvel,00:39,00:42,0,39,3,chunabhatti -> kurla_hr,98001,LOCAL,Late Night
HR,chunabhatti,kurla_hr,1.9,DOWN,98573,V69,12.0,Unknown,AC,DAILY,Mumbai CSMT,Vashi,00:50,00:53,0,50,3,chunabhatti -> kurla_hr,98573,AC,Late Night
HR,chunabhatti,kurla_hr,1.9,DOWN,98303,BRVD1,12.0,Unknown,LOCAL,DAILY,Vadala Road,Belapur CBD,00:58,01:01,0,58,3,chunabhatti -> kurla_hr,98303,LOCAL,Late Night
HR,chunabhatti,kurla_hr,1.9,DOWN,98005,PL5,12.0,Unknown,LOCAL,DAILY,Mumbai CSMT,Panvel,01:06,01:09,1,6,3,chunabhatti -> kurla_hr,98005,LOCAL,Late Night
HR,chunabhatti,kurla_hr,1.9,DOWN,98007,PL7,12.0,Unknown,LOCAL,DAILY,Mumbai CSMT,Panvel,04:58,05:01,4,58,3,chunabhatti -> kurla_hr,98007,LOCAL,Late Night
HR,chunabhatti,kurla_hr,1.9,DOWN,98009,PLVD1,12.0,Unknown,AC,NOT_SUN,Vadala Road,Panvel,05:14,05:17,5,14,3,chunabhatti -> kurla_hr,98009,AC,Morning Peak
HR,chunabhatti,kurla_hr,1.9,DOWN,98011,PL9,12.0,Unknown,LOCAL,DAILY,Mumbai CSMT,Panvel,05:18,05:21,5,18,3,chunabhatti -> kurla_hr,98011,LOCAL,Morning Peak
HR,chunabhatti,kurla_hr,1.9,DOWN,98013,PL11,12.0,Unknown,LOCAL,DAILY,Mumbai CSMT,Panvel,05:32,05:35,5,32,3,chunabhatti -> kurla_hr,98013,LOCAL,Morning Peak
HR,chunabhatti,kurla_hr,1.9,DOWN,98015,PL13,12.0,Unknown,LOCAL,DAILY,Mumbai CSMT,Panvel,05:44,05:47,5,44,3,chunabhatti -> kurla_hr,98015,LOCAL,Morning Peak
HR,chunabhatti,kurla_hr,1.9,DOWN,98017,PL15,12.0,Unknown,LOCAL,DAILY,Mumbai CSMT,Panvel,05:48,05:51,5,48,3,chunabhatti -> kurla_hr,98017,LOCAL,Morning Peak
HR,chunabhatti,kurla_hr,1.9,DOWN,98019,PL17,12.0,Unknown,LOCAL,DAILY,Mumbai CSMT,Panvel,05:56,05:59,5,56,3,chunabhatti -> kurla_hr,98019,LOCAL,Morning Peak
HR,chunabhatti,kurla_hr,1.9,DOWN,98021,PLVD3,12.0,Unknown,LOCAL,NOT_SUN,Vadala Road,Panvel,06:00,06:03,6,0,3,chunabhatti -> kurla_hr,98021,LOCAL,Morning Peak
HR,chunabhatti,kurla_hr,1.9,DOWN,98503,VVD1,12.0,Unknown,LOCAL,DAILY,Vadala Road,Vashi,08:02,08:05,8,2,3,chunabhatti -> kurla_hr,98503,LOCAL,Morning Peak
HR,chunabhatti,kurla_hr,1.9,DOWN,98051,PL43,12.0,Unknown,AC,DAILY,Mumbai CSMT,Panvel,08:06,08:09,8,6,3,chunabhatti -> kurla_hr,98051,AC,Morning Peak
HR,chunabhatti,kurla_hr,1.9,DOWN,98311,BR9,12.0,Unknown,LOCAL,DAILY,Mumbai CSMT,Belapur CBD,08:14,08:17,8,14,3,chunabhatti -> kurla_hr,98311,LOCAL,Morning Peak
HR,chunabhatti,kurla_hr,1.9,DOWN,98902,GNPL2,12.0,Unknown,LOCAL,DAILY,Goregaon,Panvel,08:18,08:21,8,18,3,chunabhatti -> kurla_hr,98902,LOCAL,Morning Peak
HR,chunabhatti,kurla_hr,1.9,DOWN,98053,PL45,12.0,Unknown,LOCAL,DAILY,Mumbai CSMT,Panvel,08:22,08:25,8,22,3,chunabhatti -> kurla_hr,98053,LOCAL,Morning Peak
HR,chunabhatti,kurla_hr,1.9,DOWN,98055,PL47,12.0,Unknown,LOCAL,NOT_SUN,Mumbai CSMT,Panvel,08:26,08:29,8,26,3,chunabhatti -> kurla_hr,98055,LOCAL,Morning Peak
HR,chunabhatti,kurla_hr,1.9,DOWN,98313,BRVD3,12.0,Unknown,LOCAL,NOT_SUN,Vadala Road,Belapur CBD,08:30,08:33,8,30,3,chunabhatti -> kurla_hr,98313,LOCAL,Morning Peak
HR,chunabhatti,kurla_hr,1.9,DOWN,98057,PL49,12.0,Unknown,LOCAL,DAILY,Mumbai CSMT,Panvel,08:34,08:37,8,34,3,chunabhatti -> kurla_hr,98057,LOCAL,Morning Peak
HR,chunabhatti,kurla_hr,1.9,DOWN,98505,V3,12.0,Unknown,LOCAL,DAILY,Mumbai CSMT,Vashi,08:38,08:41,8,38,3,chunabhatti -> kurla_hr,98505,LOCAL,Morning Peak
HR,chunabhatti,kurla_hr,1.9,DOWN,98059,PLVD9,12.0,Unknown,LOCAL,NOT_SUN,Vadala Road,Panvel,08:42,08:45,8,42,3,chunabhatti -> kurla_hr,98059,LOCAL,Morning Peak
HR,chunabhatti,kurla_hr,1.9,DOWN,98315,BR11,12.0,Unknown,LOCAL,DAILY,Mumbai CSMT,Belapur CBD,08:46,08:49,8,46,3,chunabhatti -> kurla_hr,98315,LOCAL,Morning Peak
HR,chunabhatti,kurla_hr,1.9,DOWN,98061,PL51,12.0,Unknown,LOCAL,DAILY,Mumbai CSMT,Panvel,08:50,08:53,8,50,3,chunabhatti -> kurla_hr,98061,LOCAL,Morning Peak
HR,chunabhatti,kurla_hr,1.9,DOWN,98063,PL53,12.0,Unknown,LOCAL,DAILY,Mumbai CSMT,Panvel,09:00,09:03,9,0,3,chunabhatti -> kurla_hr,98063,LOCAL,Late Morning
HR,chunabhatti,kurla_hr,1.9,DOWN,98605,CM1,12.0,Unknown,LOCAL,DAILY,Mumbai CSMT,Chembur,09:03,09:06,9,3,3,chunabhatti -> kurla_hr,98605,LOCAL,Late Morning
HR,chunabhatti,kurla_hr,1.9,DOWN,98507,V5,12.0,Unknown,LOCAL,DAILY,Mumbai CSMT,Vashi,09:12,09:15,9,12,3,chunabhatti -> kurla_hr,98507,LOCAL,Late Morning
HR,chunabhatti,kurla_hr,1.9,DOWN,98065,PLVD11,12.0,Unknown,LOCAL,DAILY,Vadala Road,Panvel,09:16,09:19,9,16,3,chunabhatti -> kurla_hr,98065,LOCAL,Late Morning
HR,chunabhatti,kurla_hr,1.9,DOWN,98067,PL55,12.0,Unknown,LOCAL,DAILY,Mumbai CSMT,Panvel,09:20,09:23,9,20,3,chunabhatti -> kurla_hr,98067,LOCAL,Late Morning
HR,chunabhatti,kurla_hr,1.9,DOWN,98317,BR13,12.0,Unknown,LOCAL,DAILY,Mumbai CSMT,Belapur CBD,09:24,09:27,9,24,3,chunabhatti -> kurla_hr,98317,LOCAL,Late Morning
HR,chunabhatti,kurla_hr,1.9,DOWN,98904,GNPL4,12.0,Unknown,LOCAL,DAILY,Goregaon,Panvel,09:28,09:31,9,28,3,chunabhatti -> kurla_hr,98904,LOCAL,Late Morning
HR,chunabhatti,kurla_hr,1.9,DOWN,98069,PL57,12.0,Unknown,LOCAL,DAILY,Mumbai CSMT,Panvel,09:32,09:35,9,32,3,chunabhatti -> kurla_hr,98069,LOCAL,Late Morning
HR,chunabhatti,kurla_hr,1.9,DOWN,98509,V7,12.0,Unknown,LOCAL,DAILY,Mumbai CSMT,Vashi,09:36,09:39,9,36,3,chunabhatti -> kurla_hr,98509,LOCAL,Late Morning
HR,chunabhatti,kurla_hr,1.9,DOWN,98071,PL59,12.0,Unknown,LOCAL,DAILY,Mumbai CSMT,Panvel,09:44,09:47,9,44,3,chunabhatti -> kurla_hr,98071,LOCAL,Late Morning
HR,chunabhatti,kurla_hr,1.9,DOWN,98511,V9,12.0,Unknown,LOCAL,NOT_SUN,Mumbai CSMT,Vashi,09:48,09:51,9,48,3,chunabhatti -> kurla_hr,98511,LOCAL,Late Morning
HR,chunabhatti,kurla_hr,1.9,DOWN,98319,BRVD5,12.0,Unknown,LOCAL,DAILY,Vadala Road,Belapur CBD,09:52,09:55,9,52,3,chunabhatti -> kurla_hr,98319,LOCAL,Late Morning
HR,chunabhatti,kurla_hr,1.9,DOWN,98073,PL61,12.0,Unknown,LOCAL,DAILY,Mumbai CSMT,Panvel,09:56,09:59,9,56,3,chunabhatti -> kurla_hr,98073,LOCAL,Late Morning
HR,chunabhatti,kurla_hr,1.9,DOWN,98513,V11,12.0,Unknown,LOCAL,NOT_SUN,Mumbai CSMT,Vashi,10:00,10:03,10,0,3,chunabhatti -> kurla_hr,98513,LOCAL,Late Morning
HR,chunabhatti,kurla_hr,1.9,DOWN,98101,PL85,12.0,Unknown,LOCAL,DAILY,Mumbai CSMT,Panvel,12:06,12:09,12,6,3,chunabhatti -> kurla_hr,98101,LOCAL,Afternoon
HR,chunabhatti,kurla_hr,1.9,DOWN,98103,PL87,12.0,Unknown,LOCAL,DAILY,Mumbai CSMT,Panvel,12:18,12:21,12,18,3,chunabhatti -> kurla_hr,98103,LOCAL,Afternoon
HR,chunabhatti,kurla_hr,1.9,DOWN,98105,PL89,12.0,Unknown,LOCAL,NOT_SUN,Mumbai CSMT,Panvel,12:22,12:25,12,22,3,chunabhatti -> kurla_hr,98105,LOCAL,Afternoon
HR,chunabhatti,kurla_hr,1.9,DOWN,98107,PLVD17,12.0,Unknown,LOCAL,NOT_SUN,Vadala Road,Panvel,12:26,12:29,12,26,3,chunabhatti -> kurla_hr,98107,LOCAL,Afternoon
HR,chunabhatti,kurla_hr,1.9,DOWN,98109,PL91,12.0,Unknown,LOCAL,DAILY,Mumbai CSMT,Panvel,12:34,12:37,12,34,3,chunabhatti -> kurla_hr,98109,LOCAL,Afternoon
HR,chunabhatti,kurla_hr,1.9,DOWN,98111,PL93,12.0,Unknown,LOCAL,NOT_SUN,Mumbai CSMT,Panvel,12:43,12:46,12,43,3,chunabhatti -> kurla_hr,98111,LOCAL,Afternoon
HR,chunabhatti,kurla_hr,1.9,DOWN,98335,BR25,12.0,Unknown,LOCAL,DAILY,Mumbai CSMT,Belapur CBD,12:51,12:54,12,51,3,chunabhatti -> kurla_hr,98335,LOCAL,Afternoon
HR,chunabhatti,kurla_hr,1.9,DOWN,98113,PL95,12.0,Unknown,LOCAL,DAILY,Mumbai CSMT,Panvel,12:55,12:58,12,55,3,chunabhatti -> kurla_hr,98113,LOCAL,Afternoon
HR,chunabhatti,kurla_hr,1.9,DOWN,98115,PLVD19,12.0,Unknown,LOCAL,DAILY,Vadala Road,Panvel,12:59,13:02,12,59,3,chunabhatti -> kurla_hr,98115,LOCAL,Afternoon
HR,chunabhatti,kurla_hr,1.9,DOWN,98337,BR27,12.0,Unknown,LOCAL,DAILY,Mumbai CSMT,Belapur CBD,13:05,13:08,13,5,3,chunabhatti -> kurla_hr,98337,LOCAL,Afternoon
HR,chunabhatti,kurla_hr,1.9,DOWN,98908,GNPL8,12.0,Unknown,LOCAL,DAILY,Goregaon,Panvel,13:09,13:12,13,9,3,chunabhatti -> kurla_hr,98908,LOCAL,Afternoon
HR,chunabhatti,kurla_hr,1.9,DOWN,98117,PL97,12.0,Unknown,LOCAL,DAILY,Mumbai CSMT,Panvel,13:17,13:20,13,17,3,chunabhatti -> kurla_hr,98117,LOCAL,Afternoon
HR,chunabhatti,kurla_hr,1.9,DOWN,98527,V25,12.0,Unknown,LOCAL,NOT_SUN,Mumbai CSMT,Vashi,13:21,13:24,13,21,3,chunabhatti -> kurla_hr,98527,LOCAL,Afternoon
HR,chunabhatti,kurla_hr,1.9,DOWN,98119,PLVD21,12.0,Unknown,AC,DAILY,Vadala Road,Panvel,13:25,13:28,13,25,3,chunabhatti -> kurla_hr,98119,AC,Afternoon
HR,chunabhatti,kurla_hr,1.9,DOWN,98121,PL99,12.0,Unknown,LOCAL,DAILY,Mumbai CSMT,Panvel,13:29,13:32,13,29,3,chunabhatti -> kurla_hr,98121,LOCAL,Afternoon
HR,chunabhatti,kurla_hr,1.9,DOWN,98339,BR29,12.0,Unknown,AC,DAILY,Mumbai CSMT,Belapur CBD,13:33,13:36,13,33,3,chunabhatti -> kurla_hr,98339,AC,Afternoon
HR,chunabhatti,kurla_hr,1.9,DOWN,98123,PL101,12.0,Unknown,LOCAL,DAILY,Mumbai CSMT,Panvel,13:41,13:44,13,41,3,chunabhatti -> kurla_hr,98123,LOCAL,Afternoon
HR,chunabhatti,kurla_hr,1.9,DOWN,98125,PL103,12.0,Unknown,LOCAL,DAILY,Mumbai CSMT,Panvel,13:45,13:48,13,45,3,chunabhatti -> kurla_hr,98125,LOCAL,Afternoon
HR,chunabhatti,kurla_hr,1.9,DOWN,98127,PL105,12.0,Unknown,LOCAL,DAILY,Mumbai CSMT,Panvel,13:56,13:59,13,56,3,chunabhatti -> kurla_hr,98127,LOCAL,Afternoon
HR,chunabhatti,kurla_hr,1.9,DOWN,98529,V27,12.0,Unknown,LOCAL,DAILY,Mumbai CSMT,Vashi,14:00,14:03,14,0,3,chunabhatti -> kurla_hr,98529,LOCAL,Afternoon
HR,chunabhatti,kurla_hr,1.9,DOWN,98157,PL131,12.0,Unknown,AC,DAILY,Mumbai CSMT,Panvel,16:02,16:05,16,2,3,chunabhatti -> kurla_hr,98157,AC,Evening Peak
HR,chunabhatti,kurla_hr,1.9,DOWN,98159,PL133,12.0,Unknown,LOCAL,DAILY,Mumbai CSMT,Panvel,16:10,16:13,16,10,3,chunabhatti -> kurla_hr,98159,LOCAL,Evening Peak
HR,chunabhatti,kurla_hr,1.9,DOWN,98161,PLVD27,12.0,Unknown,LOCAL,DAILY,Vadala Road,Panvel,16:16,16:19,16,16,3,chunabhatti -> kurla_hr,98161,LOCAL,Evening Peak
HR,chunabhatti,kurla_hr,1.9,DOWN,98533,V29,12.0,Unknown,AC,DAILY,Mumbai CSMT,Vashi,16:20,16:23,16,20,3,chunabhatti -> kurla_hr,98533,AC,Evening Peak
HR,chunabhatti,kurla_hr,1.9,DOWN,98163,PL135,12.0,Unknown,LOCAL,DAILY,Mumbai CSMT,Panvel,16:26,16:29,16,26,3,chunabhatti -> kurla_hr,98163,LOCAL,Evening Peak
HR,chunabhatti,kurla_hr,1.9,DOWN,98165,PL137,12.0,Unknown,LOCAL,DAILY,Mumbai CSMT,Panvel,16:34,16:37,16,34,3,chunabhatti -> kurla_hr,98165,LOCAL,Evening Peak
HR,chunabhatti,kurla_hr,1.9,DOWN,98535,V31,12.0,Unknown,LOCAL,NOT_SUN,Mumbai CSMT,Vashi,16:38,16:41,16,38,3,chunabhatti -> kurla_hr,98535,LOCAL,Evening Peak
HR,chunabhatti,kurla_hr,1.9,DOWN,98167,PLVD29,12.0,Unknown,LOCAL,NOT_SUN,Vadala Road,Panvel,16:42,16:45,16,42,3,chunabhatti -> kurla_hr,98167,LOCAL,Evening Peak
HR,chunabhatti,kurla_hr,1.9,DOWN,98169,PL139,12.0,Unknown,LOCAL,DAILY,Mumbai CSMT,Panvel,16:49,16:52,16,49,3,chunabhatti -> kurla_hr,98169,LOCAL,Evening Peak
HR,chunabhatti,kurla_hr,1.9,DOWN,98347,BR35,12.0,Unknown,LOCAL,NOT_SUN,Mumbai CSMT,Belapur CBD,16:53,16:56,16,53,3,chunabhatti -> kurla_hr,98347,LOCAL,Evening Peak
HR,chunabhatti,kurla_hr,1.9,DOWN,98171,PL141,12.0,Unknown,LOCAL,DAILY,Mumbai CSMT,Panvel,17:01,17:04,17,1,3,chunabhatti -> kurla_hr,98171,LOCAL,Evening Peak
HR,chunabhatti,kurla_hr,1.9,DOWN,98349,BR37,12.0,Unknown,LOCAL,DAILY,Mumbai CSMT,Belapur CBD,17:05,17:08,17,5,3,chunabhatti -> kurla_hr,98349,LOCAL,Evening Peak
HR,chunabhatti,kurla_hr,1.9,DOWN,98173,PLVD31,12.0,Unknown,LOCAL,NOT_SUN,Vadala Road,Panvel,17:09,17:12,17,9,3,chunabhatti -> kurla_hr,98173,LOCAL,Evening Peak
HR,chunabhatti,kurla_hr,1.9,DOWN,98537,V33,12.0,Unknown,LOCAL,DAILY,Mumbai CSMT,Vashi,17:13,17:16,17,13,3,chunabhatti -> kurla_hr,98537,LOCAL,Evening Peak
HR,chunabhatti,kurla_hr,1.9,DOWN,98175,PL143,12.0,Unknown,LOCAL,DAILY,Mumbai CSMT,Panvel,17:17,17:20,17,17,3,chunabhatti -> kurla_hr,98175,LOCAL,Evening Peak
HR,chunabhatti,kurla_hr,1.9,DOWN,98177,PLVD33,12.0,Unknown,LOCAL,DAILY,Vadala Road,Panvel,17:22,17:25,17,22,3,chunabhatti -> kurla_hr,98177,LOCAL,Evening Peak
HR,chunabhatti,kurla_hr,1.9,DOWN,98351,BR39,12.0,Unknown,LOCAL,DAILY,Mumbai CSMT,Belapur CBD,17:26,17:29,17,26,3,chunabhatti -> kurla_hr,98351,LOCAL,Evening Peak
HR,chunabhatti,kurla_hr,1.9,DOWN,98539,V35,12.0,Unknown,LOCAL,NOT_SUN,Mumbai CSMT,Vashi,17:30,17:33,17,30,3,chunabhatti -> kurla_hr,98539,LOCAL,Evening Peak
HR,chunabhatti,kurla_hr,1.9,DOWN,98179,PL145,12.0,Unknown,LOCAL,DAILY,Mumbai CSMT,Panvel,17:34,17:37,17,34,3,chunabhatti -> kurla_hr,98179,LOCAL,Evening Peak
HR,chunabhatti,kurla_hr,1.9,DOWN,98181,PLVD35,12.0,Unknown,AC,DAILY,Vadala Road,Panvel,17:38,17:41,17,38,3,chunabhatti -> kurla_hr,98181,AC,Evening Peak
HR,chunabhatti,kurla_hr,1.9,DOWN,98353,BR41,12.0,Unknown,LOCAL,NOT_SUN,Mumbai CSMT,Belapur CBD,17:42,17:45,17,42,3,chunabhatti -> kurla_hr,98353,LOCAL,Evening Peak
HR,chunabhatti,kurla_hr,1.9,DOWN,98183,PL147,12.0,Unknown,LOCAL,DAILY,Mumbai CSMT,Panvel,17:46,17:49,17,46,3,chunabhatti -> kurla_hr,98183,LOCAL,Evening Peak
HR,chunabhatti,kurla_hr,1.9,DOWN,98541,V37,12.0,Unknown,LOCAL,NOT_SUN,Mumbai CSMT,Vashi,17:53,17:56,17,53,3,chunabhatti -> kurla_hr,98541,LOCAL,Evening Peak
HR,chunabhatti,kurla_hr,1.9,DOWN,98185,PL149,12.0,Unknown,LOCAL,DAILY,Mumbai CSMT,Panvel,17:59,18:02,17,59,3,chunabhatti -> kurla_hr,98185,LOCAL,Evening Peak
HR,chunabhatti,kurla_hr,1.9,DOWN,98213,PL171,12.0,Unknown,LOCAL,DAILY,Mumbai CSMT,Panvel,20:00,20:03,20,0,3,chunabhatti -> kurla_hr,98213,LOCAL,Night
HR,chunabhatti,kurla_hr,1.9,DOWN,98363,BR49,12.0,Unknown,LOCAL,DAILY,Mumbai CSMT,Belapur CBD,20:03,20:06,20,3,3,chunabhatti -> kurla_hr,98363,LOCAL,Night
HR,chunabhatti,kurla_hr,1.9,DOWN,98215,PLVD43,12.0,Unknown,LOCAL,DAILY,Vadala Road,Panvel,20:07,20:10,20,7,3,chunabhatti -> kurla_hr,98215,LOCAL,Night
HR,chunabhatti,kurla_hr,1.9,DOWN,98553,V49,12.0,Unknown,LOCAL,NOT_SUN,Mumbai CSMT,Vashi,20:11,20:14,20,11,3,chunabhatti -> kurla_hr,98553,LOCAL,Night
HR,chunabhatti,kurla_hr,1.9,DOWN,98217,PL173,12.0,Unknown,LOCAL,DAILY,Mumbai CSMT,Panvel,20:15,20:18,20,15,3,chunabhatti -> kurla_hr,98217,LOCAL,Night
HR,chunabhatti,kurla_hr,1.9,DOWN,98365,BR51,12.0,Unknown,LOCAL,NOT_SUN,Mumbai CSMT,Belapur CBD,20:19,20:22,20,19,3,chunabhatti -> kurla_hr,98365,LOCAL,Night
HR,chunabhatti,kurla_hr,1.9,DOWN,98219,PLVD45,12.0,Unknown,LOCAL,NOT_SUN,Vadala Road,Panvel,20:23,20:26,20,23,3,chunabhatti -> kurla_hr,98219,LOCAL,Night
HR,chunabhatti,kurla_hr,1.9,DOWN,98221,PL175,12.0,Unknown,AC,DAILY,Mumbai CSMT,Panvel,20:27,20:30,20,27,3,chunabhatti -> kurla_hr,98221,AC,Night
HR,chunabhatti,kurla_hr,1.9,DOWN,98555,V51,12.0,Unknown,LOCAL,DAILY,Mumbai CSMT,Vashi,20:31,20:34,20,31,3,chunabhatti -> kurla_hr,98555,LOCAL,Night
HR,chunabhatti,kurla_hr,1.9,DOWN,98914,GNPL14,12.0,Unknown,LOCAL,DAILY,Goregaon,Panvel,20:35,20:38,20,35,3,chunabhatti -> kurla_hr,98914,LOCAL,Night
HR,chunabhatti,kurla_hr,1.9,DOWN,98223,PL177,12.0,Unknown,LOCAL,DAILY,Mumbai CSMT,Panvel,20:43,20:46,20,43,3,chunabhatti -> kurla_hr,98223,LOCAL,Night
HR,chunabhatti,kurla_hr,1.9,DOWN,98367,BR53,12.0,Unknown,LOCAL,DAILY,Mumbai CSMT,Belapur CBD,20:55,20:58,20,55,3,chunabhatti -> kurla_hr,98367,LOCAL,Night
HR,chunabhatti,kurla_hr,1.9,DOWN,98225,PL179,12.0,Unknown,LOCAL,DAILY,Mumbai CSMT,Panvel,20:59,21:02,20,59,3,chunabhatti -> kurla_hr,98225,LOCAL,Night
HR,chunabhatti,kurla_hr,1.9,DOWN,98227,PLVD47,12.0,Unknown,LOCAL,NOT_SUN,Vadala Road,Panvel,21:03,21:06,21,3,3,chunabhatti -> kurla_hr,98227,LOCAL,Night
HR,chunabhatti,kurla_hr,1.9,DOWN,98557,V53,12.0,Unknown,LOCAL,NOT_SUN,Mumbai CSMT,Vashi,21:07,21:10,21,7,3,chunabhatti -> kurla_hr,98557,LOCAL,Night
HR,chunabhatti,kurla_hr,1.9,DOWN,98916,GNPL16,12.0,Unknown,LOCAL,DAILY,Goregaon,Panvel,21:11,21:14,21,11,3,chunabhatti -> kurla_hr,98916,LOCAL,Night
HR,chunabhatti,kurla_hr,1.9,DOWN,98229,PL181,12.0,Unknown,LOCAL,DAILY,Mumbai CSMT,Panvel,21:15,21:18,21,15,3,chunabhatti -> kurla_hr,98229,LOCAL,Night
HR,chunabhatti,kurla_hr,1.9,DOWN,98231,PLVD49,12.0,Unknown,LOCAL,DAILY,Vadala Road,Panvel,21:19,21:22,21,19,3,chunabhatti -> kurla_hr,98231,LOCAL,Night
HR,chunabhatti,kurla_hr,1.9,DOWN,98233,PL183,12.0,Unknown,LOCAL,DAILY,Mumbai CSMT,Panvel,21:28,21:31,21,28,3,chunabhatti -> kurla_hr,98233,LOCAL,Night
HR,chunabhatti,kurla_hr,1.9,DOWN,98559,V55,12.0,Unknown,LOCAL,NOT_SUN,Mumbai CSMT,Vashi,21:32,21:35,21,32,3,chunabhatti -> kurla_hr,98559,LOCAL,Night
HR,chunabhatti,kurla_hr,1.9,DOWN,98235,PL185,12.0,Unknown,LOCAL,DAILY,Mumbai CSMT,Panvel,21:40,21:43,21,40,3,chunabhatti -> kurla_hr,98235,LOCAL,Night
HR,chunabhatti,kurla_hr,1.9,DOWN,98369,BR55,12.0,Unknown,LOCAL,DAILY,Mumbai CSMT,Belapur CBD,21:44,21:47,21,44,3,chunabhatti -> kurla_hr,98369,LOCAL,Night
HR,chunabhatti,kurla_hr,1.9,DOWN,98237,PLVD51,12.0,Unknown,LOCAL,NOT_SUN,Vadala Road,Panvel,21:48,21:51,21,48,3,chunabhatti -> kurla_hr,98237,LOCAL,Night
HR,chunabhatti,kurla_hr,1.9,DOWN,98561,V57,12.0,Unknown,LOCAL,NOT_SUN,Mumbai CSMT,Vashi,21:52,21:55,21,52,3,chunabhatti -> kurla_hr,98561,LOCAL,Night
HR,chunabhatti,kurla_hr,1.9,DOWN,98239,PL187,12.0,Unknown,AC,DAILY,Mumbai CSMT,Panvel,21:56,21:59,21,56,3,chunabhatti -> kurla_hr,98239,AC,Night
HR,kurla_hr,tilaknagar,1.0,DOWN,98003,PL3,12.0,Unknown,LOCAL,DAILY,Mumbai CSMT,Panvel,00:11,00:14,0,11,3,kurla_hr -> tilaknagar,98003,LOCAL,Late Night
HR,kurla_hr,tilaknagar,1.0,DOWN,98259,PL207,12.0,Unknown,LOCAL,DAILY,Mumbai CSMT,Panvel,00:21,00:24,0,21,3,kurla_hr -> tilaknagar,98259,LOCAL,Late Night
HR,kurla_hr,tilaknagar,1.0,DOWN,98575,V71,12.0,Unknown,LOCAL,DAILY,Mumbai CSMT,Vashi,00:26,00:29,0,26,3,kurla_hr -> tilaknagar,98575,LOCAL,Late Night
HR,kurla_hr,tilaknagar,1.0,DOWN,98301,BR1,12.0,Unknown,LOCAL,DAILY,Mumbai CSMT,Belapur CBD,00:34,00:37,0,34,3,kurla_hr -> tilaknagar,98301,LOCAL,Late Night
HR,kurla_hr,tilaknagar,1.0,DOWN,98001,PL1,12.0,Unknown,LOCAL,DAILY,Mumbai CSMT,Panvel,00:42,00:45,0,42,3,kurla_hr -> tilaknagar,98001,LOCAL,Late Night
HR,kurla_hr,tilaknagar,1.0,DOWN,98573,V69,12.0,Unknown,AC,DAILY,Mumbai CSMT,Vashi,00:53,00:56,0,53,3,kurla_hr -> tilaknagar,98573,AC,Late Night
HR,kurla_hr,tilaknagar,1.0,DOWN,98303,BRVD1,12.0,Unknown,LOCAL,DAILY,Vadala Road,Belapur CBD,01:01,01:04,1,1,3,kurla_hr -> tilaknagar,98303,LOCAL,Late Night
HR,kurla_hr,tilaknagar,1.0,DOWN,98005,PL5,12.0,Unknown,LOCAL,DAILY,Mumbai CSMT,Panvel,01:09,01:12,1,9,3,kurla_hr -> tilaknagar,98005,LOCAL,Late Night
HR,kurla_hr,tilaknagar,1.0,DOWN,98007,PL7,12.0,Unknown,LOCAL,DAILY,Mumbai CSMT,Panvel,05:01,05:04,5,1,3,kurla_hr -> tilaknagar,98007,LOCAL,Morning Peak
HR,kurla_hr,tilaknagar,1.0,DOWN,98009,PLVD1,12.0,Unknown,AC,NOT_SUN,Vadala Road,Panvel,05:17,05:20,5,17,3,kurla_hr -> tilaknagar,98009,AC,Morning Peak
HR,kurla_hr,tilaknagar,1.0,DOWN,98011,PL9,12.0,Unknown,LOCAL,DAILY,Mumbai CSMT,Panvel,05:21,05:24,5,21,3,kurla_hr -> tilaknagar,98011,LOCAL,Morning Peak
HR,kurla_hr,tilaknagar,1.0,DOWN,98013,PL11,12.0,Unknown,LOCAL,DAILY,Mumbai CSMT,Panvel,05:35,05:38,5,35,3,kurla_hr -> tilaknagar,98013,LOCAL,Morning Peak
HR,kurla_hr,tilaknagar,1.0,DOWN,98015,PL13,12.0,Unknown,LOCAL,DAILY,Mumbai CSMT,Panvel,05:47,05:50,5,47,3,kurla_hr -> tilaknagar,98015,LOCAL,Morning Peak
HR,kurla_hr,tilaknagar,1.0,DOWN,98017,PL15,12.0,Unknown,LOCAL,DAILY,Mumbai CSMT,Panvel,05:51,05:54,5,51,3,kurla_hr -> tilaknagar,98017,LOCAL,Morning Peak
HR,kurla_hr,tilaknagar,1.0,DOWN,98019,PL17,12.0,Unknown,LOCAL,DAILY,Mumbai CSMT,Panvel,05:59,06:02,5,59,3,kurla_hr -> tilaknagar,98019,LOCAL,Morning Peak
HR,kurla_hr,tilaknagar,1.0,DOWN,98503,VVD1,12.0,Unknown,LOCAL,DAILY,Vadala Road,Vashi,08:05,08:08,8,5,3,kurla_hr -> tilaknagar,98503,LOCAL,Morning Peak
HR,kurla_hr,tilaknagar,1.0,DOWN,98051,PL43,12.0,Unknown,AC,DAILY,Mumbai CSMT,Panvel,08:09,08:12,8,9,3,kurla_hr -> tilaknagar,98051,AC,Morning Peak
HR,kurla_hr,tilaknagar,1.0,DOWN,98311,BR9,12.0,Unknown,LOCAL,DAILY,Mumbai CSMT,Belapur CBD,08:17,08:20,8,17,3,kurla_hr -> tilaknagar,98311,LOCAL,Morning Peak
HR,kurla_hr,tilaknagar,1.0,DOWN,98902,GNPL2,12.0,Unknown,LOCAL,DAILY,Goregaon,Panvel,08:21,08:24,8,21,3,kurla_hr -> tilaknagar,98902,LOCAL,Morning Peak
HR,kurla_hr,tilaknagar,1.0,DOWN,98053,PL45,12.0,Unknown,LOCAL,DAILY,Mumbai CSMT,Panvel,08:25,08:28,8,25,3,kurla_hr -> tilaknagar,98053,LOCAL,Morning Peak
HR,kurla_hr,tilaknagar,1.0,DOWN,98055,PL47,12.0,Unknown,LOCAL,NOT_SUN,Mumbai CSMT,Panvel,08:29,08:32,8,29,3,kurla_hr -> tilaknagar,98055,LOCAL,Morning Peak
HR,kurla_hr,tilaknagar,1.0,DOWN,98313,BRVD3,12.0,Unknown,LOCAL,NOT_SUN,Vadala Road,Belapur CBD,08:33,08:36,8,33,3,kurla_hr -> tilaknagar,98313,LOCAL,Morning Peak
HR,kurla_hr,tilaknagar,1.0,DOWN,98057,PL49,12.0,Unknown,LOCAL,DAILY,Mumbai CSMT,Panvel,08:37,08:40,8,37,3,kurla_hr -> tilaknagar,98057,LOCAL,Morning Peak
HR,kurla_hr,tilaknagar,1.0,DOWN,98505,V3,12.0,Unknown,LOCAL,DAILY,Mumbai CSMT,Vashi,08:41,08:44,8,41,3,kurla_hr -> tilaknagar,98505,LOCAL,Morning Peak
HR,kurla_hr,tilaknagar,1.0,DOWN,98059,PLVD9,12.0,Unknown,LOCAL,NOT_SUN,Vadala Road,Panvel,08:45,08:48,8,45,3,kurla_hr -> tilaknagar,98059,LOCAL,Morning Peak
HR,kurla_hr,tilaknagar,1.0,DOWN,98315,BR11,12.0,Unknown,LOCAL,DAILY,Mumbai CSMT,Belapur CBD,08:49,08:52,8,49,3,kurla_hr -> tilaknagar,98315,LOCAL,Morning Peak
HR,kurla_hr,tilaknagar,1.0,DOWN,98061,PL51,12.0,Unknown,LOCAL,DAILY,Mumbai CSMT,Panvel,08:53,08:56,8,53,3,kurla_hr -> tilaknagar,98061,LOCAL,Morning Peak
HR,kurla_hr,tilaknagar,1.0,DOWN,98063,PL53,12.0,Unknown,LOCAL,DAILY,Mumbai CSMT,Panvel,09:03,09:06,9,3,3,kurla_hr -> tilaknagar,98063,LOCAL,Late Morning
HR,kurla_hr,tilaknagar,1.0,DOWN,98605,CM1,12.0,Unknown,LOCAL,DAILY,Mumbai CSMT,Chembur,09:06,09:09,9,6,3,kurla_hr -> tilaknagar,98605,LOCAL,Late Morning
HR,kurla_hr,tilaknagar,1.0,DOWN,98507,V5,12.0,Unknown,LOCAL,DAILY,Mumbai CSMT,Vashi,09:15,09:18,9,15,3,kurla_hr -> tilaknagar,98507,LOCAL,Late Morning
HR,kurla_hr,tilaknagar,1.0,DOWN,98065,PLVD11,12.0,Unknown,LOCAL,DAILY,Vadala Road,Panvel,09:19,09:22,9,19,3,kurla_hr -> tilaknagar,98065,LOCAL,Late Morning
HR,kurla_hr,tilaknagar,1.0,DOWN,98067,PL55,12.0,Unknown,LOCAL,DAILY,Mumbai CSMT,Panvel,09:23,09:26,9,23,3,kurla_hr -> tilaknagar,98067,LOCAL,Late Morning
HR,kurla_hr,tilaknagar,1.0,DOWN,98317,BR13,12.0,Unknown,LOCAL,DAILY,Mumbai CSMT,Belapur CBD,09:27,09:30,9,27,3,kurla_hr -> tilaknagar,98317,LOCAL,Late Morning
HR,kurla_hr,tilaknagar,1.0,DOWN,98904,GNPL4,12.0,Unknown,LOCAL,DAILY,Goregaon,Panvel,09:31,09:34,9,31,3,kurla_hr -> tilaknagar,98904,LOCAL,Late Morning
HR,kurla_hr,tilaknagar,1.0,DOWN,98069,PL57,12.0,Unknown,LOCAL,DAILY,Mumbai CSMT,Panvel,09:35,09:38,9,35,3,kurla_hr -> tilaknagar,98069,LOCAL,Late Morning
HR,kurla_hr,tilaknagar,1.0,DOWN,98509,V7,12.0,Unknown,LOCAL,DAILY,Mumbai CSMT,Vashi,09:39,09:42,9,39,3,kurla_hr -> tilaknagar,98509,LOCAL,Late Morning
HR,kurla_hr,tilaknagar,1.0,DOWN,98071,PL59,12.0,Unknown,LOCAL,DAILY,Mumbai CSMT,Panvel,09:47,09:50,9,47,3,kurla_hr -> tilaknagar,98071,LOCAL,Late Morning
HR,kurla_hr,tilaknagar,1.0,DOWN,98511,V9,12.0,Unknown,LOCAL,NOT_SUN,Mumbai CSMT,Vashi,09:51,09:54,9,51,3,kurla_hr -> tilaknagar,98511,LOCAL,Late Morning
HR,kurla_hr,tilaknagar,1.0,DOWN,98319,BRVD5,12.0,Unknown,LOCAL,DAILY,Vadala Road,Belapur CBD,09:55,09:58,9,55,3,kurla_hr -> tilaknagar,98319,LOCAL,Late Morning
HR,kurla_hr,tilaknagar,1.0,DOWN,98073,PL61,12.0,Unknown,LOCAL,DAILY,Mumbai CSMT,Panvel,09:59,10:02,9,59,3,kurla_hr -> tilaknagar,98073,LOCAL,Late Morning
HR,kurla_hr,tilaknagar,1.0,DOWN,98333,BR23,12.0,Unknown,LOCAL,DAILY,Mumbai CSMT,Belapur CBD,12:01,12:04,12,1,3,kurla_hr -> tilaknagar,98333,LOCAL,Afternoon
HR,kurla_hr,tilaknagar,1.0,DOWN,98101,PL85,12.0,Unknown,LOCAL,DAILY,Mumbai CSMT,Panvel,12:09,12:12,12,9,3,kurla_hr -> tilaknagar,98101,LOCAL,Afternoon
HR,kurla_hr,tilaknagar,1.0,DOWN,98103,PL87,12.0,Unknown,LOCAL,DAILY,Mumbai CSMT,Panvel,12:21,12:24,12,21,3,kurla_hr -> tilaknagar,98103,LOCAL,Afternoon
HR,kurla_hr,tilaknagar,1.0,DOWN,98105,PL89,12.0,Unknown,LOCAL,NOT_SUN,Mumbai CSMT,Panvel,12:25,12:28,12,25,3,kurla_hr -> tilaknagar,98105,LOCAL,Afternoon
HR,kurla_hr,tilaknagar,1.0,DOWN,98107,PLVD17,12.0,Unknown,LOCAL,NOT_SUN,Vadala Road,Panvel,12:29,12:32,12,29,3,kurla_hr -> tilaknagar,98107,LOCAL,Afternoon
HR,kurla_hr,tilaknagar,1.0,DOWN,98109,PL91,12.0,Unknown,LOCAL,DAILY,Mumbai CSMT,Panvel,12:37,12:40,12,37,3,kurla_hr -> tilaknagar,98109,LOCAL,Afternoon
HR,kurla_hr,tilaknagar,1.0,DOWN,98111,PL93,12.0,Unknown,LOCAL,NOT_SUN,Mumbai CSMT,Panvel,12:46,12:49,12,46,3,kurla_hr -> tilaknagar,98111,LOCAL,Afternoon
HR,kurla_hr,tilaknagar,1.0,DOWN,98335,BR25,12.0,Unknown,LOCAL,DAILY,Mumbai CSMT,Belapur CBD,12:54,12:57,12,54,3,kurla_hr -> tilaknagar,98335,LOCAL,Afternoon
HR,kurla_hr,tilaknagar,1.0,DOWN,98113,PL95,12.0,Unknown,LOCAL,DAILY,Mumbai CSMT,Panvel,12:58,13:01,12,58,3,kurla_hr -> tilaknagar,98113,LOCAL,Afternoon
HR,kurla_hr,tilaknagar,1.0,DOWN,98115,PLVD19,12.0,Unknown,LOCAL,DAILY,Vadala Road,Panvel,13:02,13:05,13,2,3,kurla_hr -> tilaknagar,98115,LOCAL,Afternoon
HR,kurla_hr,tilaknagar,1.0,DOWN,98337,BR27,12.0,Unknown,LOCAL,DAILY,Mumbai CSMT,Belapur CBD,13:08,13:11,13,8,3,kurla_hr -> tilaknagar,98337,LOCAL,Afternoon
HR,kurla_hr,tilaknagar,1.0,DOWN,98908,GNPL8,12.0,Unknown,LOCAL,DAILY,Goregaon,Panvel,13:12,13:15,13,12,3,kurla_hr -> tilaknagar,98908,LOCAL,Afternoon
HR,kurla_hr,tilaknagar,1.0,DOWN,98117,PL97,12.0,Unknown,LOCAL,DAILY,Mumbai CSMT,Panvel,13:20,13:23,13,20,3,kurla_hr -> tilaknagar,98117,LOCAL,Afternoon
HR,kurla_hr,tilaknagar,1.0,DOWN,98527,V25,12.0,Unknown,LOCAL,NOT_SUN,Mumbai CSMT,Vashi,13:24,13:27,13,24,3,kurla_hr -> tilaknagar,98527,LOCAL,Afternoon
HR,kurla_hr,tilaknagar,1.0,DOWN,98119,PLVD21,12.0,Unknown,AC,DAILY,Vadala Road,Panvel,13:28,13:31,13,28,3,kurla_hr -> tilaknagar,98119,AC,Afternoon
HR,kurla_hr,tilaknagar,1.0,DOWN,98121,PL99,12.0,Unknown,LOCAL,DAILY,Mumbai CSMT,Panvel,13:32,13:35,13,32,3,kurla_hr -> tilaknagar,98121,LOCAL,Afternoon
HR,kurla_hr,tilaknagar,1.0,DOWN,98339,BR29,12.0,Unknown,AC,DAILY,Mumbai CSMT,Belapur CBD,13:36,13:39,13,36,3,kurla_hr -> tilaknagar,98339,AC,Afternoon
HR,kurla_hr,tilaknagar,1.0,DOWN,98123,PL101,12.0,Unknown,LOCAL,DAILY,Mumbai CSMT,Panvel,13:44,13:47,13,44,3,kurla_hr -> tilaknagar,98123,LOCAL,Afternoon
HR,kurla_hr,tilaknagar,1.0,DOWN,98125,PL103,12.0,Unknown,LOCAL,DAILY,Mumbai CSMT,Panvel,13:48,13:51,13,48,3,kurla_hr -> tilaknagar,98125,LOCAL,Afternoon
HR,kurla_hr,tilaknagar,1.0,DOWN,98127,PL105,12.0,Unknown,LOCAL,DAILY,Mumbai CSMT,Panvel,13:59,14:02,13,59,3,kurla_hr -> tilaknagar,98127,LOCAL,Afternoon
HR,kurla_hr,tilaknagar,1.0,DOWN,98531,VVD3,12.0,Unknown,LOCAL,DAILY,Vadala Road,Vashi,16:01,16:04,16,1,3,kurla_hr -> tilaknagar,98531,LOCAL,Evening Peak
HR,kurla_hr,tilaknagar,1.0,DOWN,98157,PL131,12.0,Unknown,AC,DAILY,Mumbai CSMT,Panvel,16:05,16:08,16,5,3,kurla_hr -> tilaknagar,98157,AC,Evening Peak
HR,kurla_hr,tilaknagar,1.0,DOWN,98159,PL133,12.0,Unknown,LOCAL,DAILY,Mumbai CSMT,Panvel,16:13,16:16,16,13,3,kurla_hr -> tilaknagar,98159,LOCAL,Evening Peak
HR,kurla_hr,tilaknagar,1.0,DOWN,98161,PLVD27,12.0,Unknown,LOCAL,DAILY,Vadala Road,Panvel,16:19,16:22,16,19,3,kurla_hr -> tilaknagar,98161,LOCAL,Evening Peak
HR,kurla_hr,tilaknagar,1.0,DOWN,98533,V29,12.0,Unknown,AC,DAILY,Mumbai CSMT,Vashi,16:23,16:26,16,23,3,kurla_hr -> tilaknagar,98533,AC,Evening Peak
HR,kurla_hr,tilaknagar,1.0,DOWN,98163,PL135,12.0,Unknown,LOCAL,DAILY,Mumbai CSMT,Panvel,16:29,16:32,16,29,3,kurla_hr -> tilaknagar,98163,LOCAL,Evening Peak
HR,kurla_hr,tilaknagar,1.0,DOWN,98165,PL137,12.0,Unknown,LOCAL,DAILY,Mumbai CSMT,Panvel,16:37,16:40,16,37,3,kurla_hr -> tilaknagar,98165,LOCAL,Evening Peak
HR,kurla_hr,tilaknagar,1.0,DOWN,98535,V31,12.0,Unknown,LOCAL,NOT_SUN,Mumbai CSMT,Vashi,16:41,16:44,16,41,3,kurla_hr -> tilaknagar,98535,LOCAL,Evening Peak
HR,kurla_hr,tilaknagar,1.0,DOWN,98167,PLVD29,12.0,Unknown,LOCAL,NOT_SUN,Vadala Road,Panvel,16:45,16:48,16,45,3,kurla_hr -> tilaknagar,98167,LOCAL,Evening Peak
HR,kurla_hr,tilaknagar,1.0,DOWN,98169,PL139,12.0,Unknown,LOCAL,DAILY,Mumbai CSMT,Panvel,16:52,16:55,16,52,3,kurla_hr -> tilaknagar,98169,LOCAL,Evening Peak
HR,kurla_hr,tilaknagar,1.0,DOWN,98347,BR35,12.0,Unknown,LOCAL,NOT_SUN,Mumbai CSMT,Belapur CBD,16:56,16:59,16,56,3,kurla_hr -> tilaknagar,98347,LOCAL,Evening Peak
HR,kurla_hr,tilaknagar,1.0,DOWN,98171,PL141,12.0,Unknown,LOCAL,DAILY,Mumbai CSMT,Panvel,17:04,17:07,17,4,3,kurla_hr -> tilaknagar,98171,LOCAL,Evening Peak
HR,kurla_hr,tilaknagar,1.0,DOWN,98349,BR37,12.0,Unknown,LOCAL,DAILY,Mumbai CSMT,Belapur CBD,17:08,17:11,17,8,3,kurla_hr -> tilaknagar,98349,LOCAL,Evening Peak
HR,kurla_hr,tilaknagar,1.0,DOWN,98173,PLVD31,12.0,Unknown,LOCAL,NOT_SUN,Vadala Road,Panvel,17:12,17:15,17,12,3,kurla_hr -> tilaknagar,98173,LOCAL,Evening Peak
HR,kurla_hr,tilaknagar,1.0,DOWN,98537,V33,12.0,Unknown,LOCAL,DAILY,Mumbai CSMT,Vashi,17:16,17:19,17,16,3,kurla_hr -> tilaknagar,98537,LOCAL,Evening Peak
HR,kurla_hr,tilaknagar,1.0,DOWN,98175,PL143,12.0,Unknown,LOCAL,DAILY,Mumbai CSMT,Panvel,17:20,17:23,17,20,3,kurla_hr -> tilaknagar,98175,LOCAL,Evening Peak
HR,kurla_hr,tilaknagar,1.0,DOWN,98177,PLVD33,12.0,Unknown,LOCAL,DAILY,Vadala Road,Panvel,17:25,17:27,17,25,2,kurla_hr -> tilaknagar,98177,LOCAL,Evening Peak
HR,kurla_hr,tilaknagar,1.0,DOWN,98351,BR39,12.0,Unknown,LOCAL,DAILY,Mumbai CSMT,Belapur CBD,17:29,17:32,17,29,3,kurla_hr -> tilaknagar,98351,LOCAL,Evening Peak
HR,kurla_hr,tilaknagar,1.0,DOWN,98539,V35,12.0,Unknown,LOCAL,NOT_SUN,Mumbai CSMT,Vashi,17:33,17:36,17,33,3,kurla_hr -> tilaknagar,98539,LOCAL,Evening Peak
HR,kurla_hr,tilaknagar,1.0,DOWN,98179,PL145,12.0,Unknown,LOCAL,DAILY,Mumbai CSMT,Panvel,17:37,17:40,17,37,3,kurla_hr -> tilaknagar,98179,LOCAL,Evening Peak
HR,kurla_hr,tilaknagar,1.0,DOWN,98181,PLVD35,12.0,Unknown,AC,DAILY,Vadala Road,Panvel,17:41,17:44,17,41,3,kurla_hr -> tilaknagar,98181,AC,Evening Peak
HR,kurla_hr,tilaknagar,1.0,DOWN,98353,BR41,12.0,Unknown,LOCAL,NOT_SUN,Mumbai CSMT,Belapur CBD,17:45,17:48,17,45,3,kurla_hr -> tilaknagar,98353,LOCAL,Evening Peak
HR,kurla_hr,tilaknagar,1.0,DOWN,98183,PL147,12.0,Unknown,LOCAL,DAILY,Mumbai CSMT,Panvel,17:49,17:52,17,49,3,kurla_hr -> tilaknagar,98183,LOCAL,Evening Peak
HR,kurla_hr,tilaknagar,1.0,DOWN,98541,V37,12.0,Unknown,LOCAL,NOT_SUN,Mumbai CSMT,Vashi,17:56,17:59,17,56,3,kurla_hr -> tilaknagar,98541,LOCAL,Evening Peak
HR,kurla_hr,tilaknagar,1.0,DOWN,98213,PL171,12.0,Unknown,LOCAL,DAILY,Mumbai CSMT,Panvel,20:03,20:06,20,3,3,kurla_hr -> tilaknagar,98213,LOCAL,Night
HR,kurla_hr,tilaknagar,1.0,DOWN,98363,BR49,12.0,Unknown,LOCAL,DAILY,Mumbai CSMT,Belapur CBD,20:06,20:09,20,6,3,kurla_hr -> tilaknagar,98363,LOCAL,Night
HR,kurla_hr,tilaknagar,1.0,DOWN,98215,PLVD43,12.0,Unknown,LOCAL,DAILY,Vadala Road,Panvel,20:10,20:13,20,10,3,kurla_hr -> tilaknagar,98215,LOCAL,Night
HR,kurla_hr,tilaknagar,1.0,DOWN,98553,V49,12.0,Unknown,LOCAL,NOT_SUN,Mumbai CSMT,Vashi,20:14,20:17,20,14,3,kurla_hr -> tilaknagar,98553,LOCAL,Night
HR,kurla_hr,tilaknagar,1.0,DOWN,98217,PL173,12.0,Unknown,LOCAL,DAILY,Mumbai CSMT,Panvel,20:18,20:21,20,18,3,kurla_hr -> tilaknagar,98217,LOCAL,Night
HR,kurla_hr,tilaknagar,1.0,DOWN,98365,BR51,12.0,Unknown,LOCAL,NOT_SUN,Mumbai CSMT,Belapur CBD,20:22,20:25,20,22,3,kurla_hr -> tilaknagar,98365,LOCAL,Night
HR,kurla_hr,tilaknagar,1.0,DOWN,98219,PLVD45,12.0,Unknown,LOCAL,NOT_SUN,Vadala Road,Panvel,20:26,20:28,20,26,2,kurla_hr -> tilaknagar,98219,LOCAL,Night
HR,kurla_hr,tilaknagar,1.0,DOWN,98221,PL175,12.0,Unknown,AC,DAILY,Mumbai CSMT,Panvel,20:30,20:32,20,30,2,kurla_hr -> tilaknagar,98221,AC,Night
HR,kurla_hr,tilaknagar,1.0,DOWN,98555,V51,12.0,Unknown,LOCAL,DAILY,Mumbai CSMT,Vashi,20:34,20:36,20,34,2,kurla_hr -> tilaknagar,98555,LOCAL,Night
HR,kurla_hr,tilaknagar,1.0,DOWN,98914,GNPL14,12.0,Unknown,LOCAL,DAILY,Goregaon,Panvel,20:38,20:41,20,38,3,kurla_hr -> tilaknagar,98914,LOCAL,Night
HR,kurla_hr,tilaknagar,1.0,DOWN,98223,PL177,12.0,Unknown,LOCAL,DAILY,Mumbai CSMT,Panvel,20:46,20:49,20,46,3,kurla_hr -> tilaknagar,98223,LOCAL,Night
HR,kurla_hr,tilaknagar,1.0,DOWN,98367,BR53,12.0,Unknown,LOCAL,DAILY,Mumbai CSMT,Belapur CBD,20:58,21:01,20,58,3,kurla_hr -> tilaknagar,98367,LOCAL,Night
HR,kurla_hr,tilaknagar,1.0,DOWN,98225,PL179,12.0,Unknown,LOCAL,DAILY,Mumbai CSMT,Panvel,21:02,21:05,21,2,3,kurla_hr -> tilaknagar,98225,LOCAL,Night
HR,kurla_hr,tilaknagar,1.0,DOWN,98227,PLVD47,12.0,Unknown,LOCAL,NOT_SUN,Vadala Road,Panvel,21:06,21:08,21,6,2,kurla_hr -> tilaknagar,98227,LOCAL,Night
HR,kurla_hr,tilaknagar,1.0,DOWN,98557,V53,12.0,Unknown,LOCAL,NOT_SUN,Mumbai CSMT,Vashi,21:10,21:13,21,10,3,kurla_hr -> tilaknagar,98557,LOCAL,Night
HR,kurla_hr,tilaknagar,1.0,DOWN,98916,GNPL16,12.0,Unknown,LOCAL,DAILY,Goregaon,Panvel,21:14,21:17,21,14,3,kurla_hr -> tilaknagar,98916,LOCAL,Night
HR,kurla_hr,tilaknagar,1.0,DOWN,98229,PL181,12.0,Unknown,LOCAL,DAILY,Mumbai CSMT,Panvel,21:18,21:21,21,18,3,kurla_hr -> tilaknagar,98229,LOCAL,Night
HR,kurla_hr,tilaknagar,1.0,DOWN,98231,PLVD49,12.0,Unknown,LOCAL,DAILY,Vadala Road,Panvel,21:22,21:25,21,22,3,kurla_hr -> tilaknagar,98231,LOCAL,Night
HR,kurla_hr,tilaknagar,1.0,DOWN,98233,PL183,12.0,Unknown,LOCAL,DAILY,Mumbai CSMT,Panvel,21:31,21:34,21,31,3,kurla_hr -> tilaknagar,98233,LOCAL,Night
HR,kurla_hr,tilaknagar,1.0,DOWN,98559,V55,12.0,Unknown,LOCAL,NOT_SUN,Mumbai CSMT,Vashi,21:35,21:38,21,35,3,kurla_hr -> tilaknagar,98559,LOCAL,Night
HR,kurla_hr,tilaknagar,1.0,DOWN,98235,PL185,12.0,Unknown,LOCAL,DAILY,Mumbai CSMT,Panvel,21:43,21:46,21,43,3,kurla_hr -> tilaknagar,98235,LOCAL,Night
HR,kurla_hr,tilaknagar,1.0,DOWN,98369,BR55,12.0,Unknown,LOCAL,DAILY,Mumbai CSMT,Belapur CBD,21:47,21:50,21,47,3,kurla_hr -> tilaknagar,98369,LOCAL,Night
HR,kurla_hr,tilaknagar,1.0,DOWN,98237,PLVD51,12.0,Unknown,LOCAL,NOT_SUN,Vadala Road,Panvel,21:51,21:54,21,51,3,kurla_hr -> tilaknagar,98237,LOCAL,Night
HR,kurla_hr,tilaknagar,1.0,DOWN,98561,V57,12.0,Unknown,LOCAL,NOT_SUN,Mumbai CSMT,Vashi,21:55,21:58,21,55,3,kurla_hr -> tilaknagar,98561,LOCAL,Night
HR,kurla_hr,tilaknagar,1.0,DOWN,98239,PL187,12.0,Unknown,AC,DAILY,Mumbai CSMT,Panvel,21:59,22:02,21,59,3,kurla_hr -> tilaknagar,98239,AC,Night
HR,tilaknagar,chembur,0.9,DOWN,98257,PL205,12.0,Unknown,LOCAL,DAILY,Mumbai CSMT,Panvel,00:02,00:04,0,2,2,tilaknagar -> chembur,98257,LOCAL,Late Night
HR,tilaknagar,chembur,0.9,DOWN,98003,PL3,12.0,Unknown,LOCAL,DAILY,Mumbai CSMT,Panvel,00:14,00:16,0,14,2,tilaknagar -> chembur,98003,LOCAL,Late Night
HR,tilaknagar,chembur,0.9,DOWN,98259,PL207,12.0,Unknown,LOCAL,DAILY,Mumbai CSMT,Panvel,00:24,00:26,0,24,2,tilaknagar -> chembur,98259,LOCAL,Late Night
HR,tilaknagar,chembur,0.9,DOWN,98575,V71,12.0,Unknown,LOCAL,DAILY,Mumbai CSMT,Vashi,00:29,00:31,0,29,2,tilaknagar -> chembur,98575,LOCAL,Late Night
HR,tilaknagar,chembur,0.9,DOWN,98301,BR1,12.0,Unknown,LOCAL,DAILY,Mumbai CSMT,Belapur CBD,00:37,00:39,0,37,2,tilaknagar -> chembur,98301,LOCAL,Late Night
HR,tilaknagar,chembur,0.9,DOWN,98001,PL1,12.0,Unknown,LOCAL,DAILY,Mumbai CSMT,Panvel,00:45,00:47,0,45,2,tilaknagar -> chembur,98001,LOCAL,Late Night
HR,tilaknagar,chembur,0.9,DOWN,98573,V69,12.0,Unknown,AC,DAILY,Mumbai CSMT,Vashi,00:56,00:58,0,56,2,tilaknagar -> chembur,98573,AC,Late Night
HR,tilaknagar,chembur,0.9,DOWN,98303,BRVD1,12.0,Unknown,LOCAL,DAILY,Vadala Road,Belapur CBD,01:04,01:06,1,4,2,tilaknagar -> chembur,98303,LOCAL,Late Night
HR,tilaknagar,chembur,0.9,DOWN,98005,PL5,12.0,Unknown,LOCAL,DAILY,Mumbai CSMT,Panvel,01:12,01:14,1,12,2,tilaknagar -> chembur,98005,LOCAL,Late Night
HR,tilaknagar,chembur,0.9,DOWN,98007,PL7,12.0,Unknown,LOCAL,DAILY,Mumbai CSMT,Panvel,05:04,05:06,5,4,2,tilaknagar -> chembur,98007,LOCAL,Morning Peak
HR,tilaknagar,chembur,0.9,DOWN,98009,PLVD1,12.0,Unknown,AC,NOT_SUN,Vadala Road,Panvel,05:20,05:22,5,20,2,tilaknagar -> chembur,98009,AC,Morning Peak
HR,tilaknagar,chembur,0.9,DOWN,98011,PL9,12.0,Unknown,LOCAL,DAILY,Mumbai CSMT,Panvel,05:24,05:26,5,24,2,tilaknagar -> chembur,98011,LOCAL,Morning Peak
HR,tilaknagar,chembur,0.9,DOWN,98013,PL11,12.0,Unknown,LOCAL,DAILY,Mumbai CSMT,Panvel,05:38,05:40,5,38,2,tilaknagar -> chembur,98013,LOCAL,Morning Peak
HR,tilaknagar,chembur,0.9,DOWN,98015,PL13,12.0,Unknown,LOCAL,DAILY,Mumbai CSMT,Panvel,05:50,05:52,5,50,2,tilaknagar -> chembur,98015,LOCAL,Morning Peak
HR,tilaknagar,chembur,0.9,DOWN,98017,PL15,12.0,Unknown,LOCAL,DAILY,Mumbai CSMT,Panvel,05:54,05:56,5,54,2,tilaknagar -> chembur,98017,LOCAL,Morning Peak
HR,tilaknagar,chembur,0.9,DOWN,98309,BR7,12.0,Unknown,LOCAL,NOT_SUN,Mumbai CSMT,Belapur CBD,08:02,08:04,8,2,2,tilaknagar -> chembur,98309,LOCAL,Morning Peak
HR,tilaknagar,chembur,0.9,DOWN,98503,VVD1,12.0,Unknown,LOCAL,DAILY,Vadala Road,Vashi,08:08,08:10,8,8,2,tilaknagar -> chembur,98503,LOCAL,Morning Peak
HR,tilaknagar,chembur,0.9,DOWN,98051,PL43,12.0,Unknown,AC,DAILY,Mumbai CSMT,Panvel,08:12,08:14,8,12,2,tilaknagar -> chembur,98051,AC,Morning Peak
HR,tilaknagar,chembur,0.9,DOWN,98311,BR9,12.0,Unknown,LOCAL,DAILY,Mumbai CSMT,Belapur CBD,08:20,08:22,8,20,2,tilaknagar -> chembur,98311,LOCAL,Morning Peak
HR,tilaknagar,chembur,0.9,DOWN,98902,GNPL2,12.0,Unknown,LOCAL,DAILY,Goregaon,Panvel,08:24,08:26,8,24,2,tilaknagar -> chembur,98902,LOCAL,Morning Peak
HR,tilaknagar,chembur,0.9,DOWN,98053,PL45,12.0,Unknown,LOCAL,DAILY,Mumbai CSMT,Panvel,08:28,08:30,8,28,2,tilaknagar -> chembur,98053,LOCAL,Morning Peak
HR,tilaknagar,chembur,0.9,DOWN,98055,PL47,12.0,Unknown,LOCAL,NOT_SUN,Mumbai CSMT,Panvel,08:32,08:34,8,32,2,tilaknagar -> chembur,98055,LOCAL,Morning Peak
HR,tilaknagar,chembur,0.9,DOWN,98313,BRVD3,12.0,Unknown,LOCAL,NOT_SUN,Vadala Road,Belapur CBD,08:36,08:38,8,36,2,tilaknagar -> chembur,98313,LOCAL,Morning Peak
HR,tilaknagar,chembur,0.9,DOWN,98057,PL49,12.0,Unknown,LOCAL,DAILY,Mumbai CSMT,Panvel,08:40,08:42,8,40,2,tilaknagar -> chembur,98057,LOCAL,Morning Peak
HR,tilaknagar,chembur,0.9,DOWN,98505,V3,12.0,Unknown,LOCAL,DAILY,Mumbai CSMT,Vashi,08:44,08:46,8,44,2,tilaknagar -> chembur,98505,LOCAL,Morning Peak
HR,tilaknagar,chembur,0.9,DOWN,98059,PLVD9,12.0,Unknown,LOCAL,NOT_SUN,Vadala Road,Panvel,08:48,08:50,8,48,2,tilaknagar -> chembur,98059,LOCAL,Morning Peak
HR,tilaknagar,chembur,0.9,DOWN,98315,BR11,12.0,Unknown,LOCAL,DAILY,Mumbai CSMT,Belapur CBD,08:52,08:54,8,52,2,tilaknagar -> chembur,98315,LOCAL,Morning Peak
HR,tilaknagar,chembur,0.9,DOWN,98061,PL51,12.0,Unknown,LOCAL,DAILY,Mumbai CSMT,Panvel,08:56,08:58,8,56,2,tilaknagar -> chembur,98061,LOCAL,Morning Peak
HR,tilaknagar,chembur,0.9,DOWN,98063,PL53,12.0,Unknown,LOCAL,DAILY,Mumbai CSMT,Panvel,09:06,09:08,9,6,2,tilaknagar -> chembur,98063,LOCAL,Late Morning
HR,tilaknagar,chembur,0.9,DOWN,98605,CM1,12.0,Unknown,LOCAL,DAILY,Mumbai CSMT,Chembur,09:09,09:11,9,9,2,tilaknagar -> chembur,98605,LOCAL,Late Morning
HR,tilaknagar,chembur,0.9,DOWN,98507,V5,12.0,Unknown,LOCAL,DAILY,Mumbai CSMT,Vashi,09:18,09:20,9,18,2,tilaknagar -> chembur,98507,LOCAL,Late Morning
HR,tilaknagar,chembur,0.9,DOWN,98065,PLVD11,12.0,Unknown,LOCAL,DAILY,Vadala Road,Panvel,09:22,09:24,9,22,2,tilaknagar -> chembur,98065,LOCAL,Late Morning
HR,tilaknagar,chembur,0.9,DOWN,98067,PL55,12.0,Unknown,LOCAL,DAILY,Mumbai CSMT,Panvel,09:26,09:28,9,26,2,tilaknagar -> chembur,98067,LOCAL,Late Morning
HR,tilaknagar,chembur,0.9,DOWN,98317,BR13,12.0,Unknown,LOCAL,DAILY,Mumbai CSMT,Belapur CBD,09:30,09:32,9,30,2,tilaknagar -> chembur,98317,LOCAL,Late Morning
HR,tilaknagar,chembur,0.9,DOWN,98904,GNPL4,12.0,Unknown,LOCAL,DAILY,Goregaon,Panvel,09:34,09:36,9,34,2,tilaknagar -> chembur,98904,LOCAL,Late Morning
HR,tilaknagar,chembur,0.9,DOWN,98069,PL57,12.0,Unknown,LOCAL,DAILY,Mumbai CSMT,Panvel,09:38,09:40,9,38,2,tilaknagar -> chembur,98069,LOCAL,Late Morning
HR,tilaknagar,chembur,0.9,DOWN,98509,V7,12.0,Unknown,LOCAL,DAILY,Mumbai CSMT,Vashi,09:42,09:44,9,42,2,tilaknagar -> chembur,98509,LOCAL,Late Morning
HR,tilaknagar,chembur,0.9,DOWN,98071,PL59,12.0,Unknown,LOCAL,DAILY,Mumbai CSMT,Panvel,09:50,09:52,9,50,2,tilaknagar -> chembur,98071,LOCAL,Late Morning
HR,tilaknagar,chembur,0.9,DOWN,98511,V9,12.0,Unknown,LOCAL,NOT_SUN,Mumbai CSMT,Vashi,09:54,09:56,9,54,2,tilaknagar -> chembur,98511,LOCAL,Late Morning
HR,tilaknagar,chembur,0.9,DOWN,98319,BRVD5,12.0,Unknown,LOCAL,DAILY,Vadala Road,Belapur CBD,09:58,10:00,9,58,2,tilaknagar -> chembur,98319,LOCAL,Late Morning
HR,tilaknagar,chembur,0.9,DOWN,98333,BR23,12.0,Unknown,LOCAL,DAILY,Mumbai CSMT,Belapur CBD,12:04,12:06,12,4,2,tilaknagar -> chembur,98333,LOCAL,Afternoon
HR,tilaknagar,chembur,0.9,DOWN,98101,PL85,12.0,Unknown,LOCAL,DAILY,Mumbai CSMT,Panvel,12:12,12:14,12,12,2,tilaknagar -> chembur,98101,LOCAL,Afternoon
HR,tilaknagar,chembur,0.9,DOWN,98103,PL87,12.0,Unknown,LOCAL,DAILY,Mumbai CSMT,Panvel,12:24,12:26,12,24,2,tilaknagar -> chembur,98103,LOCAL,Afternoon
HR,tilaknagar,chembur,0.9,DOWN,98105,PL89,12.0,Unknown,LOCAL,NOT_SUN,Mumbai CSMT,Panvel,12:28,12:30,12,28,2,tilaknagar -> chembur,98105,LOCAL,Afternoon
HR,tilaknagar,chembur,0.9,DOWN,98107,PLVD17,12.0,Unknown,LOCAL,NOT_SUN,Vadala Road,Panvel,12:32,12:34,12,32,2,tilaknagar -> chembur,98107,LOCAL,Afternoon
HR,tilaknagar,chembur,0.9,DOWN,98109,PL91,12.0,Unknown,LOCAL,DAILY,Mumbai CSMT,Panvel,12:40,12:42,12,40,2,tilaknagar -> chembur,98109,LOCAL,Afternoon
HR,tilaknagar,chembur,0.9,DOWN,98111,PL93,12.0,Unknown,LOCAL,NOT_SUN,Mumbai CSMT,Panvel,12:49,12:51,12,49,2,tilaknagar -> chembur,98111,LOCAL,Afternoon
HR,tilaknagar,chembur,0.9,DOWN,98335,BR25,12.0,Unknown,LOCAL,DAILY,Mumbai CSMT,Belapur CBD,12:57,12:59,12,57,2,tilaknagar -> chembur,98335,LOCAL,Afternoon
HR,tilaknagar,chembur,0.9,DOWN,98113,PL95,12.0,Unknown,LOCAL,DAILY,Mumbai CSMT,Panvel,13:01,13:03,13,1,2,tilaknagar -> chembur,98113,LOCAL,Afternoon
HR,tilaknagar,chembur,0.9,DOWN,98115,PLVD19,12.0,Unknown,LOCAL,DAILY,Vadala Road,Panvel,13:05,13:07,13,5,2,tilaknagar -> chembur,98115,LOCAL,Afternoon
HR,tilaknagar,chembur,0.9,DOWN,98337,BR27,12.0,Unknown,LOCAL,DAILY,Mumbai CSMT,Belapur CBD,13:11,13:13,13,11,2,tilaknagar -> chembur,98337,LOCAL,Afternoon
HR,tilaknagar,chembur,0.9,DOWN,98908,GNPL8,12.0,Unknown,LOCAL,DAILY,Goregaon,Panvel,13:15,13:17,13,15,2,tilaknagar -> chembur,98908,LOCAL,Afternoon
HR,tilaknagar,chembur,0.9,DOWN,98117,PL97,12.0,Unknown,LOCAL,DAILY,Mumbai CSMT,Panvel,13:23,13:25,13,23,2,tilaknagar -> chembur,98117,LOCAL,Afternoon
HR,tilaknagar,chembur,0.9,DOWN,98527,V25,12.0,Unknown,LOCAL,NOT_SUN,Mumbai CSMT,Vashi,13:27,13:29,13,27,2,tilaknagar -> chembur,98527,LOCAL,Afternoon
HR,tilaknagar,chembur,0.9,DOWN,98119,PLVD21,12.0,Unknown,AC,DAILY,Vadala Road,Panvel,13:31,13:33,13,31,2,tilaknagar -> chembur,98119,AC,Afternoon
HR,tilaknagar,chembur,0.9,DOWN,98121,PL99,12.0,Unknown,LOCAL,DAILY,Mumbai CSMT,Panvel,13:35,13:37,13,35,2,tilaknagar -> chembur,98121,LOCAL,Afternoon
HR,tilaknagar,chembur,0.9,DOWN,98339,BR29,12.0,Unknown,AC,DAILY,Mumbai CSMT,Belapur CBD,13:39,13:41,13,39,2,tilaknagar -> chembur,98339,AC,Afternoon
HR,tilaknagar,chembur,0.9,DOWN,98123,PL101,12.0,Unknown,LOCAL,DAILY,Mumbai CSMT,Panvel,13:47,13:49,13,47,2,tilaknagar -> chembur,98123,LOCAL,Afternoon
HR,tilaknagar,chembur,0.9,DOWN,98125,PL103,12.0,Unknown,LOCAL,DAILY,Mumbai CSMT,Panvel,13:51,13:53,13,51,2,tilaknagar -> chembur,98125,LOCAL,Afternoon
HR,tilaknagar,chembur,0.9,DOWN,98155,PL129,12.0,Unknown,LOCAL,DAILY,Mumbai CSMT,Panvel,16:00,16:02,16,0,2,tilaknagar -> chembur,98155,LOCAL,Evening Peak
HR,tilaknagar,chembur,0.9,DOWN,98531,VVD3,12.0,Unknown,LOCAL,DAILY,Vadala Road,Vashi,16:04,16:06,16,4,2,tilaknagar -> chembur,98531,LOCAL,Evening Peak
HR,tilaknagar,chembur,0.9,DOWN,98157,PL131,12.0,Unknown,AC,DAILY,Mumbai CSMT,Panvel,16:08,16:10,16,8,2,tilaknagar -> chembur,98157,AC,Evening Peak
HR,tilaknagar,chembur,0.9,DOWN,98159,PL133,12.0,Unknown,LOCAL,DAILY,Mumbai CSMT,Panvel,16:16,16:18,16,16,2,tilaknagar -> chembur,98159,LOCAL,Evening Peak
HR,tilaknagar,chembur,0.9,DOWN,98161,PLVD27,12.0,Unknown,LOCAL,DAILY,Vadala Road,Panvel,16:22,16:24,16,22,2,tilaknagar -> chembur,98161,LOCAL,Evening Peak
HR,tilaknagar,chembur,0.9,DOWN,98533,V29,12.0,Unknown,AC,DAILY,Mumbai CSMT,Vashi,16:26,16:28,16,26,2,tilaknagar -> chembur,98533,AC,Evening Peak
HR,tilaknagar,chembur,0.9,DOWN,98163,PL135,12.0,Unknown,LOCAL,DAILY,Mumbai CSMT,Panvel,16:32,16:34,16,32,2,tilaknagar -> chembur,98163,LOCAL,Evening Peak
HR,tilaknagar,chembur,0.9,DOWN,98165,PL137,12.0,Unknown,LOCAL,DAILY,Mumbai CSMT,Panvel,16:40,16:42,16,40,2,tilaknagar -> chembur,98165,LOCAL,Evening Peak
HR,tilaknagar,chembur,0.9,DOWN,98535,V31,12.0,Unknown,LOCAL,NOT_SUN,Mumbai CSMT,Vashi,16:44,16:46,16,44,2,tilaknagar -> chembur,98535,LOCAL,Evening Peak
HR,tilaknagar,chembur,0.9,DOWN,98167,PLVD29,12.0,Unknown,LOCAL,NOT_SUN,Vadala Road,Panvel,16:48,16:50,16,48,2,tilaknagar -> chembur,98167,LOCAL,Evening Peak
HR,tilaknagar,chembur,0.9,DOWN,98169,PL139,12.0,Unknown,LOCAL,DAILY,Mumbai CSMT,Panvel,16:55,16:57,16,55,2,tilaknagar -> chembur,98169,LOCAL,Evening Peak
HR,tilaknagar,chembur,0.9,DOWN,98347,BR35,12.0,Unknown,LOCAL,NOT_SUN,Mumbai CSMT,Belapur CBD,16:59,17:01,16,59,2,tilaknagar -> chembur,98347,LOCAL,Evening Peak
HR,tilaknagar,chembur,0.9,DOWN,98171,PL141,12.0,Unknown,LOCAL,DAILY,Mumbai CSMT,Panvel,17:07,17:09,17,7,2,tilaknagar -> chembur,98171,LOCAL,Evening Peak
HR,tilaknagar,chembur,0.9,DOWN,98349,BR37,12.0,Unknown,LOCAL,DAILY,Mumbai CSMT,Belapur CBD,17:11,17:13,17,11,2,tilaknagar -> chembur,98349,LOCAL,Evening Peak
HR,tilaknagar,chembur,0.9,DOWN,98173,PLVD31,12.0,Unknown,LOCAL,NOT_SUN,Vadala Road,Panvel,17:15,17:17,17,15,2,tilaknagar -> chembur,98173,LOCAL,Evening Peak
HR,tilaknagar,chembur,0.9,DOWN,98537,V33,12.0,Unknown,LOCAL,DAILY,Mumbai CSMT,Vashi,17:19,17:21,17,19,2,tilaknagar -> chembur,98537,LOCAL,Evening Peak
HR,tilaknagar,chembur,0.9,DOWN,98175,PL143,12.0,Unknown,LOCAL,DAILY,Mumbai CSMT,Panvel,17:23,17:25,17,23,2,tilaknagar -> chembur,98175,LOCAL,Evening Peak
HR,tilaknagar,chembur,0.9,DOWN,98177,PLVD33,12.0,Unknown,LOCAL,DAILY,Vadala Road,Panvel,17:27,17:30,17,27,3,tilaknagar -> chembur,98177,LOCAL,Evening Peak
HR,tilaknagar,chembur,0.9,DOWN,98351,BR39,12.0,Unknown,LOCAL,DAILY,Mumbai CSMT,Belapur CBD,17:32,17:34,17,32,2,tilaknagar -> chembur,98351,LOCAL,Evening Peak
HR,tilaknagar,chembur,0.9,DOWN,98539,V35,12.0,Unknown,LOCAL,NOT_SUN,Mumbai CSMT,Vashi,17:36,17:38,17,36,2,tilaknagar -> chembur,98539,LOCAL,Evening Peak
HR,tilaknagar,chembur,0.9,DOWN,98179,PL145,12.0,Unknown,LOCAL,DAILY,Mumbai CSMT,Panvel,17:40,17:42,17,40,2,tilaknagar -> chembur,98179,LOCAL,Evening Peak
HR,tilaknagar,chembur,0.9,DOWN,98181,PLVD35,12.0,Unknown,AC,DAILY,Vadala Road,Panvel,17:44,17:46,17,44,2,tilaknagar -> chembur,98181,AC,Evening Peak
HR,tilaknagar,chembur,0.9,DOWN,98353,BR41,12.0,Unknown,LOCAL,NOT_SUN,Mumbai CSMT,Belapur CBD,17:48,17:50,17,48,2,tilaknagar -> chembur,98353,LOCAL,Evening Peak
HR,tilaknagar,chembur,0.9,DOWN,98183,PL147,12.0,Unknown,LOCAL,DAILY,Mumbai CSMT,Panvel,17:52,17:54,17,52,2,tilaknagar -> chembur,98183,LOCAL,Evening Peak
HR,tilaknagar,chembur,0.9,DOWN,98541,V37,12.0,Unknown,LOCAL,NOT_SUN,Mumbai CSMT,Vashi,17:59,18:01,17,59,2,tilaknagar -> chembur,98541,LOCAL,Evening Peak
HR,tilaknagar,chembur,0.9,DOWN,98551,V47,12.0,Unknown,LOCAL,NOT_SUN,Mumbai CSMT,Vashi,20:02,20:04,20,2,2,tilaknagar -> chembur,98551,LOCAL,Night
HR,tilaknagar,chembur,0.9,DOWN,98213,PL171,12.0,Unknown,LOCAL,DAILY,Mumbai CSMT,Panvel,20:06,20:08,20,6,2,tilaknagar -> chembur,98213,LOCAL,Night
HR,tilaknagar,chembur,0.9,DOWN,98363,BR49,12.0,Unknown,LOCAL,DAILY,Mumbai CSMT,Belapur CBD,20:09,20:11,20,9,2,tilaknagar -> chembur,98363,LOCAL,Night
HR,tilaknagar,chembur,0.9,DOWN,98215,PLVD43,12.0,Unknown,LOCAL,DAILY,Vadala Road,Panvel,20:13,20:15,20,13,2,tilaknagar -> chembur,98215,LOCAL,Night
HR,tilaknagar,chembur,0.9,DOWN,98553,V49,12.0,Unknown,LOCAL,NOT_SUN,Mumbai CSMT,Vashi,20:17,20:19,20,17,2,tilaknagar -> chembur,98553,LOCAL,Night
HR,tilaknagar,chembur,0.9,DOWN,98217,PL173,12.0,Unknown,LOCAL,DAILY,Mumbai CSMT,Panvel,20:21,20:23,20,21,2,tilaknagar -> chembur,98217,LOCAL,Night
HR,tilaknagar,chembur,0.9,DOWN,98365,BR51,12.0,Unknown,LOCAL,NOT_SUN,Mumbai CSMT,Belapur CBD,20:25,20:27,20,25,2,tilaknagar -> chembur,98365,LOCAL,Night
HR,tilaknagar,chembur,0.9,DOWN,98219,PLVD45,12.0,Unknown,LOCAL,NOT_SUN,Vadala Road,Panvel,20:28,20:31,20,28,3,tilaknagar -> chembur,98219,LOCAL,Night
HR,tilaknagar,chembur,0.9,DOWN,98221,PL175,12.0,Unknown,AC,DAILY,Mumbai CSMT,Panvel,20:32,20:35,20,32,3,tilaknagar -> chembur,98221,AC,Night
HR,tilaknagar,chembur,0.9,DOWN,98555,V51,12.0,Unknown,LOCAL,DAILY,Mumbai CSMT,Vashi,20:36,20:39,20,36,3,tilaknagar -> chembur,98555,LOCAL,Night
HR,tilaknagar,chembur,0.9,DOWN,98914,GNPL14,12.0,Unknown,LOCAL,DAILY,Goregaon,Panvel,20:41,20:43,20,41,2,tilaknagar -> chembur,98914,LOCAL,Night
HR,tilaknagar,chembur,0.9,DOWN,98223,PL177,12.0,Unknown,LOCAL,DAILY,Mumbai CSMT,Panvel,20:49,20:51,20,49,2,tilaknagar -> chembur,98223,LOCAL,Night
HR,tilaknagar,chembur,0.9,DOWN,98367,BR53,12.0,Unknown,LOCAL,DAILY,Mumbai CSMT,Belapur CBD,21:01,21:03,21,1,2,tilaknagar -> chembur,98367,LOCAL,Night
HR,tilaknagar,chembur,0.9,DOWN,98225,PL179,12.0,Unknown,LOCAL,DAILY,Mumbai CSMT,Panvel,21:05,21:07,21,5,2,tilaknagar -> chembur,98225,LOCAL,Night
HR,tilaknagar,chembur,0.9,DOWN,98227,PLVD47,12.0,Unknown,LOCAL,NOT_SUN,Vadala Road,Panvel,21:08,21:11,21,8,3,tilaknagar -> chembur,98227,LOCAL,Night
HR,tilaknagar,chembur,0.9,DOWN,98557,V53,12.0,Unknown,LOCAL,NOT_SUN,Mumbai CSMT,Vashi,21:13,21:15,21,13,2,tilaknagar -> chembur,98557,LOCAL,Night
HR,tilaknagar,chembur,0.9,DOWN,98916,GNPL16,12.0,Unknown,LOCAL,DAILY,Goregaon,Panvel,21:17,21:19,21,17,2,tilaknagar -> chembur,98916,LOCAL,Night
HR,tilaknagar,chembur,0.9,DOWN,98229,PL181,12.0,Unknown,LOCAL,DAILY,Mumbai CSMT,Panvel,21:21,21:23,21,21,2,tilaknagar -> chembur,98229,LOCAL,Night
HR,tilaknagar,chembur,0.9,DOWN,98231,PLVD49,12.0,Unknown,LOCAL,DAILY,Vadala Road,Panvel,21:25,21:27,21,25,2,tilaknagar -> chembur,98231,LOCAL,Night
HR,tilaknagar,chembur,0.9,DOWN,98233,PL183,12.0,Unknown,LOCAL,DAILY,Mumbai CSMT,Panvel,21:34,21:36,21,34,2,tilaknagar -> chembur,98233,LOCAL,Night
HR,tilaknagar,chembur,0.9,DOWN,98559,V55,12.0,Unknown,LOCAL,NOT_SUN,Mumbai CSMT,Vashi,21:38,21:40,21,38,2,tilaknagar -> chembur,98559,LOCAL,Night
HR,tilaknagar,chembur,0.9,DOWN,98235,PL185,12.0,Unknown,LOCAL,DAILY,Mumbai CSMT,Panvel,21:46,21:48,21,46,2,tilaknagar -> chembur,98235,LOCAL,Night
HR,tilaknagar,chembur,0.9,DOWN,98369,BR55,12.0,Unknown,LOCAL,DAILY,Mumbai CSMT,Belapur CBD,21:50,21:52,21,50,2,tilaknagar -> chembur,98369,LOCAL,Night
HR,tilaknagar,chembur,0.9,DOWN,98237,PLVD51,12.0,Unknown,LOCAL,NOT_SUN,Vadala Road,Panvel,21:54,21:56,21,54,2,tilaknagar -> chembur,98237,LOCAL,Night
HR,tilaknagar,chembur,0.9,DOWN,98561,V57,12.0,Unknown,LOCAL,NOT_SUN,Mumbai CSMT,Vashi,21:58,22:00,21,58,2,tilaknagar -> chembur,98561,LOCAL,Night
HR,chembur,govandi,1.7,DOWN,98257,PL205,12.0,Unknown,LOCAL,DAILY,Mumbai CSMT,Panvel,00:04,00:07,0,4,3,chembur -> govandi,98257,LOCAL,Late Night
HR,chembur,govandi,1.7,DOWN,98003,PL3,12.0,Unknown,LOCAL,DAILY,Mumbai CSMT,Panvel,00:16,00:19,0,16,3,chembur -> govandi,98003,LOCAL,Late Night
HR,chembur,govandi,1.7,DOWN,98259,PL207,12.0,Unknown,LOCAL,DAILY,Mumbai CSMT,Panvel,00:26,00:29,0,26,3,chembur -> govandi,98259,LOCAL,Late Night
HR,chembur,govandi,1.7,DOWN,98575,V71,12.0,Unknown,LOCAL,DAILY,Mumbai CSMT,Vashi,00:31,00:34,0,31,3,chembur -> govandi,98575,LOCAL,Late Night
HR,chembur,govandi,1.7,DOWN,98301,BR1,12.0,Unknown,LOCAL,DAILY,Mumbai CSMT,Belapur CBD,00:39,00:42,0,39,3,chembur -> govandi,98301,LOCAL,Late Night
HR,chembur,govandi,1.7,DOWN,98001,PL1,12.0,Unknown,LOCAL,DAILY,Mumbai CSMT,Panvel,00:47,00:50,0,47,3,chembur -> govandi,98001,LOCAL,Late Night
HR,chembur,govandi,1.7,DOWN,98573,V69,12.0,Unknown,AC,DAILY,Mumbai CSMT,Vashi,00:58,01:01,0,58,3,chembur -> govandi,98573,AC,Late Night
HR,chembur,govandi,1.7,DOWN,98303,BRVD1,12.0,Unknown,LOCAL,DAILY,Vadala Road,Belapur CBD,01:06,01:09,1,6,3,chembur -> govandi,98303,LOCAL,Late Night
HR,chembur,govandi,1.7,DOWN,98005,PL5,12.0,Unknown,LOCAL,DAILY,Mumbai CSMT,Panvel,01:14,01:17,1,14,3,chembur -> govandi,98005,LOCAL,Late Night
HR,chembur,govandi,1.7,DOWN,98007,PL7,12.0,Unknown,LOCAL,DAILY,Mumbai CSMT,Panvel,05:06,05:09,5,6,3,chembur -> govandi,98007,LOCAL,Morning Peak
HR,chembur,govandi,1.7,DOWN,98009,PLVD1,12.0,Unknown,AC,NOT_SUN,Vadala Road,Panvel,05:22,05:25,5,22,3,chembur -> govandi,98009,AC,Morning Peak
HR,chembur,govandi,1.7,DOWN,98011,PL9,12.0,Unknown,LOCAL,DAILY,Mumbai CSMT,Panvel,05:26,05:29,5,26,3,chembur -> govandi,98011,LOCAL,Morning Peak
HR,chembur,govandi,1.7,DOWN,98013,PL11,12.0,Unknown,LOCAL,DAILY,Mumbai CSMT,Panvel,05:40,05:43,5,40,3,chembur -> govandi,98013,LOCAL,Morning Peak
HR,chembur,govandi,1.7,DOWN,98015,PL13,12.0,Unknown,LOCAL,DAILY,Mumbai CSMT,Panvel,05:52,05:55,5,52,3,chembur -> govandi,98015,LOCAL,Morning Peak
HR,chembur,govandi,1.7,DOWN,98017,PL15,12.0,Unknown,LOCAL,DAILY,Mumbai CSMT,Panvel,05:56,05:59,5,56,3,chembur -> govandi,98017,LOCAL,Morning Peak
HR,chembur,govandi,1.7,DOWN,98049,PL41,12.0,Unknown,LOCAL,DAILY,Mumbai CSMT,Panvel,08:00,08:03,8,0,3,chembur -> govandi,98049,LOCAL,Morning Peak
HR,chembur,govandi,1.7,DOWN,98309,BR7,12.0,Unknown,LOCAL,NOT_SUN,Mumbai CSMT,Belapur CBD,08:04,08:07,8,4,3,chembur -> govandi,98309,LOCAL,Morning Peak
HR,chembur,govandi,1.7,DOWN,98503,VVD1,12.0,Unknown,LOCAL,DAILY,Vadala Road,Vashi,08:10,08:13,8,10,3,chembur -> govandi,98503,LOCAL,Morning Peak
HR,chembur,govandi,1.7,DOWN,98051,PL43,12.0,Unknown,AC,DAILY,Mumbai CSMT,Panvel,08:14,08:17,8,14,3,chembur -> govandi,98051,AC,Morning Peak
HR,chembur,govandi,1.7,DOWN,98311,BR9,12.0,Unknown,LOCAL,DAILY,Mumbai CSMT,Belapur CBD,08:22,08:25,8,22,3,chembur -> govandi,98311,LOCAL,Morning Peak
HR,chembur,govandi,1.7,DOWN,98902,GNPL2,12.0,Unknown,LOCAL,DAILY,Goregaon,Panvel,08:26,08:29,8,26,3,chembur -> govandi,98902,LOCAL,Morning Peak
HR,chembur,govandi,1.7,DOWN,98053,PL45,12.0,Unknown,LOCAL,DAILY,Mumbai CSMT,Panvel,08:30,08:33,8,30,3,chembur -> govandi,98053,LOCAL,Morning Peak
HR,chembur,govandi,1.7,DOWN,98055,PL47,12.0,Unknown,LOCAL,NOT_SUN,Mumbai CSMT,Panvel,08:34,08:37,8,34,3,chembur -> govandi,98055,LOCAL,Morning Peak
HR,chembur,govandi,1.7,DOWN,98313,BRVD3,12.0,Unknown,LOCAL,NOT_SUN,Vadala Road,Belapur CBD,08:38,08:41,8,38,3,chembur -> govandi,98313,LOCAL,Morning Peak
HR,chembur,govandi,1.7,DOWN,98057,PL49,12.0,Unknown,LOCAL,DAILY,Mumbai CSMT,Panvel,08:42,08:45,8,42,3,chembur -> govandi,98057,LOCAL,Morning Peak
HR,chembur,govandi,1.7,DOWN,98505,V3,12.0,Unknown,LOCAL,DAILY,Mumbai CSMT,Vashi,08:46,08:49,8,46,3,chembur -> govandi,98505,LOCAL,Morning Peak
HR,chembur,govandi,1.7,DOWN,98059,PLVD9,12.0,Unknown,LOCAL,NOT_SUN,Vadala Road,Panvel,08:50,08:53,8,50,3,chembur -> govandi,98059,LOCAL,Morning Peak
HR,chembur,govandi,1.7,DOWN,98315,BR11,12.0,Unknown,LOCAL,DAILY,Mumbai CSMT,Belapur CBD,08:54,08:57,8,54,3,chembur -> govandi,98315,LOCAL,Morning Peak
HR,chembur,govandi,1.7,DOWN,98061,PL51,12.0,Unknown,LOCAL,DAILY,Mumbai CSMT,Panvel,08:58,09:01,8,58,3,chembur -> govandi,98061,LOCAL,Morning Peak
HR,chembur,govandi,1.7,DOWN,98063,PL53,12.0,Unknown,LOCAL,DAILY,Mumbai CSMT,Panvel,09:08,09:11,9,8,3,chembur -> govandi,98063,LOCAL,Late Morning
HR,chembur,govandi,1.7,DOWN,98507,V5,12.0,Unknown,LOCAL,DAILY,Mumbai CSMT,Vashi,09:20,09:23,9,20,3,chembur -> govandi,98507,LOCAL,Late Morning
HR,chembur,govandi,1.7,DOWN,98065,PLVD11,12.0,Unknown,LOCAL,DAILY,Vadala Road,Panvel,09:24,09:27,9,24,3,chembur -> govandi,98065,LOCAL,Late Morning
HR,chembur,govandi,1.7,DOWN,98067,PL55,12.0,Unknown,LOCAL,DAILY,Mumbai CSMT,Panvel,09:28,09:31,9,28,3,chembur -> govandi,98067,LOCAL,Late Morning
HR,chembur,govandi,1.7,DOWN,98317,BR13,12.0,Unknown,LOCAL,DAILY,Mumbai CSMT,Belapur CBD,09:32,09:35,9,32,3,chembur -> govandi,98317,LOCAL,Late Morning
HR,chembur,govandi,1.7,DOWN,98904,GNPL4,12.0,Unknown,LOCAL,DAILY,Goregaon,Panvel,09:36,09:39,9,36,3,chembur -> govandi,98904,LOCAL,Late Morning
HR,chembur,govandi,1.7,DOWN,98069,PL57,12.0,Unknown,LOCAL,DAILY,Mumbai CSMT,Panvel,09:40,09:43,9,40,3,chembur -> govandi,98069,LOCAL,Late Morning
HR,chembur,govandi,1.7,DOWN,98509,V7,12.0,Unknown,LOCAL,DAILY,Mumbai CSMT,Vashi,09:44,09:47,9,44,3,chembur -> govandi,98509,LOCAL,Late Morning
HR,chembur,govandi,1.7,DOWN,98071,PL59,12.0,Unknown,LOCAL,DAILY,Mumbai CSMT,Panvel,09:52,09:55,9,52,3,chembur -> govandi,98071,LOCAL,Late Morning
HR,chembur,govandi,1.7,DOWN,98511,V9,12.0,Unknown,LOCAL,NOT_SUN,Mumbai CSMT,Vashi,09:56,09:59,9,56,3,chembur -> govandi,98511,LOCAL,Late Morning
HR,chembur,govandi,1.7,DOWN,98319,BRVD5,12.0,Unknown,LOCAL,DAILY,Vadala Road,Belapur CBD,10:00,10:03,10,0,3,chembur -> govandi,98319,LOCAL,Late Morning
HR,chembur,govandi,1.7,DOWN,98099,PL83,12.0,Unknown,LOCAL,DAILY,Mumbai CSMT,Panvel,12:02,12:05,12,2,3,chembur -> govandi,98099,LOCAL,Afternoon
HR,chembur,govandi,1.7,DOWN,98333,BR23,12.0,Unknown,LOCAL,DAILY,Mumbai CSMT,Belapur CBD,12:06,12:09,12,6,3,chembur -> govandi,98333,LOCAL,Afternoon
HR,chembur,govandi,1.7,DOWN,98101,PL85,12.0,Unknown,LOCAL,DAILY,Mumbai CSMT,Panvel,12:14,12:17,12,14,3,chembur -> govandi,98101,LOCAL,Afternoon
HR,chembur,govandi,1.7,DOWN,98103,PL87,12.0,Unknown,LOCAL,DAILY,Mumbai CSMT,Panvel,12:26,12:29,12,26,3,chembur -> govandi,98103,LOCAL,Afternoon
HR,chembur,govandi,1.7,DOWN,98105,PL89,12.0,Unknown,LOCAL,NOT_SUN,Mumbai CSMT,Panvel,12:30,12:33,12,30,3,chembur -> govandi,98105,LOCAL,Afternoon
HR,chembur,govandi,1.7,DOWN,98107,PLVD17,12.0,Unknown,LOCAL,NOT_SUN,Vadala Road,Panvel,12:34,12:37,12,34,3,chembur -> govandi,98107,LOCAL,Afternoon
HR,chembur,govandi,1.7,DOWN,98109,PL91,12.0,Unknown,LOCAL,DAILY,Mumbai CSMT,Panvel,12:42,12:45,12,42,3,chembur -> govandi,98109,LOCAL,Afternoon
HR,chembur,govandi,1.7,DOWN,98111,PL93,12.0,Unknown,LOCAL,NOT_SUN,Mumbai CSMT,Panvel,12:51,12:54,12,51,3,chembur -> govandi,98111,LOCAL,Afternoon
HR,chembur,govandi,1.7,DOWN,98335,BR25,12.0,Unknown,LOCAL,DAILY,Mumbai CSMT,Belapur CBD,12:59,13:02,12,59,3,chembur -> govandi,98335,LOCAL,Afternoon
HR,chembur,govandi,1.7,DOWN,98113,PL95,12.0,Unknown,LOCAL,DAILY,Mumbai CSMT,Panvel,13:03,13:06,13,3,3,chembur -> govandi,98113,LOCAL,Afternoon
HR,chembur,govandi,1.7,DOWN,98115,PLVD19,12.0,Unknown,LOCAL,DAILY,Vadala Road,Panvel,13:07,13:10,13,7,3,chembur -> govandi,98115,LOCAL,Afternoon
HR,chembur,govandi,1.7,DOWN,98337,BR27,12.0,Unknown,LOCAL,DAILY,Mumbai CSMT,Belapur CBD,13:13,13:16,13,13,3,chembur -> govandi,98337,LOCAL,Afternoon
HR,chembur,govandi,1.7,DOWN,98908,GNPL8,12.0,Unknown,LOCAL,DAILY,Goregaon,Panvel,13:17,13:20,13,17,3,chembur -> govandi,98908,LOCAL,Afternoon
HR,chembur,govandi,1.7,DOWN,98117,PL97,12.0,Unknown,LOCAL,DAILY,Mumbai CSMT,Panvel,13:25,13:28,13,25,3,chembur -> govandi,98117,LOCAL,Afternoon
HR,chembur,govandi,1.7,DOWN,98527,V25,12.0,Unknown,LOCAL,NOT_SUN,Mumbai CSMT,Vashi,13:29,13:32,13,29,3,chembur -> govandi,98527,LOCAL,Afternoon
HR,chembur,govandi,1.7,DOWN,98119,PLVD21,12.0,Unknown,AC,DAILY,Vadala Road,Panvel,13:33,13:36,13,33,3,chembur -> govandi,98119,AC,Afternoon
HR,chembur,govandi,1.7,DOWN,98121,PL99,12.0,Unknown,LOCAL,DAILY,Mumbai CSMT,Panvel,13:37,13:40,13,37,3,chembur -> govandi,98121,LOCAL,Afternoon
HR,chembur,govandi,1.7,DOWN,98339,BR29,12.0,Unknown,AC,DAILY,Mumbai CSMT,Belapur CBD,13:41,13:44,13,41,3,chembur -> govandi,98339,AC,Afternoon
HR,chembur,govandi,1.7,DOWN,98123,PL101,12.0,Unknown,LOCAL,DAILY,Mumbai CSMT,Panvel,13:49,13:52,13,49,3,chembur -> govandi,98123,LOCAL,Afternoon
HR,chembur,govandi,1.7,DOWN,98125,PL103,12.0,Unknown,LOCAL,DAILY,Mumbai CSMT,Panvel,13:53,13:56,13,53,3,chembur -> govandi,98125,LOCAL,Afternoon
HR,chembur,govandi,1.7,DOWN,98155,PL129,12.0,Unknown,LOCAL,DAILY,Mumbai CSMT,Panvel,16:02,16:05,16,2,3,chembur -> govandi,98155,LOCAL,Evening Peak
HR,chembur,govandi,1.7,DOWN,98531,VVD3,12.0,Unknown,LOCAL,DAILY,Vadala Road,Vashi,16:06,16:09,16,6,3,chembur -> govandi,98531,LOCAL,Evening Peak
HR,chembur,govandi,1.7,DOWN,98157,PL131,12.0,Unknown,AC,DAILY,Mumbai CSMT,Panvel,16:10,16:13,16,10,3,chembur -> govandi,98157,AC,Evening Peak
HR,chembur,govandi,1.7,DOWN,98159,PL133,12.0,Unknown,LOCAL,DAILY,Mumbai CSMT,Panvel,16:18,16:21,16,18,3,chembur -> govandi,98159,LOCAL,Evening Peak
HR,chembur,govandi,1.7,DOWN,98161,PLVD27,12.0,Unknown,LOCAL,DAILY,Vadala Road,Panvel,16:24,16:27,16,24,3,chembur -> govandi,98161,LOCAL,Evening Peak
HR,chembur,govandi,1.7,DOWN,98533,V29,12.0,Unknown,AC,DAILY,Mumbai CSMT,Vashi,16:28,16:31,16,28,3,chembur -> govandi,98533,AC,Evening Peak
HR,chembur,govandi,1.7,DOWN,98163,PL135,12.0,Unknown,LOCAL,DAILY,Mumbai CSMT,Panvel,16:34,16:37,16,34,3,chembur -> govandi,98163,LOCAL,Evening Peak
HR,chembur,govandi,1.7,DOWN,98165,PL137,12.0,Unknown,LOCAL,DAILY,Mumbai CSMT,Panvel,16:42,16:45,16,42,3,chembur -> govandi,98165,LOCAL,Evening Peak
HR,chembur,govandi,1.7,DOWN,98535,V31,12.0,Unknown,LOCAL,NOT_SUN,Mumbai CSMT,Vashi,16:46,16:49,16,46,3,chembur -> govandi,98535,LOCAL,Evening Peak
HR,chembur,govandi,1.7,DOWN,98167,PLVD29,12.0,Unknown,LOCAL,NOT_SUN,Vadala Road,Panvel,16:50,16:53,16,50,3,chembur -> govandi,98167,LOCAL,Evening Peak
HR,chembur,govandi,1.7,DOWN,98169,PL139,12.0,Unknown,LOCAL,DAILY,Mumbai CSMT,Panvel,16:57,17:00,16,57,3,chembur -> govandi,98169,LOCAL,Evening Peak
HR,chembur,govandi,1.7,DOWN,98347,BR35,12.0,Unknown,LOCAL,NOT_SUN,Mumbai CSMT,Belapur CBD,17:01,17:04,17,1,3,chembur -> govandi,98347,LOCAL,Evening Peak
HR,chembur,govandi,1.7,DOWN,98171,PL141,12.0,Unknown,LOCAL,DAILY,Mumbai CSMT,Panvel,17:09,17:12,17,9,3,chembur -> govandi,98171,LOCAL,Evening Peak
HR,chembur,govandi,1.7,DOWN,98349,BR37,12.0,Unknown,LOCAL,DAILY,Mumbai CSMT,Belapur CBD,17:13,17:16,17,13,3,chembur -> govandi,98349,LOCAL,Evening Peak
HR,chembur,govandi,1.7,DOWN,98173,PLVD31,12.0,Unknown,LOCAL,NOT_SUN,Vadala Road,Panvel,17:17,17:20,17,17,3,chembur -> govandi,98173,LOCAL,Evening Peak
HR,chembur,govandi,1.7,DOWN,98537,V33,12.0,Unknown,LOCAL,DAILY,Mumbai CSMT,Vashi,17:21,17:24,17,21,3,chembur -> govandi,98537,LOCAL,Evening Peak
HR,chembur,govandi,1.7,DOWN,98175,PL143,12.0,Unknown,LOCAL,DAILY,Mumbai CSMT,Panvel,17:25,17:28,17,25,3,chembur -> govandi,98175,LOCAL,Evening Peak
HR,chembur,govandi,1.7,DOWN,98177,PLVD33,12.0,Unknown,LOCAL,DAILY,Vadala Road,Panvel,17:30,17:33,17,30,3,chembur -> govandi,98177,LOCAL,Evening Peak
HR,chembur,govandi,1.7,DOWN,98351,BR39,12.0,Unknown,LOCAL,DAILY,Mumbai CSMT,Belapur CBD,17:34,17:37,17,34,3,chembur -> govandi,98351,LOCAL,Evening Peak
HR,chembur,govandi,1.7,DOWN,98539,V35,12.0,Unknown,LOCAL,NOT_SUN,Mumbai CSMT,Vashi,17:38,17:41,17,38,3,chembur -> govandi,98539,LOCAL,Evening Peak
HR,chembur,govandi,1.7,DOWN,98179,PL145,12.0,Unknown,LOCAL,DAILY,Mumbai CSMT,Panvel,17:42,17:45,17,42,3,chembur -> govandi,98179,LOCAL,Evening Peak
HR,chembur,govandi,1.7,DOWN,98181,PLVD35,12.0,Unknown,AC,DAILY,Vadala Road,Panvel,17:46,17:49,17,46,3,chembur -> govandi,98181,AC,Evening Peak
HR,chembur,govandi,1.7,DOWN,98353,BR41,12.0,Unknown,LOCAL,NOT_SUN,Mumbai CSMT,Belapur CBD,17:50,17:53,17,50,3,chembur -> govandi,98353,LOCAL,Evening Peak
HR,chembur,govandi,1.7,DOWN,98183,PL147,12.0,Unknown,LOCAL,DAILY,Mumbai CSMT,Panvel,17:54,17:57,17,54,3,chembur -> govandi,98183,LOCAL,Evening Peak
HR,chembur,govandi,1.7,DOWN,98912,GNPL12,12.0,Unknown,LOCAL,DAILY,Goregaon,Panvel,20:00,20:03,20,0,3,chembur -> govandi,98912,LOCAL,Night
HR,chembur,govandi,1.7,DOWN,98551,V47,12.0,Unknown,LOCAL,NOT_SUN,Mumbai CSMT,Vashi,20:04,20:07,20,4,3,chembur -> govandi,98551,LOCAL,Night
HR,chembur,govandi,1.7,DOWN,98213,PL171,12.0,Unknown,LOCAL,DAILY,Mumbai CSMT,Panvel,20:08,20:11,20,8,3,chembur -> govandi,98213,LOCAL,Night
HR,chembur,govandi,1.7,DOWN,98363,BR49,12.0,Unknown,LOCAL,DAILY,Mumbai CSMT,Belapur CBD,20:11,20:14,20,11,3,chembur -> govandi,98363,LOCAL,Night
HR,chembur,govandi,1.7,DOWN,98215,PLVD43,12.0,Unknown,LOCAL,DAILY,Vadala Road,Panvel,20:15,20:18,20,15,3,chembur -> govandi,98215,LOCAL,Night
HR,chembur,govandi,1.7,DOWN,98553,V49,12.0,Unknown,LOCAL,NOT_SUN,Mumbai CSMT,Vashi,20:19,20:22,20,19,3,chembur -> govandi,98553,LOCAL,Night
HR,chembur,govandi,1.7,DOWN,98217,PL173,12.0,Unknown,LOCAL,DAILY,Mumbai CSMT,Panvel,20:23,20:26,20,23,3,chembur -> govandi,98217,LOCAL,Night
HR,chembur,govandi,1.7,DOWN,98365,BR51,12.0,Unknown,LOCAL,NOT_SUN,Mumbai CSMT,Belapur CBD,20:27,20:30,20,27,3,chembur -> govandi,98365,LOCAL,Night
HR,chembur,govandi,1.7,DOWN,98219,PLVD45,12.0,Unknown,LOCAL,NOT_SUN,Vadala Road,Panvel,20:31,20:34,20,31,3,chembur -> govandi,98219,LOCAL,Night
HR,chembur,govandi,1.7,DOWN,98221,PL175,12.0,Unknown,AC,DAILY,Mumbai CSMT,Panvel,20:35,20:38,20,35,3,chembur -> govandi,98221,AC,Night
HR,chembur,govandi,1.7,DOWN,98555,V51,12.0,Unknown,LOCAL,DAILY,Mumbai CSMT,Vashi,20:39,20:42,20,39,3,chembur -> govandi,98555,LOCAL,Night
HR,chembur,govandi,1.7,DOWN,98914,GNPL14,12.0,Unknown,LOCAL,DAILY,Goregaon,Panvel,20:43,20:46,20,43,3,chembur -> govandi,98914,LOCAL,Night
HR,chembur,govandi,1.7,DOWN,98223,PL177,12.0,Unknown,LOCAL,DAILY,Mumbai CSMT,Panvel,20:51,20:54,20,51,3,chembur -> govandi,98223,LOCAL,Night
HR,chembur,govandi,1.7,DOWN,98367,BR53,12.0,Unknown,LOCAL,DAILY,Mumbai CSMT,Belapur CBD,21:03,21:06,21,3,3,chembur -> govandi,98367,LOCAL,Night
HR,chembur,govandi,1.7,DOWN,98225,PL179,12.0,Unknown,LOCAL,DAILY,Mumbai CSMT,Panvel,21:07,21:10,21,7,3,chembur -> govandi,98225,LOCAL,Night
HR,chembur,govandi,1.7,DOWN,98227,PLVD47,12.0,Unknown,LOCAL,NOT_SUN,Vadala Road,Panvel,21:11,21:14,21,11,3,chembur -> govandi,98227,LOCAL,Night
HR,chembur,govandi,1.7,DOWN,98557,V53,12.0,Unknown,LOCAL,NOT_SUN,Mumbai CSMT,Vashi,21:15,21:18,21,15,3,chembur -> govandi,98557,LOCAL,Night
HR,chembur,govandi,1.7,DOWN,98916,GNPL16,12.0,Unknown,LOCAL,DAILY,Goregaon,Panvel,21:19,21:22,21,19,3,chembur -> govandi,98916,LOCAL,Night
HR,chembur,govandi,1.7,DOWN,98229,PL181,12.0,Unknown,LOCAL,DAILY,Mumbai CSMT,Panvel,21:23,21:26,21,23,3,chembur -> govandi,98229,LOCAL,Night
HR,chembur,govandi,1.7,DOWN,98231,PLVD49,12.0,Unknown,LOCAL,DAILY,Vadala Road,Panvel,21:27,21:30,21,27,3,chembur -> govandi,98231,LOCAL,Night
HR,chembur,govandi,1.7,DOWN,98233,PL183,12.0,Unknown,LOCAL,DAILY,Mumbai CSMT,Panvel,21:36,21:39,21,36,3,chembur -> govandi,98233,LOCAL,Night
HR,chembur,govandi,1.7,DOWN,98559,V55,12.0,Unknown,LOCAL,NOT_SUN,Mumbai CSMT,Vashi,21:40,21:43,21,40,3,chembur -> govandi,98559,LOCAL,Night
HR,chembur,govandi,1.7,DOWN,98235,PL185,12.0,Unknown,LOCAL,DAILY,Mumbai CSMT,Panvel,21:48,21:51,21,48,3,chembur -> govandi,98235,LOCAL,Night
HR,chembur,govandi,1.7,DOWN,98369,BR55,12.0,Unknown,LOCAL,DAILY,Mumbai CSMT,Belapur CBD,21:52,21:55,21,52,3,chembur -> govandi,98369,LOCAL,Night
HR,chembur,govandi,1.7,DOWN,98237,PLVD51,12.0,Unknown,LOCAL,NOT_SUN,Vadala Road,Panvel,21:56,21:59,21,56,3,chembur -> govandi,98237,LOCAL,Night
HR,chembur,govandi,1.7,DOWN,98561,V57,12.0,Unknown,LOCAL,NOT_SUN,Mumbai CSMT,Vashi,22:00,22:03,22,0,3,chembur -> govandi,98561,LOCAL,Night
HR,govandi,mankhurd,2.4,DOWN,98257,PL205,12.0,Unknown,LOCAL,DAILY,Mumbai CSMT,Panvel,00:07,00:10,0,7,3,govandi -> mankhurd,98257,LOCAL,Late Night
HR,govandi,mankhurd,2.4,DOWN,98003,PL3,12.0,Unknown,LOCAL,DAILY,Mumbai CSMT,Panvel,00:19,00:22,0,19,3,govandi -> mankhurd,98003,LOCAL,Late Night
HR,govandi,mankhurd,2.4,DOWN,98259,PL207,12.0,Unknown,LOCAL,DAILY,Mumbai CSMT,Panvel,00:29,00:32,0,29,3,govandi -> mankhurd,98259,LOCAL,Late Night
HR,govandi,mankhurd,2.4,DOWN,98575,V71,12.0,Unknown,LOCAL,DAILY,Mumbai CSMT,Vashi,00:34,00:37,0,34,3,govandi -> mankhurd,98575,LOCAL,Late Night
HR,govandi,mankhurd,2.4,DOWN,98301,BR1,12.0,Unknown,LOCAL,DAILY,Mumbai CSMT,Belapur CBD,00:42,00:45,0,42,3,govandi -> mankhurd,98301,LOCAL,Late Night
HR,govandi,mankhurd,2.4,DOWN,98001,PL1,12.0,Unknown,LOCAL,DAILY,Mumbai CSMT,Panvel,00:50,00:53,0,50,3,govandi -> mankhurd,98001,LOCAL,Late Night
HR,govandi,mankhurd,2.4,DOWN,98573,V69,12.0,Unknown,AC,DAILY,Mumbai CSMT,Vashi,01:01,01:04,1,1,3,govandi -> mankhurd,98573,AC,Late Night
HR,govandi,mankhurd,2.4,DOWN,98303,BRVD1,12.0,Unknown,LOCAL,DAILY,Vadala Road,Belapur CBD,01:09,01:13,1,9,4,govandi -> mankhurd,98303,LOCAL,Late Night
HR,govandi,mankhurd,2.4,DOWN,98005,PL5,12.0,Unknown,LOCAL,DAILY,Mumbai CSMT,Panvel,01:17,01:20,1,17,3,govandi -> mankhurd,98005,LOCAL,Late Night
HR,govandi,mankhurd,2.4,DOWN,98007,PL7,12.0,Unknown,LOCAL,DAILY,Mumbai CSMT,Panvel,05:09,05:12,5,9,3,govandi -> mankhurd,98007,LOCAL,Morning Peak
HR,govandi,mankhurd,2.4,DOWN,98009,PLVD1,12.0,Unknown,AC,NOT_SUN,Vadala Road,Panvel,05:25,05:28,5,25,3,govandi -> mankhurd,98009,AC,Morning Peak
HR,govandi,mankhurd,2.4,DOWN,98011,PL9,12.0,Unknown,LOCAL,DAILY,Mumbai CSMT,Panvel,05:29,05:32,5,29,3,govandi -> mankhurd,98011,LOCAL,Morning Peak
HR,govandi,mankhurd,2.4,DOWN,98013,PL11,12.0,Unknown,LOCAL,DAILY,Mumbai CSMT,Panvel,05:43,05:46,5,43,3,govandi -> mankhurd,98013,LOCAL,Morning Peak
HR,govandi,mankhurd,2.4,DOWN,98015,PL13,12.0,Unknown,LOCAL,DAILY,Mumbai CSMT,Panvel,05:55,05:58,5,55,3,govandi -> mankhurd,98015,LOCAL,Morning Peak
HR,govandi,mankhurd,2.4,DOWN,98017,PL15,12.0,Unknown,LOCAL,DAILY,Mumbai CSMT,Panvel,05:59,06:02,5,59,3,govandi -> mankhurd,98017,LOCAL,Morning Peak
HR,govandi,mankhurd,2.4,DOWN,98049,PL41,12.0,Unknown,LOCAL,DAILY,Mumbai CSMT,Panvel,08:03,08:06,8,3,3,govandi -> mankhurd,98049,LOCAL,Morning Peak
HR,govandi,mankhurd,2.4,DOWN,98309,BR7,12.0,Unknown,LOCAL,NOT_SUN,Mumbai CSMT,Belapur CBD,08:07,08:10,8,7,3,govandi -> mankhurd,98309,LOCAL,Morning Peak
HR,govandi,mankhurd,2.4,DOWN,98503,VVD1,12.0,Unknown,LOCAL,DAILY,Vadala Road,Vashi,08:13,08:16,8,13,3,govandi -> mankhurd,98503,LOCAL,Morning Peak
HR,govandi,mankhurd,2.4,DOWN,98051,PL43,12.0,Unknown,AC,DAILY,Mumbai CSMT,Panvel,08:17,08:20,8,17,3,govandi -> mankhurd,98051,AC,Morning Peak
HR,govandi,mankhurd,2.4,DOWN,98311,BR9,12.0,Unknown,LOCAL,DAILY,Mumbai CSMT,Belapur CBD,08:25,08:28,8,25,3,govandi -> mankhurd,98311,LOCAL,Morning Peak
HR,govandi,mankhurd,2.4,DOWN,98902,GNPL2,12.0,Unknown,LOCAL,DAILY,Goregaon,Panvel,08:29,08:32,8,29,3,govandi -> mankhurd,98902,LOCAL,Morning Peak
HR,govandi,mankhurd,2.4,DOWN,98053,PL45,12.0,Unknown,LOCAL,DAILY,Mumbai CSMT,Panvel,08:33,08:36,8,33,3,govandi -> mankhurd,98053,LOCAL,Morning Peak
HR,govandi,mankhurd,2.4,DOWN,98055,PL47,12.0,Unknown,LOCAL,NOT_SUN,Mumbai CSMT,Panvel,08:37,08:40,8,37,3,govandi -> mankhurd,98055,LOCAL,Morning Peak
HR,govandi,mankhurd,2.4,DOWN,98313,BRVD3,12.0,Unknown,LOCAL,NOT_SUN,Vadala Road,Belapur CBD,08:41,08:45,8,41,4,govandi -> mankhurd,98313,LOCAL,Morning Peak
HR,govandi,mankhurd,2.4,DOWN,98057,PL49,12.0,Unknown,LOCAL,DAILY,Mumbai CSMT,Panvel,08:45,08:49,8,45,4,govandi -> mankhurd,98057,LOCAL,Morning Peak
HR,govandi,mankhurd,2.4,DOWN,98505,V3,12.0,Unknown,LOCAL,DAILY,Mumbai CSMT,Vashi,08:49,08:53,8,49,4,govandi -> mankhurd,98505,LOCAL,Morning Peak
HR,govandi,mankhurd,2.4,DOWN,98059,PLVD9,12.0,Unknown,LOCAL,NOT_SUN,Vadala Road,Panvel,08:53,08:56,8,53,3,govandi -> mankhurd,98059,LOCAL,Morning Peak
HR,govandi,mankhurd,2.4,DOWN,98315,BR11,12.0,Unknown,LOCAL,DAILY,Mumbai CSMT,Belapur CBD,08:57,09:00,8,57,3,govandi -> mankhurd,98315,LOCAL,Morning Peak
HR,govandi,mankhurd,2.4,DOWN,98061,PL51,12.0,Unknown,LOCAL,DAILY,Mumbai CSMT,Panvel,09:01,09:04,9,1,3,govandi -> mankhurd,98061,LOCAL,Late Morning
HR,govandi,mankhurd,2.4,DOWN,98063,PL53,12.0,Unknown,LOCAL,DAILY,Mumbai CSMT,Panvel,09:11,09:14,9,11,3,govandi -> mankhurd,98063,LOCAL,Late Morning
HR,govandi,mankhurd,2.4,DOWN,98507,V5,12.0,Unknown,LOCAL,DAILY,Mumbai CSMT,Vashi,09:23,09:26,9,23,3,govandi -> mankhurd,98507,LOCAL,Late Morning
HR,govandi,mankhurd,2.4,DOWN,98065,PLVD11,12.0,Unknown,LOCAL,DAILY,Vadala Road,Panvel,09:27,09:30,9,27,3,govandi -> mankhurd,98065,LOCAL,Late Morning
HR,govandi,mankhurd,2.4,DOWN,98067,PL55,12.0,Unknown,LOCAL,DAILY,Mumbai CSMT,Panvel,09:31,09:34,9,31,3,govandi -> mankhurd,98067,LOCAL,Late Morning
HR,govandi,mankhurd,2.4,DOWN,98317,BR13,12.0,Unknown,LOCAL,DAILY,Mumbai CSMT,Belapur CBD,09:35,09:38,9,35,3,govandi -> mankhurd,98317,LOCAL,Late Morning
HR,govandi,mankhurd,2.4,DOWN,98904,GNPL4,12.0,Unknown,LOCAL,DAILY,Goregaon,Panvel,09:39,09:42,9,39,3,govandi -> mankhurd,98904,LOCAL,Late Morning
HR,govandi,mankhurd,2.4,DOWN,98069,PL57,12.0,Unknown,LOCAL,DAILY,Mumbai CSMT,Panvel,09:43,09:46,9,43,3,govandi -> mankhurd,98069,LOCAL,Late Morning
HR,govandi,mankhurd,2.4,DOWN,98509,V7,12.0,Unknown,LOCAL,DAILY,Mumbai CSMT,Vashi,09:47,09:50,9,47,3,govandi -> mankhurd,98509,LOCAL,Late Morning
HR,govandi,mankhurd,2.4,DOWN,98071,PL59,12.0,Unknown,LOCAL,DAILY,Mumbai CSMT,Panvel,09:55,09:58,9,55,3,govandi -> mankhurd,98071,LOCAL,Late Morning
HR,govandi,mankhurd,2.4,DOWN,98511,V9,12.0,Unknown,LOCAL,NOT_SUN,Mumbai CSMT,Vashi,09:59,10:02,9,59,3,govandi -> mankhurd,98511,LOCAL,Late Morning
HR,govandi,mankhurd,2.4,DOWN,98099,PL83,12.0,Unknown,LOCAL,DAILY,Mumbai CSMT,Panvel,12:05,12:08,12,5,3,govandi -> mankhurd,98099,LOCAL,Afternoon
HR,govandi,mankhurd,2.4,DOWN,98333,BR23,12.0,Unknown,LOCAL,DAILY,Mumbai CSMT,Belapur CBD,12:09,12:12,12,9,3,govandi -> mankhurd,98333,LOCAL,Afternoon
HR,govandi,mankhurd,2.4,DOWN,98101,PL85,12.0,Unknown,LOCAL,DAILY,Mumbai CSMT,Panvel,12:17,12:20,12,17,3,govandi -> mankhurd,98101,LOCAL,Afternoon
HR,govandi,mankhurd,2.4,DOWN,98103,PL87,12.0,Unknown,LOCAL,DAILY,Mumbai CSMT,Panvel,12:29,12:32,12,29,3,govandi -> mankhurd,98103,LOCAL,Afternoon
HR,govandi,mankhurd,2.4,DOWN,98105,PL89,12.0,Unknown,LOCAL,NOT_SUN,Mumbai CSMT,Panvel,12:33,12:36,12,33,3,govandi -> mankhurd,98105,LOCAL,Afternoon
HR,govandi,mankhurd,2.4,DOWN,98107,PLVD17,12.0,Unknown,LOCAL,NOT_SUN,Vadala Road,Panvel,12:37,12:40,12,37,3,govandi -> mankhurd,98107,LOCAL,Afternoon
HR,govandi,mankhurd,2.4,DOWN,98109,PL91,12.0,Unknown,LOCAL,DAILY,Mumbai CSMT,Panvel,12:45,12:48,12,45,3,govandi -> mankhurd,98109,LOCAL,Afternoon
HR,govandi,mankhurd,2.4,DOWN,98111,PL93,12.0,Unknown,LOCAL,NOT_SUN,Mumbai CSMT,Panvel,12:54,12:57,12,54,3,govandi -> mankhurd,98111,LOCAL,Afternoon
HR,govandi,mankhurd,2.4,DOWN,98335,BR25,12.0,Unknown,LOCAL,DAILY,Mumbai CSMT,Belapur CBD,13:02,13:05,13,2,3,govandi -> mankhurd,98335,LOCAL,Afternoon
HR,govandi,mankhurd,2.4,DOWN,98113,PL95,12.0,Unknown,LOCAL,DAILY,Mumbai CSMT,Panvel,13:06,13:09,13,6,3,govandi -> mankhurd,98113,LOCAL,Afternoon
HR,govandi,mankhurd,2.4,DOWN,98115,PLVD19,12.0,Unknown,LOCAL,DAILY,Vadala Road,Panvel,13:10,13:13,13,10,3,govandi -> mankhurd,98115,LOCAL,Afternoon
HR,govandi,mankhurd,2.4,DOWN,98337,BR27,12.0,Unknown,LOCAL,DAILY,Mumbai CSMT,Belapur CBD,13:16,13:19,13,16,3,govandi -> mankhurd,98337,LOCAL,Afternoon
HR,govandi,mankhurd,2.4,DOWN,98908,GNPL8,12.0,Unknown,LOCAL,DAILY,Goregaon,Panvel,13:20,13:23,13,20,3,govandi -> mankhurd,98908,LOCAL,Afternoon
HR,govandi,mankhurd,2.4,DOWN,98117,PL97,12.0,Unknown,LOCAL,DAILY,Mumbai CSMT,Panvel,13:28,13:31,13,28,3,govandi -> mankhurd,98117,LOCAL,Afternoon
HR,govandi,mankhurd,2.4,DOWN,98527,V25,12.0,Unknown,LOCAL,NOT_SUN,Mumbai CSMT,Vashi,13:32,13:35,13,32,3,govandi -> mankhurd,98527,LOCAL,Afternoon
HR,govandi,mankhurd,2.4,DOWN,98119,PLVD21,12.0,Unknown,AC,DAILY,Vadala Road,Panvel,13:36,13:39,13,36,3,govandi -> mankhurd,98119,AC,Afternoon
HR,govandi,mankhurd,2.4,DOWN,98121,PL99,12.0,Unknown,LOCAL,DAILY,Mumbai CSMT,Panvel,13:40,13:43,13,40,3,govandi -> mankhurd,98121,LOCAL,Afternoon
HR,govandi,mankhurd,2.4,DOWN,98339,BR29,12.0,Unknown,AC,DAILY,Mumbai CSMT,Belapur CBD,13:44,13:47,13,44,3,govandi -> mankhurd,98339,AC,Afternoon
HR,govandi,mankhurd,2.4,DOWN,98123,PL101,12.0,Unknown,LOCAL,DAILY,Mumbai CSMT,Panvel,13:52,13:55,13,52,3,govandi -> mankhurd,98123,LOCAL,Afternoon
HR,govandi,mankhurd,2.4,DOWN,98125,PL103,12.0,Unknown,LOCAL,DAILY,Mumbai CSMT,Panvel,13:56,13:59,13,56,3,govandi -> mankhurd,98125,LOCAL,Afternoon
HR,govandi,mankhurd,2.4,DOWN,98153,PL127,12.0,Unknown,LOCAL,DAILY,Mumbai CSMT,Panvel,16:01,16:04,16,1,3,govandi -> mankhurd,98153,LOCAL,Evening Peak
HR,govandi,mankhurd,2.4,DOWN,98155,PL129,12.0,Unknown,LOCAL,DAILY,Mumbai CSMT,Panvel,16:05,16:08,16,5,3,govandi -> mankhurd,98155,LOCAL,Evening Peak
HR,govandi,mankhurd,2.4,DOWN,98531,VVD3,12.0,Unknown,LOCAL,DAILY,Vadala Road,Vashi,16:09,16:12,16,9,3,govandi -> mankhurd,98531,LOCAL,Evening Peak
HR,govandi,mankhurd,2.4,DOWN,98157,PL131,12.0,Unknown,AC,DAILY,Mumbai CSMT,Panvel,16:13,16:16,16,13,3,govandi -> mankhurd,98157,AC,Evening Peak
HR,govandi,mankhurd,2.4,DOWN,98159,PL133,12.0,Unknown,LOCAL,DAILY,Mumbai CSMT,Panvel,16:21,16:24,16,21,3,govandi -> mankhurd,98159,LOCAL,Evening Peak
HR,govandi,mankhurd,2.4,DOWN,98161,PLVD27,12.0,Unknown,LOCAL,DAILY,Vadala Road,Panvel,16:27,16:30,16,27,3,govandi -> mankhurd,98161,LOCAL,Evening Peak
HR,govandi,mankhurd,2.4,DOWN,98533,V29,12.0,Unknown,AC,DAILY,Mumbai CSMT,Vashi,16:31,16:34,16,31,3,govandi -> mankhurd,98533,AC,Evening Peak
HR,govandi,mankhurd,2.4,DOWN,98163,PL135,12.0,Unknown,LOCAL,DAILY,Mumbai CSMT,Panvel,16:37,16:40,16,37,3,govandi -> mankhurd,98163,LOCAL,Evening Peak
HR,govandi,mankhurd,2.4,DOWN,98165,PL137,12.0,Unknown,LOCAL,DAILY,Mumbai CSMT,Panvel,16:45,16:48,16,45,3,govandi -> mankhurd,98165,LOCAL,Evening Peak
HR,govandi,mankhurd,2.4,DOWN,98535,V31,12.0,Unknown,LOCAL,NOT_SUN,Mumbai CSMT,Vashi,16:49,16:52,16,49,3,govandi -> mankhurd,98535,LOCAL,Evening Peak
HR,govandi,mankhurd,2.4,DOWN,98167,PLVD29,12.0,Unknown,LOCAL,NOT_SUN,Vadala Road,Panvel,16:53,16:56,16,53,3,govandi -> mankhurd,98167,LOCAL,Evening Peak
HR,govandi,mankhurd,2.4,DOWN,98169,PL139,12.0,Unknown,LOCAL,DAILY,Mumbai CSMT,Panvel,17:00,17:03,17,0,3,govandi -> mankhurd,98169,LOCAL,Evening Peak
HR,govandi,mankhurd,2.4,DOWN,98347,BR35,12.0,Unknown,LOCAL,NOT_SUN,Mumbai CSMT,Belapur CBD,17:04,17:07,17,4,3,govandi -> mankhurd,98347,LOCAL,Evening Peak
HR,govandi,mankhurd,2.4,DOWN,98171,PL141,12.0,Unknown,LOCAL,DAILY,Mumbai CSMT,Panvel,17:12,17:15,17,12,3,govandi -> mankhurd,98171,LOCAL,Evening Peak
HR,govandi,mankhurd,2.4,DOWN,98349,BR37,12.0,Unknown,LOCAL,DAILY,Mumbai CSMT,Belapur CBD,17:16,17:19,17,16,3,govandi -> mankhurd,98349,LOCAL,Evening Peak
HR,govandi,mankhurd,2.4,DOWN,98173,PLVD31,12.0,Unknown,LOCAL,NOT_SUN,Vadala Road,Panvel,17:20,17:23,17,20,3,govandi -> mankhurd,98173,LOCAL,Evening Peak
HR,govandi,mankhurd,2.4,DOWN,98537,V33,12.0,Unknown,LOCAL,DAILY,Mumbai CSMT,Vashi,17:24,17:27,17,24,3,govandi -> mankhurd,98537,LOCAL,Evening Peak
HR,govandi,mankhurd,2.4,DOWN,98175,PL143,12.0,Unknown,LOCAL,DAILY,Mumbai CSMT,Panvel,17:28,17:31,17,28,3,govandi -> mankhurd,98175,LOCAL,Evening Peak
HR,govandi,mankhurd,2.4,DOWN,98177,PLVD33,12.0,Unknown,LOCAL,DAILY,Vadala Road,Panvel,17:33,17:36,17,33,3,govandi -> mankhurd,98177,LOCAL,Evening Peak
HR,govandi,mankhurd,2.4,DOWN,98351,BR39,12.0,Unknown,LOCAL,DAILY,Mumbai CSMT,Belapur CBD,17:37,17:40,17,37,3,govandi -> mankhurd,98351,LOCAL,Evening Peak
HR,govandi,mankhurd,2.4,DOWN,98539,V35,12.0,Unknown,LOCAL,NOT_SUN,Mumbai CSMT,Vashi,17:41,17:44,17,41,3,govandi -> mankhurd,98539,LOCAL,Evening Peak
HR,govandi,mankhurd,2.4,DOWN,98179,PL145,12.0,Unknown,LOCAL,DAILY,Mumbai CSMT,Panvel,17:45,17:48,17,45,3,govandi -> mankhurd,98179,LOCAL,Evening Peak
HR,govandi,mankhurd,2.4,DOWN,98181,PLVD35,12.0,Unknown,AC,DAILY,Vadala Road,Panvel,17:49,17:52,17,49,3,govandi -> mankhurd,98181,AC,Evening Peak
HR,govandi,mankhurd,2.4,DOWN,98353,BR41,12.0,Unknown,LOCAL,NOT_SUN,Mumbai CSMT,Belapur CBD,17:53,17:56,17,53,3,govandi -> mankhurd,98353,LOCAL,Evening Peak
HR,govandi,mankhurd,2.4,DOWN,98183,PL147,12.0,Unknown,LOCAL,DAILY,Mumbai CSMT,Panvel,17:57,18:00,17,57,3,govandi -> mankhurd,98183,LOCAL,Evening Peak
HR,govandi,mankhurd,2.4,DOWN,98912,GNPL12,12.0,Unknown,LOCAL,DAILY,Goregaon,Panvel,20:03,20:06,20,3,3,govandi -> mankhurd,98912,LOCAL,Night
HR,govandi,mankhurd,2.4,DOWN,98551,V47,12.0,Unknown,LOCAL,NOT_SUN,Mumbai CSMT,Vashi,20:07,20:10,20,7,3,govandi -> mankhurd,98551,LOCAL,Night
HR,govandi,mankhurd,2.4,DOWN,98213,PL171,12.0,Unknown,LOCAL,DAILY,Mumbai CSMT,Panvel,20:11,20:14,20,11,3,govandi -> mankhurd,98213,LOCAL,Night
HR,govandi,mankhurd,2.4,DOWN,98363,BR49,12.0,Unknown,LOCAL,DAILY,Mumbai CSMT,Belapur CBD,20:14,20:17,20,14,3,govandi -> mankhurd,98363,LOCAL,Night
HR,govandi,mankhurd,2.4,DOWN,98215,PLVD43,12.0,Unknown,LOCAL,DAILY,Vadala Road,Panvel,20:18,20:21,20,18,3,govandi -> mankhurd,98215,LOCAL,Night
HR,govandi,mankhurd,2.4,DOWN,98553,V49,12.0,Unknown,LOCAL,NOT_SUN,Mumbai CSMT,Vashi,20:22,20:25,20,22,3,govandi -> mankhurd,98553,LOCAL,Night
HR,govandi,mankhurd,2.4,DOWN,98217,PL173,12.0,Unknown,LOCAL,DAILY,Mumbai CSMT,Panvel,20:26,20:29,20,26,3,govandi -> mankhurd,98217,LOCAL,Night
HR,govandi,mankhurd,2.4,DOWN,98365,BR51,12.0,Unknown,LOCAL,NOT_SUN,Mumbai CSMT,Belapur CBD,20:30,20:33,20,30,3,govandi -> mankhurd,98365,LOCAL,Night
HR,govandi,mankhurd,2.4,DOWN,98219,PLVD45,12.0,Unknown,LOCAL,NOT_SUN,Vadala Road,Panvel,20:34,20:37,20,34,3,govandi -> mankhurd,98219,LOCAL,Night
HR,govandi,mankhurd,2.4,DOWN,98221,PL175,12.0,Unknown,AC,DAILY,Mumbai CSMT,Panvel,20:38,20:41,20,38,3,govandi -> mankhurd,98221,AC,Night
HR,govandi,mankhurd,2.4,DOWN,98555,V51,12.0,Unknown,LOCAL,DAILY,Mumbai CSMT,Vashi,20:42,20:45,20,42,3,govandi -> mankhurd,98555,LOCAL,Night
HR,govandi,mankhurd,2.4,DOWN,98914,GNPL14,12.0,Unknown,LOCAL,DAILY,Goregaon,Panvel,20:46,20:49,20,46,3,govandi -> mankhurd,98914,LOCAL,Night
HR,govandi,mankhurd,2.4,DOWN,98223,PL177,12.0,Unknown,LOCAL,DAILY,Mumbai CSMT,Panvel,20:54,20:57,20,54,3,govandi -> mankhurd,98223,LOCAL,Night
HR,govandi,mankhurd,2.4,DOWN,98367,BR53,12.0,Unknown,LOCAL,DAILY,Mumbai CSMT,Belapur CBD,21:06,21:09,21,6,3,govandi -> mankhurd,98367,LOCAL,Night
HR,govandi,mankhurd,2.4,DOWN,98225,PL179,12.0,Unknown,LOCAL,DAILY,Mumbai CSMT,Panvel,21:10,21:13,21,10,3,govandi -> mankhurd,98225,LOCAL,Night
HR,govandi,mankhurd,2.4,DOWN,98227,PLVD47,12.0,Unknown,LOCAL,NOT_SUN,Vadala Road,Panvel,21:14,21:17,21,14,3,govandi -> mankhurd,98227,LOCAL,Night
HR,govandi,mankhurd,2.4,DOWN,98557,V53,12.0,Unknown,LOCAL,NOT_SUN,Mumbai CSMT,Vashi,21:18,21:21,21,18,3,govandi -> mankhurd,98557,LOCAL,Night
HR,govandi,mankhurd,2.4,DOWN,98916,GNPL16,12.0,Unknown,LOCAL,DAILY,Goregaon,Panvel,21:22,21:25,21,22,3,govandi -> mankhurd,98916,LOCAL,Night
HR,govandi,mankhurd,2.4,DOWN,98229,PL181,12.0,Unknown,LOCAL,DAILY,Mumbai CSMT,Panvel,21:26,21:29,21,26,3,govandi -> mankhurd,98229,LOCAL,Night
HR,govandi,mankhurd,2.4,DOWN,98231,PLVD49,12.0,Unknown,LOCAL,DAILY,Vadala Road,Panvel,21:30,21:33,21,30,3,govandi -> mankhurd,98231,LOCAL,Night
HR,govandi,mankhurd,2.4,DOWN,98233,PL183,12.0,Unknown,LOCAL,DAILY,Mumbai CSMT,Panvel,21:39,21:42,21,39,3,govandi -> mankhurd,98233,LOCAL,Night
HR,govandi,mankhurd,2.4,DOWN,98559,V55,12.0,Unknown,LOCAL,NOT_SUN,Mumbai CSMT,Vashi,21:43,21:46,21,43,3,govandi -> mankhurd,98559,LOCAL,Night
HR,govandi,mankhurd,2.4,DOWN,98235,PL185,12.0,Unknown,LOCAL,DAILY,Mumbai CSMT,Panvel,21:51,21:54,21,51,3,govandi -> mankhurd,98235,LOCAL,Night
HR,govandi,mankhurd,2.4,DOWN,98369,BR55,12.0,Unknown,LOCAL,DAILY,Mumbai CSMT,Belapur CBD,21:55,21:58,21,55,3,govandi -> mankhurd,98369,LOCAL,Night
HR,govandi,mankhurd,2.4,DOWN,98237,PLVD51,12.0,Unknown,LOCAL,NOT_SUN,Vadala Road,Panvel,21:59,22:02,21,59,3,govandi -> mankhurd,98237,LOCAL,Night
HR,mankhurd,vashi,7.5,DOWN,98571,V67,12.0,Unknown,LOCAL,NOT_SUN,Mumbai CSMT,Vashi,00:00,00:09,0,0,9,mankhurd -> vashi,98571,LOCAL,Late Night
HR,mankhurd,vashi,7.5,DOWN,98257,PL205,12.0,Unknown,LOCAL,DAILY,Mumbai CSMT,Panvel,00:10,00:19,0,10,9,mankhurd -> vashi,98257,LOCAL,Late Night
HR,mankhurd,vashi,7.5,DOWN,98003,PL3,12.0,Unknown,LOCAL,DAILY,Mumbai CSMT,Panvel,00:22,00:31,0,22,9,mankhurd -> vashi,98003,LOCAL,Late Night
HR,mankhurd,vashi,7.5,DOWN,98259,PL207,12.0,Unknown,LOCAL,DAILY,Mumbai CSMT,Panvel,00:32,00:41,0,32,9,mankhurd -> vashi,98259,LOCAL,Late Night
HR,mankhurd,vashi,7.5,DOWN,98575,V71,12.0,Unknown,LOCAL,DAILY,Mumbai CSMT,Vashi,00:37,00:46,0,37,9,mankhurd -> vashi,98575,LOCAL,Late Night
HR,mankhurd,vashi,7.5,DOWN,98301,BR1,12.0,Unknown,LOCAL,DAILY,Mumbai CSMT,Belapur CBD,00:45,00:54,0,45,9,mankhurd -> vashi,98301,LOCAL,Late Night
HR,mankhurd,vashi,7.5,DOWN,98001,PL1,12.0,Unknown,LOCAL,DAILY,Mumbai CSMT,Panvel,00:53,01:02,0,53,9,mankhurd -> vashi,98001,LOCAL,Late Night
HR,mankhurd,vashi,7.5,DOWN,98573,V69,12.0,Unknown,AC,DAILY,Mumbai CSMT,Vashi,01:04,01:13,1,4,9,mankhurd -> vashi,98573,AC,Late Night
HR,mankhurd,vashi,7.5,DOWN,98303,BRVD1,12.0,Unknown,LOCAL,DAILY,Vadala Road,Belapur CBD,01:13,01:22,1,13,9,mankhurd -> vashi,98303,LOCAL,Late Night
HR,mankhurd,vashi,7.5,DOWN,98005,PL5,12.0,Unknown,LOCAL,DAILY,Mumbai CSMT,Panvel,01:20,01:29,1,20,9,mankhurd -> vashi,98005,LOCAL,Late Night
HR,mankhurd,vashi,7.5,DOWN,98007,PL7,12.0,Unknown,LOCAL,DAILY,Mumbai CSMT,Panvel,05:12,05:21,5,12,9,mankhurd -> vashi,98007,LOCAL,Morning Peak
HR,mankhurd,vashi,7.5,DOWN,98009,PLVD1,12.0,Unknown,AC,NOT_SUN,Vadala Road,Panvel,05:28,05:37,5,28,9,mankhurd -> vashi,98009,AC,Morning Peak
HR,mankhurd,vashi,7.5,DOWN,98011,PL9,12.0,Unknown,LOCAL,DAILY,Mumbai CSMT,Panvel,05:32,05:41,5,32,9,mankhurd -> vashi,98011,LOCAL,Morning Peak
HR,mankhurd,vashi,7.5,DOWN,98013,PL11,12.0,Unknown,LOCAL,DAILY,Mumbai CSMT,Panvel,05:46,05:55,5,46,9,mankhurd -> vashi,98013,LOCAL,Morning Peak
HR,mankhurd,vashi,7.5,DOWN,98015,PL13,12.0,Unknown,LOCAL,DAILY,Mumbai CSMT,Panvel,05:58,06:07,5,58,9,mankhurd -> vashi,98015,LOCAL,Morning Peak
HR,mankhurd,vashi,7.5,DOWN,98047,PLVD7,12.0,Unknown,LOCAL,NOT_SUN,Vadala Road,Panvel,08:01,08:10,8,1,9,mankhurd -> vashi,98047,LOCAL,Morning Peak
HR,mankhurd,vashi,7.5,DOWN,98049,PL41,12.0,Unknown,LOCAL,DAILY,Mumbai CSMT,Panvel,08:06,08:15,8,6,9,mankhurd -> vashi,98049,LOCAL,Morning Peak
HR,mankhurd,vashi,7.5,DOWN,98309,BR7,12.0,Unknown,LOCAL,NOT_SUN,Mumbai CSMT,Belapur CBD,08:10,08:19,8,10,9,mankhurd -> vashi,98309,LOCAL,Morning Peak
HR,mankhurd,vashi,7.5,DOWN,98503,VVD1,12.0,Unknown,LOCAL,DAILY,Vadala Road,Vashi,08:16,08:25,8,16,9,mankhurd -> vashi,98503,LOCAL,Morning Peak
HR,mankhurd,vashi,7.5,DOWN,98051,PL43,12.0,Unknown,AC,DAILY,Mumbai CSMT,Panvel,08:20,08:29,8,20,9,mankhurd -> vashi,98051,AC,Morning Peak
HR,mankhurd,vashi,7.5,DOWN,98311,BR9,12.0,Unknown,LOCAL,DAILY,Mumbai CSMT,Belapur CBD,08:28,08:37,8,28,9,mankhurd -> vashi,98311,LOCAL,Morning Peak
HR,mankhurd,vashi,7.5,DOWN,98902,GNPL2,12.0,Unknown,LOCAL,DAILY,Goregaon,Panvel,08:32,08:41,8,32,9,mankhurd -> vashi,98902,LOCAL,Morning Peak
HR,mankhurd,vashi,7.5,DOWN,98053,PL45,12.0,Unknown,LOCAL,DAILY,Mumbai CSMT,Panvel,08:36,08:45,8,36,9,mankhurd -> vashi,98053,LOCAL,Morning Peak
HR,mankhurd,vashi,7.5,DOWN,98055,PL47,12.0,Unknown,LOCAL,NOT_SUN,Mumbai CSMT,Panvel,08:40,08:49,8,40,9,mankhurd -> vashi,98055,LOCAL,Morning Peak
HR,mankhurd,vashi,7.5,DOWN,98313,BRVD3,12.0,Unknown,LOCAL,NOT_SUN,Vadala Road,Belapur CBD,08:45,08:54,8,45,9,mankhurd -> vashi,98313,LOCAL,Morning Peak
HR,mankhurd,vashi,7.5,DOWN,98057,PL49,12.0,Unknown,LOCAL,DAILY,Mumbai CSMT,Panvel,08:49,08:58,8,49,9,mankhurd -> vashi,98057,LOCAL,Morning Peak
HR,mankhurd,vashi,7.5,DOWN,98505,V3,12.0,Unknown,LOCAL,DAILY,Mumbai CSMT,Vashi,08:53,09:02,8,53,9,mankhurd -> vashi,98505,LOCAL,Morning Peak
HR,mankhurd,vashi,7.5,DOWN,98059,PLVD9,12.0,Unknown,LOCAL,NOT_SUN,Vadala Road,Panvel,08:56,09:05,8,56,9,mankhurd -> vashi,98059,LOCAL,Morning Peak
HR,mankhurd,vashi,7.5,DOWN,98315,BR11,12.0,Unknown,LOCAL,DAILY,Mumbai CSMT,Belapur CBD,09:00,09:09,9,0,9,mankhurd -> vashi,98315,LOCAL,Late Morning
HR,mankhurd,vashi,7.5,DOWN,98061,PL51,12.0,Unknown,LOCAL,DAILY,Mumbai CSMT,Panvel,09:04,09:13,9,4,9,mankhurd -> vashi,98061,LOCAL,Late Morning
HR,mankhurd,vashi,7.5,DOWN,98063,PL53,12.0,Unknown,LOCAL,DAILY,Mumbai CSMT,Panvel,09:14,09:23,9,14,9,mankhurd -> vashi,98063,LOCAL,Late Morning
HR,mankhurd,vashi,7.5,DOWN,98507,V5,12.0,Unknown,LOCAL,DAILY,Mumbai CSMT,Vashi,09:26,09:35,9,26,9,mankhurd -> vashi,98507,LOCAL,Late Morning
HR,mankhurd,vashi,7.5,DOWN,98065,PLVD11,12.0,Unknown,LOCAL,DAILY,Vadala Road,Panvel,09:30,09:39,9,30,9,mankhurd -> vashi,98065,LOCAL,Late Morning
HR,mankhurd,vashi,7.5,DOWN,98067,PL55,12.0,Unknown,LOCAL,DAILY,Mumbai CSMT,Panvel,09:34,09:43,9,34,9,mankhurd -> vashi,98067,LOCAL,Late Morning
HR,mankhurd,vashi,7.5,DOWN,98317,BR13,12.0,Unknown,LOCAL,DAILY,Mumbai CSMT,Belapur CBD,09:38,09:47,9,38,9,mankhurd -> vashi,98317,LOCAL,Late Morning
HR,mankhurd,vashi,7.5,DOWN,98904,GNPL4,12.0,Unknown,LOCAL,DAILY,Goregaon,Panvel,09:42,09:51,9,42,9,mankhurd -> vashi,98904,LOCAL,Late Morning
HR,mankhurd,vashi,7.5,DOWN,98069,PL57,12.0,Unknown,LOCAL,DAILY,Mumbai CSMT,Panvel,09:46,09:55,9,46,9,mankhurd -> vashi,98069,LOCAL,Late Morning
HR,mankhurd,vashi,7.5,DOWN,98509,V7,12.0,Unknown,LOCAL,DAILY,Mumbai CSMT,Vashi,09:50,09:59,9,50,9,mankhurd -> vashi,98509,LOCAL,Late Morning
HR,mankhurd,vashi,7.5,DOWN,98071,PL59,12.0,Unknown,LOCAL,DAILY,Mumbai CSMT,Panvel,09:58,10:07,9,58,9,mankhurd -> vashi,98071,LOCAL,Late Morning
HR,mankhurd,vashi,7.5,DOWN,98525,V23,12.0,Unknown,LOCAL,DAILY,Mumbai CSMT,Vashi,12:00,12:09,12,0,9,mankhurd -> vashi,98525,LOCAL,Afternoon
HR,mankhurd,vashi,7.5,DOWN,98099,PL83,12.0,Unknown,LOCAL,DAILY,Mumbai CSMT,Panvel,12:08,12:17,12,8,9,mankhurd -> vashi,98099,LOCAL,Afternoon
HR,mankhurd,vashi,7.5,DOWN,98333,BR23,12.0,Unknown,LOCAL,DAILY,Mumbai CSMT,Belapur CBD,12:12,12:21,12,12,9,mankhurd -> vashi,98333,LOCAL,Afternoon
HR,mankhurd,vashi,7.5,DOWN,98101,PL85,12.0,Unknown,LOCAL,DAILY,Mumbai CSMT,Panvel,12:20,12:29,12,20,9,mankhurd -> vashi,98101,LOCAL,Afternoon
HR,mankhurd,vashi,7.5,DOWN,98103,PL87,12.0,Unknown,LOCAL,DAILY,Mumbai CSMT,Panvel,12:32,12:41,12,32,9,mankhurd -> vashi,98103,LOCAL,Afternoon
HR,mankhurd,vashi,7.5,DOWN,98105,PL89,12.0,Unknown,LOCAL,NOT_SUN,Mumbai CSMT,Panvel,12:36,12:45,12,36,9,mankhurd -> vashi,98105,LOCAL,Afternoon
HR,mankhurd,vashi,7.5,DOWN,98107,PLVD17,12.0,Unknown,LOCAL,NOT_SUN,Vadala Road,Panvel,12:40,12:49,12,40,9,mankhurd -> vashi,98107,LOCAL,Afternoon
HR,mankhurd,vashi,7.5,DOWN,98109,PL91,12.0,Unknown,LOCAL,DAILY,Mumbai CSMT,Panvel,12:48,12:57,12,48,9,mankhurd -> vashi,98109,LOCAL,Afternoon
HR,mankhurd,vashi,7.5,DOWN,98111,PL93,12.0,Unknown,LOCAL,NOT_SUN,Mumbai CSMT,Panvel,12:57,13:06,12,57,9,mankhurd -> vashi,98111,LOCAL,Afternoon
HR,mankhurd,vashi,7.5,DOWN,98335,BR25,12.0,Unknown,LOCAL,DAILY,Mumbai CSMT,Belapur CBD,13:05,13:14,13,5,9,mankhurd -> vashi,98335,LOCAL,Afternoon
HR,mankhurd,vashi,7.5,DOWN,98113,PL95,12.0,Unknown,LOCAL,DAILY,Mumbai CSMT,Panvel,13:09,13:18,13,9,9,mankhurd -> vashi,98113,LOCAL,Afternoon
HR,mankhurd,vashi,7.5,DOWN,98115,PLVD19,12.0,Unknown,LOCAL,DAILY,Vadala Road,Panvel,13:13,13:22,13,13,9,mankhurd -> vashi,98115,LOCAL,Afternoon
HR,mankhurd,vashi,7.5,DOWN,98337,BR27,12.0,Unknown,LOCAL,DAILY,Mumbai CSMT,Belapur CBD,13:19,13:28,13,19,9,mankhurd -> vashi,98337,LOCAL,Afternoon
HR,mankhurd,vashi,7.5,DOWN,98908,GNPL8,12.0,Unknown,LOCAL,DAILY,Goregaon,Panvel,13:23,13:32,13,23,9,mankhurd -> vashi,98908,LOCAL,Afternoon
HR,mankhurd,vashi,7.5,DOWN,98117,PL97,12.0,Unknown,LOCAL,DAILY,Mumbai CSMT,Panvel,13:31,13:40,13,31,9,mankhurd -> vashi,98117,LOCAL,Afternoon
HR,mankhurd,vashi,7.5,DOWN,98527,V25,12.0,Unknown,LOCAL,NOT_SUN,Mumbai CSMT,Vashi,13:35,13:44,13,35,9,mankhurd -> vashi,98527,LOCAL,Afternoon
HR,mankhurd,vashi,7.5,DOWN,98119,PLVD21,12.0,Unknown,AC,DAILY,Vadala Road,Panvel,13:39,13:48,13,39,9,mankhurd -> vashi,98119,AC,Afternoon
HR,mankhurd,vashi,7.5,DOWN,98121,PL99,12.0,Unknown,LOCAL,DAILY,Mumbai CSMT,Panvel,13:43,13:52,13,43,9,mankhurd -> vashi,98121,LOCAL,Afternoon
HR,mankhurd,vashi,7.5,DOWN,98339,BR29,12.0,Unknown,AC,DAILY,Mumbai CSMT,Belapur CBD,13:47,13:56,13,47,9,mankhurd -> vashi,98339,AC,Afternoon
HR,mankhurd,vashi,7.5,DOWN,98123,PL101,12.0,Unknown,LOCAL,DAILY,Mumbai CSMT,Panvel,13:55,14:04,13,55,9,mankhurd -> vashi,98123,LOCAL,Afternoon
HR,mankhurd,vashi,7.5,DOWN,98125,PL103,12.0,Unknown,LOCAL,DAILY,Mumbai CSMT,Panvel,13:59,14:08,13,59,9,mankhurd -> vashi,98125,LOCAL,Afternoon
HR,mankhurd,vashi,7.5,DOWN,98153,PL127,12.0,Unknown,LOCAL,DAILY,Mumbai CSMT,Panvel,16:04,16:13,16,4,9,mankhurd -> vashi,98153,LOCAL,Evening Peak
HR,mankhurd,vashi,7.5,DOWN,98155,PL129,12.0,Unknown,LOCAL,DAILY,Mumbai CSMT,Panvel,16:08,16:17,16,8,9,mankhurd -> vashi,98155,LOCAL,Evening Peak
HR,mankhurd,vashi,7.5,DOWN,98531,VVD3,12.0,Unknown,LOCAL,DAILY,Vadala Road,Vashi,16:12,16:21,16,12,9,mankhurd -> vashi,98531,LOCAL,Evening Peak
HR,mankhurd,vashi,7.5,DOWN,98157,PL131,12.0,Unknown,AC,DAILY,Mumbai CSMT,Panvel,16:16,16:25,16,16,9,mankhurd -> vashi,98157,AC,Evening Peak
HR,mankhurd,vashi,7.5,DOWN,98159,PL133,12.0,Unknown,LOCAL,DAILY,Mumbai CSMT,Panvel,16:24,16:33,16,24,9,mankhurd -> vashi,98159,LOCAL,Evening Peak
HR,mankhurd,vashi,7.5,DOWN,98161,PLVD27,12.0,Unknown,LOCAL,DAILY,Vadala Road,Panvel,16:30,16:39,16,30,9,mankhurd -> vashi,98161,LOCAL,Evening Peak
HR,mankhurd,vashi,7.5,DOWN,98533,V29,12.0,Unknown,AC,DAILY,Mumbai CSMT,Vashi,16:34,16:43,16,34,9,mankhurd -> vashi,98533,AC,Evening Peak
HR,mankhurd,vashi,7.5,DOWN,98163,PL135,12.0,Unknown,LOCAL,DAILY,Mumbai CSMT,Panvel,16:40,16:49,16,40,9,mankhurd -> vashi,98163,LOCAL,Evening Peak
HR,mankhurd,vashi,7.5,DOWN,98165,PL137,12.0,Unknown,LOCAL,DAILY,Mumbai CSMT,Panvel,16:48,16:57,16,48,9,mankhurd -> vashi,98165,LOCAL,Evening Peak
HR,mankhurd,vashi,7.5,DOWN,98535,V31,12.0,Unknown,LOCAL,NOT_SUN,Mumbai CSMT,Vashi,16:52,17:01,16,52,9,mankhurd -> vashi,98535,LOCAL,Evening Peak
HR,mankhurd,vashi,7.5,DOWN,98167,PLVD29,12.0,Unknown,LOCAL,NOT_SUN,Vadala Road,Panvel,16:56,17:05,16,56,9,mankhurd -> vashi,98167,LOCAL,Evening Peak
HR,mankhurd,vashi,7.5,DOWN,98169,PL139,12.0,Unknown,LOCAL,DAILY,Mumbai CSMT,Panvel,17:03,17:12,17,3,9,mankhurd -> vashi,98169,LOCAL,Evening Peak
HR,mankhurd,vashi,7.5,DOWN,98347,BR35,12.0,Unknown,LOCAL,NOT_SUN,Mumbai CSMT,Belapur CBD,17:07,17:16,17,7,9,mankhurd -> vashi,98347,LOCAL,Evening Peak
HR,mankhurd,vashi,7.5,DOWN,98171,PL141,12.0,Unknown,LOCAL,DAILY,Mumbai CSMT,Panvel,17:15,17:24,17,15,9,mankhurd -> vashi,98171,LOCAL,Evening Peak
HR,mankhurd,vashi,7.5,DOWN,98349,BR37,12.0,Unknown,LOCAL,DAILY,Mumbai CSMT,Belapur CBD,17:19,17:28,17,19,9,mankhurd -> vashi,98349,LOCAL,Evening Peak
HR,mankhurd,vashi,7.5,DOWN,98173,PLVD31,12.0,Unknown,LOCAL,NOT_SUN,Vadala Road,Panvel,17:23,17:32,17,23,9,mankhurd -> vashi,98173,LOCAL,Evening Peak
HR,mankhurd,vashi,7.5,DOWN,98537,V33,12.0,Unknown,LOCAL,DAILY,Mumbai CSMT,Vashi,17:27,17:36,17,27,9,mankhurd -> vashi,98537,LOCAL,Evening Peak
HR,mankhurd,vashi,7.5,DOWN,98175,PL143,12.0,Unknown,LOCAL,DAILY,Mumbai CSMT,Panvel,17:31,17:40,17,31,9,mankhurd -> vashi,98175,LOCAL,Evening Peak
HR,mankhurd,vashi,7.5,DOWN,98177,PLVD33,12.0,Unknown,LOCAL,DAILY,Vadala Road,Panvel,17:36,17:45,17,36,9,mankhurd -> vashi,98177,LOCAL,Evening Peak
HR,mankhurd,vashi,7.5,DOWN,98351,BR39,12.0,Unknown,LOCAL,DAILY,Mumbai CSMT,Belapur CBD,17:40,17:49,17,40,9,mankhurd -> vashi,98351,LOCAL,Evening Peak
HR,mankhurd,vashi,7.5,DOWN,98539,V35,12.0,Unknown,LOCAL,NOT_SUN,Mumbai CSMT,Vashi,17:44,17:53,17,44,9,mankhurd -> vashi,98539,LOCAL,Evening Peak
HR,mankhurd,vashi,7.5,DOWN,98179,PL145,12.0,Unknown,LOCAL,DAILY,Mumbai CSMT,Panvel,17:48,17:57,17,48,9,mankhurd -> vashi,98179,LOCAL,Evening Peak
HR,mankhurd,vashi,7.5,DOWN,98181,PLVD35,12.0,Unknown,AC,DAILY,Vadala Road,Panvel,17:52,18:01,17,52,9,mankhurd -> vashi,98181,AC,Evening Peak
HR,mankhurd,vashi,7.5,DOWN,98353,BR41,12.0,Unknown,LOCAL,NOT_SUN,Mumbai CSMT,Belapur CBD,17:56,18:05,17,56,9,mankhurd -> vashi,98353,LOCAL,Evening Peak
HR,mankhurd,vashi,7.5,DOWN,98183,PL147,12.0,Unknown,LOCAL,DAILY,Mumbai CSMT,Panvel,18:00,18:09,18,0,9,mankhurd -> vashi,98183,LOCAL,Evening Peak
HR,mankhurd,vashi,7.5,DOWN,98912,GNPL12,12.0,Unknown,LOCAL,DAILY,Goregaon,Panvel,20:06,20:15,20,6,9,mankhurd -> vashi,98912,LOCAL,Night
HR,mankhurd,vashi,7.5,DOWN,98551,V47,12.0,Unknown,LOCAL,NOT_SUN,Mumbai CSMT,Vashi,20:10,20:19,20,10,9,mankhurd -> vashi,98551,LOCAL,Night
HR,mankhurd,vashi,7.5,DOWN,98213,PL171,12.0,Unknown,LOCAL,DAILY,Mumbai CSMT,Panvel,20:14,20:23,20,14,9,mankhurd -> vashi,98213,LOCAL,Night
HR,mankhurd,vashi,7.5,DOWN,98363,BR49,12.0,Unknown,LOCAL,DAILY,Mumbai CSMT,Belapur CBD,20:17,20:26,20,17,9,mankhurd -> vashi,98363,LOCAL,Night
HR,mankhurd,vashi,7.5,DOWN,98215,PLVD43,12.0,Unknown,LOCAL,DAILY,Vadala Road,Panvel,20:21,20:30,20,21,9,mankhurd -> vashi,98215,LOCAL,Night
HR,mankhurd,vashi,7.5,DOWN,98553,V49,12.0,Unknown,LOCAL,NOT_SUN,Mumbai CSMT,Vashi,20:25,20:34,20,25,9,mankhurd -> vashi,98553,LOCAL,Night
HR,mankhurd,vashi,7.5,DOWN,98217,PL173,12.0,Unknown,LOCAL,DAILY,Mumbai CSMT,Panvel,20:29,20:38,20,29,9,mankhurd -> vashi,98217,LOCAL,Night
HR,mankhurd,vashi,7.5,DOWN,98365,BR51,12.0,Unknown,LOCAL,NOT_SUN,Mumbai CSMT,Belapur CBD,20:33,20:42,20,33,9,mankhurd -> vashi,98365,LOCAL,Night
HR,mankhurd,vashi,7.5,DOWN,98219,PLVD45,12.0,Unknown,LOCAL,NOT_SUN,Vadala Road,Panvel,20:37,20:46,20,37,9,mankhurd -> vashi,98219,LOCAL,Night
HR,mankhurd,vashi,7.5,DOWN,98221,PL175,12.0,Unknown,AC,DAILY,Mumbai CSMT,Panvel,20:41,20:50,20,41,9,mankhurd -> vashi,98221,AC,Night
HR,mankhurd,vashi,7.5,DOWN,98555,V51,12.0,Unknown,LOCAL,DAILY,Mumbai CSMT,Vashi,20:45,20:54,20,45,9,mankhurd -> vashi,98555,LOCAL,Night
HR,mankhurd,vashi,7.5,DOWN,98914,GNPL14,12.0,Unknown,LOCAL,DAILY,Goregaon,Panvel,20:49,20:58,20,49,9,mankhurd -> vashi,98914,LOCAL,Night
HR,mankhurd,vashi,7.5,DOWN,98223,PL177,12.0,Unknown,LOCAL,DAILY,Mumbai CSMT,Panvel,20:57,21:06,20,57,9,mankhurd -> vashi,98223,LOCAL,Night
HR,mankhurd,vashi,7.5,DOWN,98367,BR53,12.0,Unknown,LOCAL,DAILY,Mumbai CSMT,Belapur CBD,21:09,21:18,21,9,9,mankhurd -> vashi,98367,LOCAL,Night
HR,mankhurd,vashi,7.5,DOWN,98225,PL179,12.0,Unknown,LOCAL,DAILY,Mumbai CSMT,Panvel,21:13,21:22,21,13,9,mankhurd -> vashi,98225,LOCAL,Night
HR,mankhurd,vashi,7.5,DOWN,98227,PLVD47,12.0,Unknown,LOCAL,NOT_SUN,Vadala Road,Panvel,21:17,21:26,21,17,9,mankhurd -> vashi,98227,LOCAL,Night
HR,mankhurd,vashi,7.5,DOWN,98557,V53,12.0,Unknown,LOCAL,NOT_SUN,Mumbai CSMT,Vashi,21:21,21:30,21,21,9,mankhurd -> vashi,98557,LOCAL,Night
HR,mankhurd,vashi,7.5,DOWN,98916,GNPL16,12.0,Unknown,LOCAL,DAILY,Goregaon,Panvel,21:25,21:34,21,25,9,mankhurd -> vashi,98916,LOCAL,Night
HR,mankhurd,vashi,7.5,DOWN,98229,PL181,12.0,Unknown,LOCAL,DAILY,Mumbai CSMT,Panvel,21:29,21:38,21,29,9,mankhurd -> vashi,98229,LOCAL,Night
HR,mankhurd,vashi,7.5,DOWN,98231,PLVD49,12.0,Unknown,LOCAL,DAILY,Vadala Road,Panvel,21:33,21:42,21,33,9,mankhurd -> vashi,98231,LOCAL,Night
HR,mankhurd,vashi,7.5,DOWN,98233,PL183,12.0,Unknown,LOCAL,DAILY,Mumbai CSMT,Panvel,21:42,21:51,21,42,9,mankhurd -> vashi,98233,LOCAL,Night
HR,mankhurd,vashi,7.5,DOWN,98559,V55,12.0,Unknown,LOCAL,NOT_SUN,Mumbai CSMT,Vashi,21:46,21:55,21,46,9,mankhurd -> vashi,98559,LOCAL,Night
HR,mankhurd,vashi,7.5,DOWN,98235,PL185,12.0,Unknown,LOCAL,DAILY,Mumbai CSMT,Panvel,21:54,22:03,21,54,9,mankhurd -> vashi,98235,LOCAL,Night
HR,mankhurd,vashi,7.5,DOWN,98369,BR55,12.0,Unknown,LOCAL,DAILY,Mumbai CSMT,Belapur CBD,21:58,22:07,21,58,9,mankhurd -> vashi,98369,LOCAL,Night
HR,vashi,sanpada,1.1,DOWN,98255,PL203,12.0,Unknown,LOCAL,DAILY,Mumbai CSMT,Panvel,00:03,00:05,0,3,2,vashi -> sanpada,98255,LOCAL,Late Night
HR,vashi,sanpada,1.1,DOWN,98257,PL205,12.0,Unknown,LOCAL,DAILY,Mumbai CSMT,Panvel,00:19,00:21,0,19,2,vashi -> sanpada,98257,LOCAL,Late Night
HR,vashi,sanpada,1.1,DOWN,98003,PL3,12.0,Unknown,LOCAL,DAILY,Mumbai CSMT,Panvel,00:31,00:33,0,31,2,vashi -> sanpada,98003,LOCAL,Late Night
HR,vashi,sanpada,1.1,DOWN,98259,PL207,12.0,Unknown,LOCAL,DAILY,Mumbai CSMT,Panvel,00:41,00:43,0,41,2,vashi -> sanpada,98259,LOCAL,Late Night
HR,vashi,sanpada,1.1,DOWN,98301,BR1,12.0,Unknown,LOCAL,DAILY,Mumbai CSMT,Belapur CBD,00:54,00:56,0,54,2,vashi -> sanpada,98301,LOCAL,Late Night
HR,vashi,sanpada,1.1,DOWN,98001,PL1,12.0,Unknown,LOCAL,DAILY,Mumbai CSMT,Panvel,01:02,01:04,1,2,2,vashi -> sanpada,98001,LOCAL,Late Night
HR,vashi,sanpada,1.1,DOWN,98303,BRVD1,12.0,Unknown,LOCAL,DAILY,Vadala Road,Belapur CBD,01:22,01:24,1,22,2,vashi -> sanpada,98303,LOCAL,Late Night
HR,vashi,sanpada,1.1,DOWN,98005,PL5,12.0,Unknown,LOCAL,DAILY,Mumbai CSMT,Panvel,01:29,01:31,1,29,2,vashi -> sanpada,98005,LOCAL,Late Night
HR,vashi,sanpada,1.1,DOWN,98007,PL7,12.0,Unknown,LOCAL,DAILY,Mumbai CSMT,Panvel,05:21,05:23,5,21,2,vashi -> sanpada,98007,LOCAL,Morning Peak
HR,vashi,sanpada,1.1,DOWN,98009,PLVD1,12.0,Unknown,AC,NOT_SUN,Vadala Road,Panvel,05:37,05:39,5,37,2,vashi -> sanpada,98009,AC,Morning Peak
HR,vashi,sanpada,1.1,DOWN,98011,PL9,12.0,Unknown,LOCAL,DAILY,Mumbai CSMT,Panvel,05:41,05:43,5,41,2,vashi -> sanpada,98011,LOCAL,Morning Peak
HR,vashi,sanpada,1.1,DOWN,98013,PL11,12.0,Unknown,LOCAL,DAILY,Mumbai CSMT,Panvel,05:55,05:57,5,55,2,vashi -> sanpada,98013,LOCAL,Morning Peak
HR,vashi,sanpada,1.1,DOWN,98045,PL39,12.0,Unknown,AC,DAILY,Mumbai CSMT,Panvel,08:06,08:08,8,6,2,vashi -> sanpada,98045,AC,Morning Peak
HR,vashi,sanpada,1.1,DOWN,98047,PLVD7,12.0,Unknown,LOCAL,NOT_SUN,Vadala Road,Panvel,08:10,08:12,8,10,2,vashi -> sanpada,98047,LOCAL,Morning Peak
HR,vashi,sanpada,1.1,DOWN,98049,PL41,12.0,Unknown,LOCAL,DAILY,Mumbai CSMT,Panvel,08:15,08:17,8,15,2,vashi -> sanpada,98049,LOCAL,Morning Peak
HR,vashi,sanpada,1.1,DOWN,98309,BR7,12.0,Unknown,LOCAL,NOT_SUN,Mumbai CSMT,Belapur CBD,08:19,08:21,8,19,2,vashi -> sanpada,98309,LOCAL,Morning Peak
HR,vashi,sanpada,1.1,DOWN,98051,PL43,12.0,Unknown,AC,DAILY,Mumbai CSMT,Panvel,08:29,08:31,8,29,2,vashi -> sanpada,98051,AC,Morning Peak
HR,vashi,sanpada,1.1,DOWN,98311,BR9,12.0,Unknown,LOCAL,DAILY,Mumbai CSMT,Belapur CBD,08:37,08:39,8,37,2,vashi -> sanpada,98311,LOCAL,Morning Peak
HR,vashi,sanpada,1.1,DOWN,98902,GNPL2,12.0,Unknown,LOCAL,DAILY,Goregaon,Panvel,08:41,08:43,8,41,2,vashi -> sanpada,98902,LOCAL,Morning Peak
HR,vashi,sanpada,1.1,DOWN,98053,PL45,12.0,Unknown,LOCAL,DAILY,Mumbai CSMT,Panvel,08:45,08:47,8,45,2,vashi -> sanpada,98053,LOCAL,Morning Peak
HR,vashi,sanpada,1.1,DOWN,98055,PL47,12.0,Unknown,LOCAL,NOT_SUN,Mumbai CSMT,Panvel,08:49,08:51,8,49,2,vashi -> sanpada,98055,LOCAL,Morning Peak
HR,vashi,sanpada,1.1,DOWN,98313,BRVD3,12.0,Unknown,LOCAL,NOT_SUN,Vadala Road,Belapur CBD,08:54,08:56,8,54,2,vashi -> sanpada,98313,LOCAL,Morning Peak
HR,vashi,sanpada,1.1,DOWN,98057,PL49,12.0,Unknown,LOCAL,DAILY,Mumbai CSMT,Panvel,08:58,09:00,8,58,2,vashi -> sanpada,98057,LOCAL,Morning Peak
HR,vashi,sanpada,1.1,DOWN,98059,PLVD9,12.0,Unknown,LOCAL,NOT_SUN,Vadala Road,Panvel,09:05,09:07,9,5,2,vashi -> sanpada,98059,LOCAL,Late Morning
HR,vashi,sanpada,1.1,DOWN,98315,BR11,12.0,Unknown,LOCAL,DAILY,Mumbai CSMT,Belapur CBD,09:09,09:11,9,9,2,vashi -> sanpada,98315,LOCAL,Late Morning
HR,vashi,sanpada,1.1,DOWN,98061,PL51,12.0,Unknown,LOCAL,DAILY,Mumbai CSMT,Panvel,09:13,09:15,9,13,2,vashi -> sanpada,98061,LOCAL,Late Morning
HR,vashi,sanpada,1.1,DOWN,98063,PL53,12.0,Unknown,LOCAL,DAILY,Mumbai CSMT,Panvel,09:23,09:25,9,23,2,vashi -> sanpada,98063,LOCAL,Late Morning
HR,vashi,sanpada,1.1,DOWN,98065,PLVD11,12.0,Unknown,LOCAL,DAILY,Vadala Road,Panvel,09:39,09:41,9,39,2,vashi -> sanpada,98065,LOCAL,Late Morning
HR,vashi,sanpada,1.1,DOWN,98067,PL55,12.0,Unknown,LOCAL,DAILY,Mumbai CSMT,Panvel,09:43,09:45,9,43,2,vashi -> sanpada,98067,LOCAL,Late Morning
HR,vashi,sanpada,1.1,DOWN,98317,BR13,12.0,Unknown,LOCAL,DAILY,Mumbai CSMT,Belapur CBD,09:47,09:49,9,47,2,vashi -> sanpada,98317,LOCAL,Late Morning
HR,vashi,sanpada,1.1,DOWN,98904,GNPL4,12.0,Unknown,LOCAL,DAILY,Goregaon,Panvel,09:51,09:53,9,51,2,vashi -> sanpada,98904,LOCAL,Late Morning
HR,vashi,sanpada,1.1,DOWN,98069,PL57,12.0,Unknown,LOCAL,DAILY,Mumbai CSMT,Panvel,09:55,09:57,9,55,2,vashi -> sanpada,98069,LOCAL,Late Morning
HR,vashi,sanpada,1.1,DOWN,98331,BRVD9,12.0,Unknown,LOCAL,DAILY,Vadala Road,Belapur CBD,12:01,12:03,12,1,2,vashi -> sanpada,98331,LOCAL,Afternoon
HR,vashi,sanpada,1.1,DOWN,98097,PL81,12.0,Unknown,LOCAL,DAILY,Mumbai CSMT,Panvel,12:05,12:07,12,5,2,vashi -> sanpada,98097,LOCAL,Afternoon
HR,vashi,sanpada,1.1,DOWN,98099,PL83,12.0,Unknown,LOCAL,DAILY,Mumbai CSMT,Panvel,12:17,12:19,12,17,2,vashi -> sanpada,98099,LOCAL,Afternoon
HR,vashi,sanpada,1.1,DOWN,98333,BR23,12.0,Unknown,LOCAL,DAILY,Mumbai CSMT,Belapur CBD,12:21,12:23,12,21,2,vashi -> sanpada,98333,LOCAL,Afternoon
HR,vashi,sanpada,1.1,DOWN,98101,PL85,12.0,Unknown,LOCAL,DAILY,Mumbai CSMT,Panvel,12:29,12:31,12,29,2,vashi -> sanpada,98101,LOCAL,Afternoon
HR,vashi,sanpada,1.1,DOWN,98103,PL87,12.0,Unknown,LOCAL,DAILY,Mumbai CSMT,Panvel,12:41,12:43,12,41,2,vashi -> sanpada,98103,LOCAL,Afternoon
HR,vashi,sanpada,1.1,DOWN,98105,PL89,12.0,Unknown,LOCAL,NOT_SUN,Mumbai CSMT,Panvel,12:45,12:47,12,45,2,vashi -> sanpada,98105,LOCAL,Afternoon
HR,vashi,sanpada,1.1,DOWN,98107,PLVD17,12.0,Unknown,LOCAL,NOT_SUN,Vadala Road,Panvel,12:49,12:51,12,49,2,vashi -> sanpada,98107,LOCAL,Afternoon
HR,vashi,sanpada,1.1,DOWN,98109,PL91,12.0,Unknown,LOCAL,DAILY,Mumbai CSMT,Panvel,12:57,12:59,12,57,2,vashi -> sanpada,98109,LOCAL,Afternoon
HR,vashi,sanpada,1.1,DOWN,98111,PL93,12.0,Unknown,LOCAL,NOT_SUN,Mumbai CSMT,Panvel,13:06,13:08,13,6,2,vashi -> sanpada,98111,LOCAL,Afternoon
HR,vashi,sanpada,1.1,DOWN,98335,BR25,12.0,Unknown,LOCAL,DAILY,Mumbai CSMT,Belapur CBD,13:14,13:16,13,14,2,vashi -> sanpada,98335,LOCAL,Afternoon
HR,vashi,sanpada,1.1,DOWN,98113,PL95,12.0,Unknown,LOCAL,DAILY,Mumbai CSMT,Panvel,13:18,13:20,13,18,2,vashi -> sanpada,98113,LOCAL,Afternoon
HR,vashi,sanpada,1.1,DOWN,98115,PLVD19,12.0,Unknown,LOCAL,DAILY,Vadala Road,Panvel,13:22,13:24,13,22,2,vashi -> sanpada,98115,LOCAL,Afternoon
HR,vashi,sanpada,1.1,DOWN,98337,BR27,12.0,Unknown,LOCAL,DAILY,Mumbai CSMT,Belapur CBD,13:28,13:30,13,28,2,vashi -> sanpada,98337,LOCAL,Afternoon
HR,vashi,sanpada,1.1,DOWN,98908,GNPL8,12.0,Unknown,LOCAL,DAILY,Goregaon,Panvel,13:32,13:34,13,32,2,vashi -> sanpada,98908,LOCAL,Afternoon
HR,vashi,sanpada,1.1,DOWN,98117,PL97,12.0,Unknown,LOCAL,DAILY,Mumbai CSMT,Panvel,13:40,13:42,13,40,2,vashi -> sanpada,98117,LOCAL,Afternoon
HR,vashi,sanpada,1.1,DOWN,98119,PLVD21,12.0,Unknown,AC,DAILY,Vadala Road,Panvel,13:48,13:50,13,48,2,vashi -> sanpada,98119,AC,Afternoon
HR,vashi,sanpada,1.1,DOWN,98121,PL99,12.0,Unknown,LOCAL,DAILY,Mumbai CSMT,Panvel,13:52,13:54,13,52,2,vashi -> sanpada,98121,LOCAL,Afternoon
HR,vashi,sanpada,1.1,DOWN,98339,BR29,12.0,Unknown,AC,DAILY,Mumbai CSMT,Belapur CBD,13:56,13:58,13,56,2,vashi -> sanpada,98339,AC,Afternoon
HR,vashi,sanpada,1.1,DOWN,98345,BR33,12.0,Unknown,LOCAL,DAILY,Mumbai CSMT,Belapur CBD,16:01,16:03,16,1,2,vashi -> sanpada,98345,LOCAL,Evening Peak
HR,vashi,sanpada,1.1,DOWN,98151,PL125,12.0,Unknown,LOCAL,DAILY,Mumbai CSMT,Panvel,16:05,16:07,16,5,2,vashi -> sanpada,98151,LOCAL,Evening Peak
HR,vashi,sanpada,1.1,DOWN,98153,PL127,12.0,Unknown,LOCAL,DAILY,Mumbai CSMT,Panvel,16:13,16:15,16,13,2,vashi -> sanpada,98153,LOCAL,Evening Peak
HR,vashi,sanpada,1.1,DOWN,98155,PL129,12.0,Unknown,LOCAL,DAILY,Mumbai CSMT,Panvel,16:17,16:19,16,17,2,vashi -> sanpada,98155,LOCAL,Evening Peak
HR,vashi,sanpada,1.1,DOWN,98157,PL131,12.0,Unknown,AC,DAILY,Mumbai CSMT,Panvel,16:25,16:27,16,25,2,vashi -> sanpada,98157,AC,Evening Peak
HR,vashi,sanpada,1.1,DOWN,98159,PL133,12.0,Unknown,LOCAL,DAILY,Mumbai CSMT,Panvel,16:33,16:35,16,33,2,vashi -> sanpada,98159,LOCAL,Evening Peak
HR,vashi,sanpada,1.1,DOWN,98161,PLVD27,12.0,Unknown,LOCAL,DAILY,Vadala Road,Panvel,16:39,16:41,16,39,2,vashi -> sanpada,98161,LOCAL,Evening Peak
HR,vashi,sanpada,1.1,DOWN,98163,PL135,12.0,Unknown,LOCAL,DAILY,Mumbai CSMT,Panvel,16:49,16:51,16,49,2,vashi -> sanpada,98163,LOCAL,Evening Peak
HR,vashi,sanpada,1.1,DOWN,98165,PL137,12.0,Unknown,LOCAL,DAILY,Mumbai CSMT,Panvel,16:57,16:59,16,57,2,vashi -> sanpada,98165,LOCAL,Evening Peak
HR,vashi,sanpada,1.1,DOWN,98167,PLVD29,12.0,Unknown,LOCAL,NOT_SUN,Vadala Road,Panvel,17:05,17:07,17,5,2,vashi -> sanpada,98167,LOCAL,Evening Peak
HR,vashi,sanpada,1.1,DOWN,98169,PL139,12.0,Unknown,LOCAL,DAILY,Mumbai CSMT,Panvel,17:12,17:14,17,12,2,vashi -> sanpada,98169,LOCAL,Evening Peak
HR,vashi,sanpada,1.1,DOWN,98347,BR35,12.0,Unknown,LOCAL,NOT_SUN,Mumbai CSMT,Belapur CBD,17:16,17:18,17,16,2,vashi -> sanpada,98347,LOCAL,Evening Peak
HR,vashi,sanpada,1.1,DOWN,98171,PL141,12.0,Unknown,LOCAL,DAILY,Mumbai CSMT,Panvel,17:24,17:26,17,24,2,vashi -> sanpada,98171,LOCAL,Evening Peak
HR,vashi,sanpada,1.1,DOWN,98349,BR37,12.0,Unknown,LOCAL,DAILY,Mumbai CSMT,Belapur CBD,17:28,17:30,17,28,2,vashi -> sanpada,98349,LOCAL,Evening Peak
HR,vashi,sanpada,1.1,DOWN,98173,PLVD31,12.0,Unknown,LOCAL,NOT_SUN,Vadala Road,Panvel,17:32,17:34,17,32,2,vashi -> sanpada,98173,LOCAL,Evening Peak
HR,vashi,sanpada,1.1,DOWN,98175,PL143,12.0,Unknown,LOCAL,DAILY,Mumbai CSMT,Panvel,17:40,17:42,17,40,2,vashi -> sanpada,98175,LOCAL,Evening Peak
HR,vashi,sanpada,1.1,DOWN,98177,PLVD33,12.0,Unknown,LOCAL,DAILY,Vadala Road,Panvel,17:45,17:48,17,45,3,vashi -> sanpada,98177,LOCAL,Evening Peak
HR,vashi,sanpada,1.1,DOWN,98351,BR39,12.0,Unknown,LOCAL,DAILY,Mumbai CSMT,Belapur CBD,17:49,17:52,17,49,3,vashi -> sanpada,98351,LOCAL,Evening Peak
HR,vashi,sanpada,1.1,DOWN,98179,PL145,12.0,Unknown,LOCAL,DAILY,Mumbai CSMT,Panvel,17:57,17:59,17,57,2,vashi -> sanpada,98179,LOCAL,Evening Peak
HR,vashi,sanpada,1.1,DOWN,98361,BR47,12.0,Unknown,LOCAL,NOT_SUN,Mumbai CSMT,Belapur CBD,20:02,20:04,20,2,2,vashi -> sanpada,98361,LOCAL,Night
HR,vashi,sanpada,1.1,DOWN,98211,PL169,12.0,Unknown,LOCAL,DAILY,Mumbai CSMT,Panvel,20:06,20:08,20,6,2,vashi -> sanpada,98211,LOCAL,Night
HR,vashi,sanpada,1.1,DOWN,98912,GNPL12,12.0,Unknown,LOCAL,DAILY,Goregaon,Panvel,20:15,20:17,20,15,2,vashi -> sanpada,98912,LOCAL,Night
HR,vashi,sanpada,1.1,DOWN,98213,PL171,12.0,Unknown,LOCAL,DAILY,Mumbai CSMT,Panvel,20:23,20:25,20,23,2,vashi -> sanpada,98213,LOCAL,Night
HR,vashi,sanpada,1.1,DOWN,98363,BR49,12.0,Unknown,LOCAL,DAILY,Mumbai CSMT,Belapur CBD,20:26,20:28,20,26,2,vashi -> sanpada,98363,LOCAL,Night
HR,vashi,sanpada,1.1,DOWN,98215,PLVD43,12.0,Unknown,LOCAL,DAILY,Vadala Road,Panvel,20:30,20:32,20,30,2,vashi -> sanpada,98215,LOCAL,Night
HR,vashi,sanpada,1.1,DOWN,98217,PL173,12.0,Unknown,LOCAL,DAILY,Mumbai CSMT,Panvel,20:38,20:40,20,38,2,vashi -> sanpada,98217,LOCAL,Night
HR,vashi,sanpada,1.1,DOWN,98365,BR51,12.0,Unknown,LOCAL,NOT_SUN,Mumbai CSMT,Belapur CBD,20:42,20:44,20,42,2,vashi -> sanpada,98365,LOCAL,Night
HR,vashi,sanpada,1.1,DOWN,98219,PLVD45,12.0,Unknown,LOCAL,NOT_SUN,Vadala Road,Panvel,20:46,20:48,20,46,2,vashi -> sanpada,98219,LOCAL,Night
HR,vashi,sanpada,1.1,DOWN,98221,PL175,12.0,Unknown,AC,DAILY,Mumbai CSMT,Panvel,20:50,20:52,20,50,2,vashi -> sanpada,98221,AC,Night
HR,vashi,sanpada,1.1,DOWN,98914,GNPL14,12.0,Unknown,LOCAL,DAILY,Goregaon,Panvel,20:58,21:00,20,58,2,vashi -> sanpada,98914,LOCAL,Night
HR,vashi,sanpada,1.1,DOWN,98223,PL177,12.0,Unknown,LOCAL,DAILY,Mumbai CSMT,Panvel,21:06,21:08,21,6,2,vashi -> sanpada,98223,LOCAL,Night
HR,vashi,sanpada,1.1,DOWN,98367,BR53,12.0,Unknown,LOCAL,DAILY,Mumbai CSMT,Belapur CBD,21:18,21:20,21,18,2,vashi -> sanpada,98367,LOCAL,Night
HR,vashi,sanpada,1.1,DOWN,98225,PL179,12.0,Unknown,LOCAL,DAILY,Mumbai CSMT,Panvel,21:22,21:24,21,22,2,vashi -> sanpada,98225,LOCAL,Night
HR,vashi,sanpada,1.1,DOWN,98227,PLVD47,12.0,Unknown,LOCAL,NOT_SUN,Vadala Road,Panvel,21:26,21:28,21,26,2,vashi -> sanpada,98227,LOCAL,Night
HR,vashi,sanpada,1.1,DOWN,98916,GNPL16,12.0,Unknown,LOCAL,DAILY,Goregaon,Panvel,21:34,21:36,21,34,2,vashi -> sanpada,98916,LOCAL,Night
HR,vashi,sanpada,1.1,DOWN,98229,PL181,12.0,Unknown,LOCAL,DAILY,Mumbai CSMT,Panvel,21:38,21:40,21,38,2,vashi -> sanpada,98229,LOCAL,Night
HR,vashi,sanpada,1.1,DOWN,98231,PLVD49,12.0,Unknown,LOCAL,DAILY,Vadala Road,Panvel,21:42,21:44,21,42,2,vashi -> sanpada,98231,LOCAL,Night
HR,vashi,sanpada,1.1,DOWN,98233,PL183,12.0,Unknown,LOCAL,DAILY,Mumbai CSMT,Panvel,21:51,21:53,21,51,2,vashi -> sanpada,98233,LOCAL,Night
HR,sanpada,juinagar,1.9,DOWN,98255,PL203,12.0,Unknown,LOCAL,DAILY,Mumbai CSMT,Panvel,00:05,00:08,0,5,3,sanpada -> juinagar,98255,LOCAL,Late Night
HR,sanpada,juinagar,1.9,DOWN,98257,PL205,12.0,Unknown,LOCAL,DAILY,Mumbai CSMT,Panvel,00:21,00:24,0,21,3,sanpada -> juinagar,98257,LOCAL,Late Night
HR,sanpada,juinagar,1.9,DOWN,98003,PL3,12.0,Unknown,LOCAL,DAILY,Mumbai CSMT,Panvel,00:33,00:36,0,33,3,sanpada -> juinagar,98003,LOCAL,Late Night
HR,sanpada,juinagar,1.9,DOWN,98259,PL207,12.0,Unknown,LOCAL,DAILY,Mumbai CSMT,Panvel,00:43,00:46,0,43,3,sanpada -> juinagar,98259,LOCAL,Late Night
HR,sanpada,juinagar,1.9,DOWN,98301,BR1,12.0,Unknown,LOCAL,DAILY,Mumbai CSMT,Belapur CBD,00:56,00:59,0,56,3,sanpada -> juinagar,98301,LOCAL,Late Night
HR,sanpada,juinagar,1.9,DOWN,98001,PL1,12.0,Unknown,LOCAL,DAILY,Mumbai CSMT,Panvel,01:04,01:07,1,4,3,sanpada -> juinagar,98001,LOCAL,Late Night
HR,sanpada,juinagar,1.9,DOWN,98303,BRVD1,12.0,Unknown,LOCAL,DAILY,Vadala Road,Belapur CBD,01:24,01:27,1,24,3,sanpada -> juinagar,98303,LOCAL,Late Night
HR,sanpada,juinagar,1.9,DOWN,98005,PL5,12.0,Unknown,LOCAL,DAILY,Mumbai CSMT,Panvel,01:31,01:34,1,31,3,sanpada -> juinagar,98005,LOCAL,Late Night
HR,sanpada,juinagar,1.9,DOWN,98007,PL7,12.0,Unknown,LOCAL,DAILY,Mumbai CSMT,Panvel,05:23,05:26,5,23,3,sanpada -> juinagar,98007,LOCAL,Morning Peak
HR,sanpada,juinagar,1.9,DOWN,98009,PLVD1,12.0,Unknown,AC,NOT_SUN,Vadala Road,Panvel,05:39,05:42,5,39,3,sanpada -> juinagar,98009,AC,Morning Peak
HR,sanpada,juinagar,1.9,DOWN,98011,PL9,12.0,Unknown,LOCAL,DAILY,Mumbai CSMT,Panvel,05:43,05:46,5,43,3,sanpada -> juinagar,98011,LOCAL,Morning Peak
HR,sanpada,juinagar,1.9,DOWN,98013,PL11,12.0,Unknown,LOCAL,DAILY,Mumbai CSMT,Panvel,05:57,06:01,5,57,4,sanpada -> juinagar,98013,LOCAL,Morning Peak
HR,sanpada,juinagar,1.9,DOWN,98043,PL37,12.0,Unknown,LOCAL,DAILY,Mumbai CSMT,Panvel,08:00,08:03,8,0,3,sanpada -> juinagar,98043,LOCAL,Morning Peak
HR,sanpada,juinagar,1.9,DOWN,98045,PL39,12.0,Unknown,AC,DAILY,Mumbai CSMT,Panvel,08:08,08:11,8,8,3,sanpada -> juinagar,98045,AC,Morning Peak
HR,sanpada,juinagar,1.9,DOWN,98047,PLVD7,12.0,Unknown,LOCAL,NOT_SUN,Vadala Road,Panvel,08:12,08:15,8,12,3,sanpada -> juinagar,98047,LOCAL,Morning Peak
HR,sanpada,juinagar,1.9,DOWN,98049,PL41,12.0,Unknown,LOCAL,DAILY,Mumbai CSMT,Panvel,08:17,08:20,8,17,3,sanpada -> juinagar,98049,LOCAL,Morning Peak
HR,sanpada,juinagar,1.9,DOWN,98309,BR7,12.0,Unknown,LOCAL,NOT_SUN,Mumbai CSMT,Belapur CBD,08:21,08:24,8,21,3,sanpada -> juinagar,98309,LOCAL,Morning Peak
HR,sanpada,juinagar,1.9,DOWN,98051,PL43,12.0,Unknown,AC,DAILY,Mumbai CSMT,Panvel,08:31,08:34,8,31,3,sanpada -> juinagar,98051,AC,Morning Peak
HR,sanpada,juinagar,1.9,DOWN,98311,BR9,12.0,Unknown,LOCAL,DAILY,Mumbai CSMT,Belapur CBD,08:39,08:42,8,39,3,sanpada -> juinagar,98311,LOCAL,Morning Peak
HR,sanpada,juinagar,1.9,DOWN,98902,GNPL2,12.0,Unknown,LOCAL,DAILY,Goregaon,Panvel,08:43,08:46,8,43,3,sanpada -> juinagar,98902,LOCAL,Morning Peak
HR,sanpada,juinagar,1.9,DOWN,98053,PL45,12.0,Unknown,LOCAL,DAILY,Mumbai CSMT,Panvel,08:47,08:50,8,47,3,sanpada -> juinagar,98053,LOCAL,Morning Peak
HR,sanpada,juinagar,1.9,DOWN,98055,PL47,12.0,Unknown,LOCAL,NOT_SUN,Mumbai CSMT,Panvel,08:51,08:54,8,51,3,sanpada -> juinagar,98055,LOCAL,Morning Peak
HR,sanpada,juinagar,1.9,DOWN,98313,BRVD3,12.0,Unknown,LOCAL,NOT_SUN,Vadala Road,Belapur CBD,08:56,08:59,8,56,3,sanpada -> juinagar,98313,LOCAL,Morning Peak
HR,sanpada,juinagar,1.9,DOWN,98057,PL49,12.0,Unknown,LOCAL,DAILY,Mumbai CSMT,Panvel,09:00,09:03,9,0,3,sanpada -> juinagar,98057,LOCAL,Late Morning
HR,sanpada,juinagar,1.9,DOWN,98059,PLVD9,12.0,Unknown,LOCAL,NOT_SUN,Vadala Road,Panvel,09:07,09:10,9,7,3,sanpada -> juinagar,98059,LOCAL,Late Morning
HR,sanpada,juinagar,1.9,DOWN,98315,BR11,12.0,Unknown,LOCAL,DAILY,Mumbai CSMT,Belapur CBD,09:11,09:14,9,11,3,sanpada -> juinagar,98315,LOCAL,Late Morning
HR,sanpada,juinagar,1.9,DOWN,98061,PL51,12.0,Unknown,LOCAL,DAILY,Mumbai CSMT,Panvel,09:15,09:18,9,15,3,sanpada -> juinagar,98061,LOCAL,Late Morning
HR,sanpada,juinagar,1.9,DOWN,98063,PL53,12.0,Unknown,LOCAL,DAILY,Mumbai CSMT,Panvel,09:25,09:28,9,25,3,sanpada -> juinagar,98063,LOCAL,Late Morning
HR,sanpada,juinagar,1.9,DOWN,98065,PLVD11,12.0,Unknown,LOCAL,DAILY,Vadala Road,Panvel,09:41,09:44,9,41,3,sanpada -> juinagar,98065,LOCAL,Late Morning
HR,sanpada,juinagar,1.9,DOWN,98067,PL55,12.0,Unknown,LOCAL,DAILY,Mumbai CSMT,Panvel,09:45,09:48,9,45,3,sanpada -> juinagar,98067,LOCAL,Late Morning
HR,sanpada,juinagar,1.9,DOWN,98317,BR13,12.0,Unknown,LOCAL,DAILY,Mumbai CSMT,Belapur CBD,09:49,09:52,9,49,3,sanpada -> juinagar,98317,LOCAL,Late Morning
HR,sanpada,juinagar,1.9,DOWN,98904,GNPL4,12.0,Unknown,LOCAL,DAILY,Goregaon,Panvel,09:53,09:56,9,53,3,sanpada -> juinagar,98904,LOCAL,Late Morning
HR,sanpada,juinagar,1.9,DOWN,98069,PL57,12.0,Unknown,LOCAL,DAILY,Mumbai CSMT,Panvel,09:57,10:00,9,57,3,sanpada -> juinagar,98069,LOCAL,Late Morning
HR,sanpada,juinagar,1.9,DOWN,98331,BRVD9,12.0,Unknown,LOCAL,DAILY,Vadala Road,Belapur CBD,12:03,12:06,12,3,3,sanpada -> juinagar,98331,LOCAL,Afternoon
HR,sanpada,juinagar,1.9,DOWN,98097,PL81,12.0,Unknown,LOCAL,DAILY,Mumbai CSMT,Panvel,12:07,12:10,12,7,3,sanpada -> juinagar,98097,LOCAL,Afternoon
HR,sanpada,juinagar,1.9,DOWN,98099,PL83,12.0,Unknown,LOCAL,DAILY,Mumbai CSMT,Panvel,12:19,12:22,12,19,3,sanpada -> juinagar,98099,LOCAL,Afternoon
HR,sanpada,juinagar,1.9,DOWN,98333,BR23,12.0,Unknown,LOCAL,DAILY,Mumbai CSMT,Belapur CBD,12:23,12:26,12,23,3,sanpada -> juinagar,98333,LOCAL,Afternoon
HR,sanpada,juinagar,1.9,DOWN,98101,PL85,12.0,Unknown,LOCAL,DAILY,Mumbai CSMT,Panvel,12:31,12:34,12,31,3,sanpada -> juinagar,98101,LOCAL,Afternoon
HR,sanpada,juinagar,1.9,DOWN,98103,PL87,12.0,Unknown,LOCAL,DAILY,Mumbai CSMT,Panvel,12:43,12:46,12,43,3,sanpada -> juinagar,98103,LOCAL,Afternoon
HR,sanpada,juinagar,1.9,DOWN,98105,PL89,12.0,Unknown,LOCAL,NOT_SUN,Mumbai CSMT,Panvel,12:47,12:50,12,47,3,sanpada -> juinagar,98105,LOCAL,Afternoon
HR,sanpada,juinagar,1.9,DOWN,98107,PLVD17,12.0,Unknown,LOCAL,NOT_SUN,Vadala Road,Panvel,12:51,12:54,12,51,3,sanpada -> juinagar,98107,LOCAL,Afternoon
HR,sanpada,juinagar,1.9,DOWN,98109,PL91,12.0,Unknown,LOCAL,DAILY,Mumbai CSMT,Panvel,12:59,13:02,12,59,3,sanpada -> juinagar,98109,LOCAL,Afternoon
HR,sanpada,juinagar,1.9,DOWN,98111,PL93,12.0,Unknown,LOCAL,NOT_SUN,Mumbai CSMT,Panvel,13:08,13:11,13,8,3,sanpada -> juinagar,98111,LOCAL,Afternoon
HR,sanpada,juinagar,1.9,DOWN,98335,BR25,12.0,Unknown,LOCAL,DAILY,Mumbai CSMT,Belapur CBD,13:16,13:19,13,16,3,sanpada -> juinagar,98335,LOCAL,Afternoon
HR,sanpada,juinagar,1.9,DOWN,98113,PL95,12.0,Unknown,LOCAL,DAILY,Mumbai CSMT,Panvel,13:20,13:23,13,20,3,sanpada -> juinagar,98113,LOCAL,Afternoon
HR,sanpada,juinagar,1.9,DOWN,98115,PLVD19,12.0,Unknown,LOCAL,DAILY,Vadala Road,Panvel,13:24,13:27,13,24,3,sanpada -> juinagar,98115,LOCAL,Afternoon
HR,sanpada,juinagar,1.9,DOWN,98337,BR27,12.0,Unknown,LOCAL,DAILY,Mumbai CSMT,Belapur CBD,13:30,13:33,13,30,3,sanpada -> juinagar,98337,LOCAL,Afternoon
HR,sanpada,juinagar,1.9,DOWN,98908,GNPL8,12.0,Unknown,LOCAL,DAILY,Goregaon,Panvel,13:34,13:37,13,34,3,sanpada -> juinagar,98908,LOCAL,Afternoon
HR,sanpada,juinagar,1.9,DOWN,98117,PL97,12.0,Unknown,LOCAL,DAILY,Mumbai CSMT,Panvel,13:42,13:45,13,42,3,sanpada -> juinagar,98117,LOCAL,Afternoon
HR,sanpada,juinagar,1.9,DOWN,98119,PLVD21,12.0,Unknown,AC,DAILY,Vadala Road,Panvel,13:50,13:53,13,50,3,sanpada -> juinagar,98119,AC,Afternoon
HR,sanpada,juinagar,1.9,DOWN,98121,PL99,12.0,Unknown,LOCAL,DAILY,Mumbai CSMT,Panvel,13:54,13:57,13,54,3,sanpada -> juinagar,98121,LOCAL,Afternoon
HR,sanpada,juinagar,1.9,DOWN,98339,BR29,12.0,Unknown,AC,DAILY,Mumbai CSMT,Belapur CBD,13:58,14:01,13,58,3,sanpada -> juinagar,98339,AC,Afternoon
HR,sanpada,juinagar,1.9,DOWN,98345,BR33,12.0,Unknown,LOCAL,DAILY,Mumbai CSMT,Belapur CBD,16:03,16:06,16,3,3,sanpada -> juinagar,98345,LOCAL,Evening Peak
HR,sanpada,juinagar,1.9,DOWN,98151,PL125,12.0,Unknown,LOCAL,DAILY,Mumbai CSMT,Panvel,16:07,16:10,16,7,3,sanpada -> juinagar,98151,LOCAL,Evening Peak
HR,sanpada,juinagar,1.9,DOWN,98153,PL127,12.0,Unknown,LOCAL,DAILY,Mumbai CSMT,Panvel,16:15,16:18,16,15,3,sanpada -> juinagar,98153,LOCAL,Evening Peak
HR,sanpada,juinagar,1.9,DOWN,98155,PL129,12.0,Unknown,LOCAL,DAILY,Mumbai CSMT,Panvel,16:19,16:22,16,19,3,sanpada -> juinagar,98155,LOCAL,Evening Peak
HR,sanpada,juinagar,1.9,DOWN,98157,PL131,12.0,Unknown,AC,DAILY,Mumbai CSMT,Panvel,16:27,16:30,16,27,3,sanpada -> juinagar,98157,AC,Evening Peak
HR,sanpada,juinagar,1.9,DOWN,98159,PL133,12.0,Unknown,LOCAL,DAILY,Mumbai CSMT,Panvel,16:35,16:38,16,35,3,sanpada -> juinagar,98159,LOCAL,Evening Peak
HR,sanpada,juinagar,1.9,DOWN,98161,PLVD27,12.0,Unknown,LOCAL,DAILY,Vadala Road,Panvel,16:41,16:44,16,41,3,sanpada -> juinagar,98161,LOCAL,Evening Peak
HR,sanpada,juinagar,1.9,DOWN,98163,PL135,12.0,Unknown,LOCAL,DAILY,Mumbai CSMT,Panvel,16:51,16:54,16,51,3,sanpada -> juinagar,98163,LOCAL,Evening Peak
HR,sanpada,juinagar,1.9,DOWN,98165,PL137,12.0,Unknown,LOCAL,DAILY,Mumbai CSMT,Panvel,16:59,17:02,16,59,3,sanpada -> juinagar,98165,LOCAL,Evening Peak
HR,sanpada,juinagar,1.9,DOWN,98167,PLVD29,12.0,Unknown,LOCAL,NOT_SUN,Vadala Road,Panvel,17:07,17:10,17,7,3,sanpada -> juinagar,98167,LOCAL,Evening Peak
HR,sanpada,juinagar,1.9,DOWN,98169,PL139,12.0,Unknown,LOCAL,DAILY,Mumbai CSMT,Panvel,17:14,17:17,17,14,3,sanpada -> juinagar,98169,LOCAL,Evening Peak
HR,sanpada,juinagar,1.9,DOWN,98347,BR35,12.0,Unknown,LOCAL,NOT_SUN,Mumbai CSMT,Belapur CBD,17:18,17:21,17,18,3,sanpada -> juinagar,98347,LOCAL,Evening Peak
HR,sanpada,juinagar,1.9,DOWN,98171,PL141,12.0,Unknown,LOCAL,DAILY,Mumbai CSMT,Panvel,17:26,17:29,17,26,3,sanpada -> juinagar,98171,LOCAL,Evening Peak
HR,sanpada,juinagar,1.9,DOWN,98349,BR37,12.0,Unknown,LOCAL,DAILY,Mumbai CSMT,Belapur CBD,17:30,17:33,17,30,3,sanpada -> juinagar,98349,LOCAL,Evening Peak
HR,sanpada,juinagar,1.9,DOWN,98173,PLVD31,12.0,Unknown,LOCAL,NOT_SUN,Vadala Road,Panvel,17:34,17:37,17,34,3,sanpada -> juinagar,98173,LOCAL,Evening Peak
HR,sanpada,juinagar,1.9,DOWN,98175,PL143,12.0,Unknown,LOCAL,DAILY,Mumbai CSMT,Panvel,17:42,17:45,17,42,3,sanpada -> juinagar,98175,LOCAL,Evening Peak
HR,sanpada,juinagar,1.9,DOWN,98177,PLVD33,12.0,Unknown,LOCAL,DAILY,Vadala Road,Panvel,17:48,17:51,17,48,3,sanpada -> juinagar,98177,LOCAL,Evening Peak
HR,sanpada,juinagar,1.9,DOWN,98351,BR39,12.0,Unknown,LOCAL,DAILY,Mumbai CSMT,Belapur CBD,17:52,17:55,17,52,3,sanpada -> juinagar,98351,LOCAL,Evening Peak
HR,sanpada,juinagar,1.9,DOWN,98179,PL145,12.0,Unknown,LOCAL,DAILY,Mumbai CSMT,Panvel,17:59,18:02,17,59,3,sanpada -> juinagar,98179,LOCAL,Evening Peak
HR,sanpada,juinagar,1.9,DOWN,98209,PLVD41,12.0,Unknown,LOCAL,DAILY,Vadala Road,Panvel,20:00,20:03,20,0,3,sanpada -> juinagar,98209,LOCAL,Night
HR,sanpada,juinagar,1.9,DOWN,98361,BR47,12.0,Unknown,LOCAL,NOT_SUN,Mumbai CSMT,Belapur CBD,20:04,20:07,20,4,3,sanpada -> juinagar,98361,LOCAL,Night
HR,sanpada,juinagar,1.9,DOWN,98211,PL169,12.0,Unknown,LOCAL,DAILY,Mumbai CSMT,Panvel,20:08,20:11,20,8,3,sanpada -> juinagar,98211,LOCAL,Night
HR,sanpada,juinagar,1.9,DOWN,98912,GNPL12,12.0,Unknown,LOCAL,DAILY,Goregaon,Panvel,20:17,20:20,20,17,3,sanpada -> juinagar,98912,LOCAL,Night
HR,sanpada,juinagar,1.9,DOWN,98213,PL171,12.0,Unknown,LOCAL,DAILY,Mumbai CSMT,Panvel,20:25,20:28,20,25,3,sanpada -> juinagar,98213,LOCAL,Night
HR,sanpada,juinagar,1.9,DOWN,98363,BR49,12.0,Unknown,LOCAL,DAILY,Mumbai CSMT,Belapur CBD,20:28,20:31,20,28,3,sanpada -> juinagar,98363,LOCAL,Night
HR,sanpada,juinagar,1.9,DOWN,98215,PLVD43,12.0,Unknown,LOCAL,DAILY,Vadala Road,Panvel,20:32,20:35,20,32,3,sanpada -> juinagar,98215,LOCAL,Night
HR,sanpada,juinagar,1.9,DOWN,98217,PL173,12.0,Unknown,LOCAL,DAILY,Mumbai CSMT,Panvel,20:40,20:43,20,40,3,sanpada -> juinagar,98217,LOCAL,Night
HR,sanpada,juinagar,1.9,DOWN,98365,BR51,12.0,Unknown,LOCAL,NOT_SUN,Mumbai CSMT,Belapur CBD,20:44,20:47,20,44,3,sanpada -> juinagar,98365,LOCAL,Night
HR,sanpada,juinagar,1.9,DOWN,98219,PLVD45,12.0,Unknown,LOCAL,NOT_SUN,Vadala Road,Panvel,20:48,20:51,20,48,3,sanpada -> juinagar,98219,LOCAL,Night
HR,sanpada,juinagar,1.9,DOWN,98221,PL175,12.0,Unknown,AC,DAILY,Mumbai CSMT,Panvel,20:52,20:55,20,52,3,sanpada -> juinagar,98221,AC,Night
HR,sanpada,juinagar,1.9,DOWN,98914,GNPL14,12.0,Unknown,LOCAL,DAILY,Goregaon,Panvel,21:00,21:03,21,0,3,sanpada -> juinagar,98914,LOCAL,Night
HR,sanpada,juinagar,1.9,DOWN,98223,PL177,12.0,Unknown,LOCAL,DAILY,Mumbai CSMT,Panvel,21:08,21:11,21,8,3,sanpada -> juinagar,98223,LOCAL,Night
HR,sanpada,juinagar,1.9,DOWN,98367,BR53,12.0,Unknown,LOCAL,DAILY,Mumbai CSMT,Belapur CBD,21:20,21:23,21,20,3,sanpada -> juinagar,98367,LOCAL,Night
HR,sanpada,juinagar,1.9,DOWN,98225,PL179,12.0,Unknown,LOCAL,DAILY,Mumbai CSMT,Panvel,21:24,21:27,21,24,3,sanpada -> juinagar,98225,LOCAL,Night
HR,sanpada,juinagar,1.9,DOWN,98227,PLVD47,12.0,Unknown,LOCAL,NOT_SUN,Vadala Road,Panvel,21:28,21:31,21,28,3,sanpada -> juinagar,98227,LOCAL,Night
HR,sanpada,juinagar,1.9,DOWN,98916,GNPL16,12.0,Unknown,LOCAL,DAILY,Goregaon,Panvel,21:36,21:39,21,36,3,sanpada -> juinagar,98916,LOCAL,Night
HR,sanpada,juinagar,1.9,DOWN,98229,PL181,12.0,Unknown,LOCAL,DAILY,Mumbai CSMT,Panvel,21:40,21:43,21,40,3,sanpada -> juinagar,98229,LOCAL,Night
HR,sanpada,juinagar,1.9,DOWN,98231,PLVD49,12.0,Unknown,LOCAL,DAILY,Vadala Road,Panvel,21:44,21:47,21,44,3,sanpada -> juinagar,98231,LOCAL,Night
HR,sanpada,juinagar,1.9,DOWN,98233,PL183,12.0,Unknown,LOCAL,DAILY,Mumbai CSMT,Panvel,21:53,21:56,21,53,3,sanpada -> juinagar,98233,LOCAL,Night
HR,juinagar,nerul_hr,2.5,DOWN,98255,PL203,12.0,Unknown,LOCAL,DAILY,Mumbai CSMT,Panvel,00:08,00:12,0,8,4,juinagar -> nerul_hr,98255,LOCAL,Late Night
HR,juinagar,nerul_hr,2.5,DOWN,98257,PL205,12.0,Unknown,LOCAL,DAILY,Mumbai CSMT,Panvel,00:24,00:28,0,24,4,juinagar -> nerul_hr,98257,LOCAL,Late Night
HR,juinagar,nerul_hr,2.5,DOWN,98003,PL3,12.0,Unknown,LOCAL,DAILY,Mumbai CSMT,Panvel,00:36,00:40,0,36,4,juinagar -> nerul_hr,98003,LOCAL,Late Night
HR,juinagar,nerul_hr,2.5,DOWN,98259,PL207,12.0,Unknown,LOCAL,DAILY,Mumbai CSMT,Panvel,00:46,00:50,0,46,4,juinagar -> nerul_hr,98259,LOCAL,Late Night
HR,juinagar,nerul_hr,2.5,DOWN,98301,BR1,12.0,Unknown,LOCAL,DAILY,Mumbai CSMT,Belapur CBD,00:59,01:03,0,59,4,juinagar -> nerul_hr,98301,LOCAL,Late Night
HR,juinagar,nerul_hr,2.5,DOWN,98001,PL1,12.0,Unknown,LOCAL,DAILY,Mumbai CSMT,Panvel,01:07,01:11,1,7,4,juinagar -> nerul_hr,98001,LOCAL,Late Night
HR,juinagar,nerul_hr,2.5,DOWN,98303,BRVD1,12.0,Unknown,LOCAL,DAILY,Vadala Road,Belapur CBD,01:27,01:31,1,27,4,juinagar -> nerul_hr,98303,LOCAL,Late Night
HR,juinagar,nerul_hr,2.5,DOWN,98005,PL5,12.0,Unknown,LOCAL,DAILY,Mumbai CSMT,Panvel,01:34,01:38,1,34,4,juinagar -> nerul_hr,98005,LOCAL,Late Night
HR,juinagar,nerul_hr,2.5,DOWN,98007,PL7,12.0,Unknown,LOCAL,DAILY,Mumbai CSMT,Panvel,05:26,05:30,5,26,4,juinagar -> nerul_hr,98007,LOCAL,Morning Peak
HR,juinagar,nerul_hr,2.5,DOWN,98009,PLVD1,12.0,Unknown,AC,NOT_SUN,Vadala Road,Panvel,05:42,05:46,5,42,4,juinagar -> nerul_hr,98009,AC,Morning Peak
HR,juinagar,nerul_hr,2.5,DOWN,98011,PL9,12.0,Unknown,LOCAL,DAILY,Mumbai CSMT,Panvel,05:46,05:50,5,46,4,juinagar -> nerul_hr,98011,LOCAL,Morning Peak
HR,juinagar,nerul_hr,2.5,DOWN,98043,PL37,12.0,Unknown,LOCAL,DAILY,Mumbai CSMT,Panvel,08:03,08:07,8,3,4,juinagar -> nerul_hr,98043,LOCAL,Morning Peak
HR,juinagar,nerul_hr,2.5,DOWN,98045,PL39,12.0,Unknown,AC,DAILY,Mumbai CSMT,Panvel,08:11,08:15,8,11,4,juinagar -> nerul_hr,98045,AC,Morning Peak
HR,juinagar,nerul_hr,2.5,DOWN,98047,PLVD7,12.0,Unknown,LOCAL,NOT_SUN,Vadala Road,Panvel,08:15,08:19,8,15,4,juinagar -> nerul_hr,98047,LOCAL,Morning Peak
HR,juinagar,nerul_hr,2.5,DOWN,98049,PL41,12.0,Unknown,LOCAL,DAILY,Mumbai CSMT,Panvel,08:20,08:24,8,20,4,juinagar -> nerul_hr,98049,LOCAL,Morning Peak
HR,juinagar,nerul_hr,2.5,DOWN,98309,BR7,12.0,Unknown,LOCAL,NOT_SUN,Mumbai CSMT,Belapur CBD,08:24,08:28,8,24,4,juinagar -> nerul_hr,98309,LOCAL,Morning Peak
HR,juinagar,nerul_hr,2.5,DOWN,98051,PL43,12.0,Unknown,AC,DAILY,Mumbai CSMT,Panvel,08:34,08:38,8,34,4,juinagar -> nerul_hr,98051,AC,Morning Peak
HR,juinagar,nerul_hr,2.5,DOWN,98311,BR9,12.0,Unknown,LOCAL,DAILY,Mumbai CSMT,Belapur CBD,08:42,08:46,8,42,4,juinagar -> nerul_hr,98311,LOCAL,Morning Peak
HR,juinagar,nerul_hr,2.5,DOWN,98902,GNPL2,12.0,Unknown,LOCAL,DAILY,Goregaon,Panvel,08:46,08:50,8,46,4,juinagar -> nerul_hr,98902,LOCAL,Morning Peak
HR,juinagar,nerul_hr,2.5,DOWN,98053,PL45,12.0,Unknown,LOCAL,DAILY,Mumbai CSMT,Panvel,08:50,08:54,8,50,4,juinagar -> nerul_hr,98053,LOCAL,Morning Peak
HR,juinagar,nerul_hr,2.5,DOWN,98055,PL47,12.0,Unknown,LOCAL,NOT_SUN,Mumbai CSMT,Panvel,08:54,08:58,8,54,4,juinagar -> nerul_hr,98055,LOCAL,Morning Peak
HR,juinagar,nerul_hr,2.5,DOWN,98313,BRVD3,12.0,Unknown,LOCAL,NOT_SUN,Vadala Road,Belapur CBD,08:59,09:03,8,59,4,juinagar -> nerul_hr,98313,LOCAL,Morning Peak
HR,juinagar,nerul_hr,2.5,DOWN,98057,PL49,12.0,Unknown,LOCAL,DAILY,Mumbai CSMT,Panvel,09:03,09:07,9,3,4,juinagar -> nerul_hr,98057,LOCAL,Late Morning
HR,juinagar,nerul_hr,2.5,DOWN,98059,PLVD9,12.0,Unknown,LOCAL,NOT_SUN,Vadala Road,Panvel,09:10,09:14,9,10,4,juinagar -> nerul_hr,98059,LOCAL,Late Morning
HR,juinagar,nerul_hr,2.5,DOWN,98315,BR11,12.0,Unknown,LOCAL,DAILY,Mumbai CSMT,Belapur CBD,09:14,09:18,9,14,4,juinagar -> nerul_hr,98315,LOCAL,Late Morning
HR,juinagar,nerul_hr,2.5,DOWN,98061,PL51,12.0,Unknown,LOCAL,DAILY,Mumbai CSMT,Panvel,09:18,09:22,9,18,4,juinagar -> nerul_hr,98061,LOCAL,Late Morning
HR,juinagar,nerul_hr,2.5,DOWN,98063,PL53,12.0,Unknown,LOCAL,DAILY,Mumbai CSMT,Panvel,09:28,09:32,9,28,4,juinagar -> nerul_hr,98063,LOCAL,Late Morning
HR,juinagar,nerul_hr,2.5,DOWN,98065,PLVD11,12.0,Unknown,LOCAL,DAILY,Vadala Road,Panvel,09:44,09:48,9,44,4,juinagar -> nerul_hr,98065,LOCAL,Late Morning
HR,juinagar,nerul_hr,2.5,DOWN,98067,PL55,12.0,Unknown,LOCAL,DAILY,Mumbai CSMT,Panvel,09:48,09:52,9,48,4,juinagar -> nerul_hr,98067,LOCAL,Late Morning
HR,juinagar,nerul_hr,2.5,DOWN,98317,BR13,12.0,Unknown,LOCAL,DAILY,Mumbai CSMT,Belapur CBD,09:52,09:56,9,52,4,juinagar -> nerul_hr,98317,LOCAL,Late Morning
HR,juinagar,nerul_hr,2.5,DOWN,98904,GNPL4,12.0,Unknown,LOCAL,DAILY,Goregaon,Panvel,09:56,10:00,9,56,4,juinagar -> nerul_hr,98904,LOCAL,Late Morning
HR,juinagar,nerul_hr,2.5,DOWN,98069,PL57,12.0,Unknown,LOCAL,DAILY,Mumbai CSMT,Panvel,10:00,10:04,10,0,4,juinagar -> nerul_hr,98069,LOCAL,Late Morning
HR,juinagar,nerul_hr,2.5,DOWN,98331,BRVD9,12.0,Unknown,LOCAL,DAILY,Vadala Road,Belapur CBD,12:06,12:10,12,6,4,juinagar -> nerul_hr,98331,LOCAL,Afternoon
HR,juinagar,nerul_hr,2.5,DOWN,98097,PL81,12.0,Unknown,LOCAL,DAILY,Mumbai CSMT,Panvel,12:10,12:14,12,10,4,juinagar -> nerul_hr,98097,LOCAL,Afternoon
HR,juinagar,nerul_hr,2.5,DOWN,98099,PL83,12.0,Unknown,LOCAL,DAILY,Mumbai CSMT,Panvel,12:22,12:26,12,22,4,juinagar -> nerul_hr,98099,LOCAL,Afternoon
HR,juinagar,nerul_hr,2.5,DOWN,98333,BR23,12.0,Unknown,LOCAL,DAILY,Mumbai CSMT,Belapur CBD,12:26,12:30,12,26,4,juinagar -> nerul_hr,98333,LOCAL,Afternoon
HR,juinagar,nerul_hr,2.5,DOWN,98101,PL85,12.0,Unknown,LOCAL,DAILY,Mumbai CSMT,Panvel,12:34,12:39,12,34,5,juinagar -> nerul_hr,98101,LOCAL,Afternoon
HR,juinagar,nerul_hr,2.5,DOWN,98103,PL87,12.0,Unknown,LOCAL,DAILY,Mumbai CSMT,Panvel,12:46,12:51,12,46,5,juinagar -> nerul_hr,98103,LOCAL,Afternoon
HR,juinagar,nerul_hr,2.5,DOWN,98105,PL89,12.0,Unknown,LOCAL,NOT_SUN,Mumbai CSMT,Panvel,12:50,12:55,12,50,5,juinagar -> nerul_hr,98105,LOCAL,Afternoon
HR,juinagar,nerul_hr,2.5,DOWN,98107,PLVD17,12.0,Unknown,LOCAL,NOT_SUN,Vadala Road,Panvel,12:54,12:58,12,54,4,juinagar -> nerul_hr,98107,LOCAL,Afternoon
HR,juinagar,nerul_hr,2.5,DOWN,98109,PL91,12.0,Unknown,LOCAL,DAILY,Mumbai CSMT,Panvel,13:02,13:07,13,2,5,juinagar -> nerul_hr,98109,LOCAL,Afternoon
HR,juinagar,nerul_hr,2.5,DOWN,98111,PL93,12.0,Unknown,LOCAL,NOT_SUN,Mumbai CSMT,Panvel,13:11,13:15,13,11,4,juinagar -> nerul_hr,98111,LOCAL,Afternoon
HR,juinagar,nerul_hr,2.5,DOWN,98335,BR25,12.0,Unknown,LOCAL,DAILY,Mumbai CSMT,Belapur CBD,13:19,13:24,13,19,5,juinagar -> nerul_hr,98335,LOCAL,Afternoon
HR,juinagar,nerul_hr,2.5,DOWN,98113,PL95,12.0,Unknown,LOCAL,DAILY,Mumbai CSMT,Panvel,13:23,13:28,13,23,5,juinagar -> nerul_hr,98113,LOCAL,Afternoon
HR,juinagar,nerul_hr,2.5,DOWN,98115,PLVD19,12.0,Unknown,LOCAL,DAILY,Vadala Road,Panvel,13:27,13:32,13,27,5,juinagar -> nerul_hr,98115,LOCAL,Afternoon
HR,juinagar,nerul_hr,2.5,DOWN,98337,BR27,12.0,Unknown,LOCAL,DAILY,Mumbai CSMT,Belapur CBD,13:33,13:38,13,33,5,juinagar -> nerul_hr,98337,LOCAL,Afternoon
HR,juinagar,nerul_hr,2.5,DOWN,98908,GNPL8,12.0,Unknown,LOCAL,DAILY,Goregaon,Panvel,13:37,13:42,13,37,5,juinagar -> nerul_hr,98908,LOCAL,Afternoon
HR,juinagar,nerul_hr,2.5,DOWN,98117,PL97,12.0,Unknown,LOCAL,DAILY,Mumbai CSMT,Panvel,13:45,13:50,13,45,5,juinagar -> nerul_hr,98117,LOCAL,Afternoon
HR,juinagar,nerul_hr,2.5,DOWN,98119,PLVD21,12.0,Unknown,AC,DAILY,Vadala Road,Panvel,13:53,13:57,13,53,4,juinagar -> nerul_hr,98119,AC,Afternoon
HR,juinagar,nerul_hr,2.5,DOWN,98121,PL99,12.0,Unknown,LOCAL,DAILY,Mumbai CSMT,Panvel,13:57,14:01,13,57,4,juinagar -> nerul_hr,98121,LOCAL,Afternoon
HR,juinagar,nerul_hr,2.5,DOWN,98149,PL123,12.0,Unknown,LOCAL,DAILY,Mumbai CSMT,Panvel,16:02,16:06,16,2,4,juinagar -> nerul_hr,98149,LOCAL,Evening Peak
HR,juinagar,nerul_hr,2.5,DOWN,98345,BR33,12.0,Unknown,LOCAL,DAILY,Mumbai CSMT,Belapur CBD,16:06,16:10,16,6,4,juinagar -> nerul_hr,98345,LOCAL,Evening Peak
HR,juinagar,nerul_hr,2.5,DOWN,98151,PL125,12.0,Unknown,LOCAL,DAILY,Mumbai CSMT,Panvel,16:10,16:14,16,10,4,juinagar -> nerul_hr,98151,LOCAL,Evening Peak
HR,juinagar,nerul_hr,2.5,DOWN,98153,PL127,12.0,Unknown,LOCAL,DAILY,Mumbai CSMT,Panvel,16:18,16:22,16,18,4,juinagar -> nerul_hr,98153,LOCAL,Evening Peak
HR,juinagar,nerul_hr,2.5,DOWN,98155,PL129,12.0,Unknown,LOCAL,DAILY,Mumbai CSMT,Panvel,16:22,16:26,16,22,4,juinagar -> nerul_hr,98155,LOCAL,Evening Peak
HR,juinagar,nerul_hr,2.5,DOWN,98157,PL131,12.0,Unknown,AC,DAILY,Mumbai CSMT,Panvel,16:30,16:34,16,30,4,juinagar -> nerul_hr,98157,AC,Evening Peak
HR,juinagar,nerul_hr,2.5,DOWN,98159,PL133,12.0,Unknown,LOCAL,DAILY,Mumbai CSMT,Panvel,16:38,16:42,16,38,4,juinagar -> nerul_hr,98159,LOCAL,Evening Peak
HR,juinagar,nerul_hr,2.5,DOWN,98161,PLVD27,12.0,Unknown,LOCAL,DAILY,Vadala Road,Panvel,16:44,16:48,16,44,4,juinagar -> nerul_hr,98161,LOCAL,Evening Peak
HR,juinagar,nerul_hr,2.5,DOWN,98163,PL135,12.0,Unknown,LOCAL,DAILY,Mumbai CSMT,Panvel,16:54,16:58,16,54,4,juinagar -> nerul_hr,98163,LOCAL,Evening Peak
HR,juinagar,nerul_hr,2.5,DOWN,98165,PL137,12.0,Unknown,LOCAL,DAILY,Mumbai CSMT,Panvel,17:02,17:06,17,2,4,juinagar -> nerul_hr,98165,LOCAL,Evening Peak
HR,juinagar,nerul_hr,2.5,DOWN,98167,PLVD29,12.0,Unknown,LOCAL,NOT_SUN,Vadala Road,Panvel,17:10,17:14,17,10,4,juinagar -> nerul_hr,98167,LOCAL,Evening Peak
HR,juinagar,nerul_hr,2.5,DOWN,98169,PL139,12.0,Unknown,LOCAL,DAILY,Mumbai CSMT,Panvel,17:17,17:21,17,17,4,juinagar -> nerul_hr,98169,LOCAL,Evening Peak
HR,juinagar,nerul_hr,2.5,DOWN,98347,BR35,12.0,Unknown,LOCAL,NOT_SUN,Mumbai CSMT,Belapur CBD,17:21,17:25,17,21,4,juinagar -> nerul_hr,98347,LOCAL,Evening Peak
HR,juinagar,nerul_hr,2.5,DOWN,98171,PL141,12.0,Unknown,LOCAL,DAILY,Mumbai CSMT,Panvel,17:29,17:33,17,29,4,juinagar -> nerul_hr,98171,LOCAL,Evening Peak
HR,juinagar,nerul_hr,2.5,DOWN,98349,BR37,12.0,Unknown,LOCAL,DAILY,Mumbai CSMT,Belapur CBD,17:33,17:37,17,33,4,juinagar -> nerul_hr,98349,LOCAL,Evening Peak
HR,juinagar,nerul_hr,2.5,DOWN,98173,PLVD31,12.0,Unknown,LOCAL,NOT_SUN,Vadala Road,Panvel,17:37,17:41,17,37,4,juinagar -> nerul_hr,98173,LOCAL,Evening Peak
HR,juinagar,nerul_hr,2.5,DOWN,98175,PL143,12.0,Unknown,LOCAL,DAILY,Mumbai CSMT,Panvel,17:45,17:49,17,45,4,juinagar -> nerul_hr,98175,LOCAL,Evening Peak
HR,juinagar,nerul_hr,2.5,DOWN,98177,PLVD33,12.0,Unknown,LOCAL,DAILY,Vadala Road,Panvel,17:51,17:56,17,51,5,juinagar -> nerul_hr,98177,LOCAL,Evening Peak
HR,juinagar,nerul_hr,2.5,DOWN,98351,BR39,12.0,Unknown,LOCAL,DAILY,Mumbai CSMT,Belapur CBD,17:55,18:00,17,55,5,juinagar -> nerul_hr,98351,LOCAL,Evening Peak
HR,juinagar,nerul_hr,2.5,DOWN,98209,PLVD41,12.0,Unknown,LOCAL,DAILY,Vadala Road,Panvel,20:03,20:07,20,3,4,juinagar -> nerul_hr,98209,LOCAL,Night
HR,juinagar,nerul_hr,2.5,DOWN,98361,BR47,12.0,Unknown,LOCAL,NOT_SUN,Mumbai CSMT,Belapur CBD,20:07,20:11,20,7,4,juinagar -> nerul_hr,98361,LOCAL,Night
HR,juinagar,nerul_hr,2.5,DOWN,98211,PL169,12.0,Unknown,LOCAL,DAILY,Mumbai CSMT,Panvel,20:11,20:15,20,11,4,juinagar -> nerul_hr,98211,LOCAL,Night
HR,juinagar,nerul_hr,2.5,DOWN,98912,GNPL12,12.0,Unknown,LOCAL,DAILY,Goregaon,Panvel,20:20,20:24,20,20,4,juinagar -> nerul_hr,98912,LOCAL,Night
HR,juinagar,nerul_hr,2.5,DOWN,98213,PL171,12.0,Unknown,LOCAL,DAILY,Mumbai CSMT,Panvel,20:28,20:32,20,28,4,juinagar -> nerul_hr,98213,LOCAL,Night
HR,juinagar,nerul_hr,2.5,DOWN,98363,BR49,12.0,Unknown,LOCAL,DAILY,Mumbai CSMT,Belapur CBD,20:31,20:35,20,31,4,juinagar -> nerul_hr,98363,LOCAL,Night
HR,juinagar,nerul_hr,2.5,DOWN,98215,PLVD43,12.0,Unknown,LOCAL,DAILY,Vadala Road,Panvel,20:35,20:39,20,35,4,juinagar -> nerul_hr,98215,LOCAL,Night
HR,juinagar,nerul_hr,2.5,DOWN,98217,PL173,12.0,Unknown,LOCAL,DAILY,Mumbai CSMT,Panvel,20:43,20:48,20,43,5,juinagar -> nerul_hr,98217,LOCAL,Night
HR,juinagar,nerul_hr,2.5,DOWN,98365,BR51,12.0,Unknown,LOCAL,NOT_SUN,Mumbai CSMT,Belapur CBD,20:47,20:51,20,47,4,juinagar -> nerul_hr,98365,LOCAL,Night
HR,juinagar,nerul_hr,2.5,DOWN,98219,PLVD45,12.0,Unknown,LOCAL,NOT_SUN,Vadala Road,Panvel,20:51,20:55,20,51,4,juinagar -> nerul_hr,98219,LOCAL,Night
HR,juinagar,nerul_hr,2.5,DOWN,98221,PL175,12.0,Unknown,AC,DAILY,Mumbai CSMT,Panvel,20:55,20:59,20,55,4,juinagar -> nerul_hr,98221,AC,Night
HR,juinagar,nerul_hr,2.5,DOWN,98914,GNPL14,12.0,Unknown,LOCAL,DAILY,Goregaon,Panvel,21:03,21:07,21,3,4,juinagar -> nerul_hr,98914,LOCAL,Night
HR,juinagar,nerul_hr,2.5,DOWN,98223,PL177,12.0,Unknown,LOCAL,DAILY,Mumbai CSMT,Panvel,21:11,21:15,21,11,4,juinagar -> nerul_hr,98223,LOCAL,Night
HR,juinagar,nerul_hr,2.5,DOWN,98367,BR53,12.0,Unknown,LOCAL,DAILY,Mumbai CSMT,Belapur CBD,21:23,21:27,21,23,4,juinagar -> nerul_hr,98367,LOCAL,Night
HR,juinagar,nerul_hr,2.5,DOWN,98225,PL179,12.0,Unknown,LOCAL,DAILY,Mumbai CSMT,Panvel,21:27,21:31,21,27,4,juinagar -> nerul_hr,98225,LOCAL,Night
HR,juinagar,nerul_hr,2.5,DOWN,98227,PLVD47,12.0,Unknown,LOCAL,NOT_SUN,Vadala Road,Panvel,21:31,21:35,21,31,4,juinagar -> nerul_hr,98227,LOCAL,Night
HR,juinagar,nerul_hr,2.5,DOWN,98916,GNPL16,12.0,Unknown,LOCAL,DAILY,Goregaon,Panvel,21:39,21:43,21,39,4,juinagar -> nerul_hr,98916,LOCAL,Night
HR,juinagar,nerul_hr,2.5,DOWN,98229,PL181,12.0,Unknown,LOCAL,DAILY,Mumbai CSMT,Panvel,21:43,21:47,21,43,4,juinagar -> nerul_hr,98229,LOCAL,Night
HR,juinagar,nerul_hr,2.5,DOWN,98231,PLVD49,12.0,Unknown,LOCAL,DAILY,Vadala Road,Panvel,21:47,21:51,21,47,4,juinagar -> nerul_hr,98231,LOCAL,Night
HR,juinagar,nerul_hr,2.5,DOWN,98233,PL183,12.0,Unknown,LOCAL,DAILY,Mumbai CSMT,Panvel,21:56,22:00,21,56,4,juinagar -> nerul_hr,98233,LOCAL,Night
HR,nerul_hr,seawoods_hr,1.4,DOWN,99073,TPL73,12.0,Unknown,LOCAL,DAILY,Masjid,Panvel,00:01,00:05,0,1,4,nerul_hr -> seawoods_hr,99073,LOCAL,Late Night
HR,nerul_hr,seawoods_hr,1.4,DOWN,98255,PL203,12.0,Unknown,LOCAL,DAILY,Mumbai CSMT,Panvel,00:12,00:15,0,12,3,nerul_hr -> seawoods_hr,98255,LOCAL,Late Night
HR,nerul_hr,seawoods_hr,1.4,DOWN,98257,PL205,12.0,Unknown,LOCAL,DAILY,Mumbai CSMT,Panvel,00:28,00:31,0,28,3,nerul_hr -> seawoods_hr,98257,LOCAL,Late Night
HR,nerul_hr,seawoods_hr,1.4,DOWN,99001,TPL1,12.0,Unknown,LOCAL,DAILY,Masjid,Panvel,00:34,00:38,0,34,4,nerul_hr -> seawoods_hr,99001,LOCAL,Late Night
HR,nerul_hr,seawoods_hr,1.4,DOWN,98003,PL3,12.0,Unknown,LOCAL,DAILY,Mumbai CSMT,Panvel,00:40,00:43,0,40,3,nerul_hr -> seawoods_hr,98003,LOCAL,Late Night
HR,nerul_hr,seawoods_hr,1.4,DOWN,98259,PL207,12.0,Unknown,LOCAL,DAILY,Mumbai CSMT,Panvel,00:50,00:53,0,50,3,nerul_hr -> seawoods_hr,98259,LOCAL,Late Night
HR,nerul_hr,seawoods_hr,1.4,DOWN,98301,BR1,12.0,Unknown,LOCAL,DAILY,Mumbai CSMT,Belapur CBD,01:03,01:06,1,3,3,nerul_hr -> seawoods_hr,98301,LOCAL,Late Night
HR,nerul_hr,seawoods_hr,1.4,DOWN,98001,PL1,12.0,Unknown,LOCAL,DAILY,Mumbai CSMT,Panvel,01:11,01:14,1,11,3,nerul_hr -> seawoods_hr,98001,LOCAL,Late Night
HR,nerul_hr,seawoods_hr,1.4,DOWN,98303,BRVD1,12.0,Unknown,LOCAL,DAILY,Vadala Road,Belapur CBD,01:31,01:34,1,31,3,nerul_hr -> seawoods_hr,98303,LOCAL,Late Night
HR,nerul_hr,seawoods_hr,1.4,DOWN,98005,PL5,12.0,Unknown,LOCAL,DAILY,Mumbai CSMT,Panvel,01:38,01:41,1,38,3,nerul_hr -> seawoods_hr,98005,LOCAL,Late Night
HR,nerul_hr,seawoods_hr,1.4,DOWN,98007,PL7,12.0,Unknown,LOCAL,DAILY,Mumbai CSMT,Panvel,05:30,05:33,5,30,3,nerul_hr -> seawoods_hr,98007,LOCAL,Morning Peak
HR,nerul_hr,seawoods_hr,1.4,DOWN,99003,TPL3,12.0,Unknown,LOCAL,DAILY,Masjid,Panvel,05:41,05:45,5,41,4,nerul_hr -> seawoods_hr,99003,LOCAL,Morning Peak
HR,nerul_hr,seawoods_hr,1.4,DOWN,98009,PLVD1,12.0,Unknown,AC,NOT_SUN,Vadala Road,Panvel,05:46,05:49,5,46,3,nerul_hr -> seawoods_hr,98009,AC,Morning Peak
HR,nerul_hr,seawoods_hr,1.4,DOWN,98011,PL9,12.0,Unknown,LOCAL,DAILY,Mumbai CSMT,Panvel,05:50,05:53,5,50,3,nerul_hr -> seawoods_hr,98011,LOCAL,Morning Peak
HR,nerul_hr,seawoods_hr,1.4,DOWN,98043,PL37,12.0,Unknown,LOCAL,DAILY,Mumbai CSMT,Panvel,08:07,08:10,8,7,3,nerul_hr -> seawoods_hr,98043,LOCAL,Morning Peak
HR,nerul_hr,seawoods_hr,1.4,DOWN,98045,PL39,12.0,Unknown,AC,DAILY,Mumbai CSMT,Panvel,08:15,08:18,8,15,3,nerul_hr -> seawoods_hr,98045,AC,Morning Peak
HR,nerul_hr,seawoods_hr,1.4,DOWN,98047,PLVD7,12.0,Unknown,LOCAL,NOT_SUN,Vadala Road,Panvel,08:19,08:22,8,19,3,nerul_hr -> seawoods_hr,98047,LOCAL,Morning Peak
HR,nerul_hr,seawoods_hr,1.4,DOWN,98049,PL41,12.0,Unknown,LOCAL,DAILY,Mumbai CSMT,Panvel,08:24,08:27,8,24,3,nerul_hr -> seawoods_hr,98049,LOCAL,Morning Peak
HR,nerul_hr,seawoods_hr,1.4,DOWN,98309,BR7,12.0,Unknown,LOCAL,NOT_SUN,Mumbai CSMT,Belapur CBD,08:28,08:31,8,28,3,nerul_hr -> seawoods_hr,98309,LOCAL,Morning Peak
HR,nerul_hr,seawoods_hr,1.4,DOWN,99009,TPL9,12.0,Unknown,LOCAL,DAILY,Masjid,Panvel,08:33,08:37,8,33,4,nerul_hr -> seawoods_hr,99009,LOCAL,Morning Peak
HR,nerul_hr,seawoods_hr,1.4,DOWN,98051,PL43,12.0,Unknown,AC,DAILY,Mumbai CSMT,Panvel,08:38,08:41,8,38,3,nerul_hr -> seawoods_hr,98051,AC,Morning Peak
HR,nerul_hr,seawoods_hr,1.4,DOWN,98311,BR9,12.0,Unknown,LOCAL,DAILY,Mumbai CSMT,Belapur CBD,08:46,08:49,8,46,3,nerul_hr -> seawoods_hr,98311,LOCAL,Morning Peak
HR,nerul_hr,seawoods_hr,1.4,DOWN,98902,GNPL2,12.0,Unknown,LOCAL,DAILY,Goregaon,Panvel,08:50,08:53,8,50,3,nerul_hr -> seawoods_hr,98902,LOCAL,Morning Peak
HR,nerul_hr,seawoods_hr,1.4,DOWN,98053,PL45,12.0,Unknown,LOCAL,DAILY,Mumbai CSMT,Panvel,08:54,08:57,8,54,3,nerul_hr -> seawoods_hr,98053,LOCAL,Morning Peak
HR,nerul_hr,seawoods_hr,1.4,DOWN,98055,PL47,12.0,Unknown,LOCAL,NOT_SUN,Mumbai CSMT,Panvel,08:58,09:01,8,58,3,nerul_hr -> seawoods_hr,98055,LOCAL,Morning Peak
HR,nerul_hr,seawoods_hr,1.4,DOWN,98313,BRVD3,12.0,Unknown,LOCAL,NOT_SUN,Vadala Road,Belapur CBD,09:03,09:06,9,3,3,nerul_hr -> seawoods_hr,98313,LOCAL,Late Morning
HR,nerul_hr,seawoods_hr,1.4,DOWN,98057,PL49,12.0,Unknown,LOCAL,DAILY,Mumbai CSMT,Panvel,09:07,09:10,9,7,3,nerul_hr -> seawoods_hr,98057,LOCAL,Late Morning
HR,nerul_hr,seawoods_hr,1.4,DOWN,99011,TPL11,12.0,Unknown,LOCAL,DAILY,Masjid,Panvel,09:10,09:14,9,10,4,nerul_hr -> seawoods_hr,99011,LOCAL,Late Morning
HR,nerul_hr,seawoods_hr,1.4,DOWN,98059,PLVD9,12.0,Unknown,LOCAL,NOT_SUN,Vadala Road,Panvel,09:14,09:18,9,14,4,nerul_hr -> seawoods_hr,98059,LOCAL,Late Morning
HR,nerul_hr,seawoods_hr,1.4,DOWN,98315,BR11,12.0,Unknown,LOCAL,DAILY,Mumbai CSMT,Belapur CBD,09:18,09:22,9,18,4,nerul_hr -> seawoods_hr,98315,LOCAL,Late Morning
HR,nerul_hr,seawoods_hr,1.4,DOWN,98061,PL51,12.0,Unknown,LOCAL,DAILY,Mumbai CSMT,Panvel,09:22,09:26,9,22,4,nerul_hr -> seawoods_hr,98061,LOCAL,Late Morning
HR,nerul_hr,seawoods_hr,1.4,DOWN,98063,PL53,12.0,Unknown,LOCAL,DAILY,Mumbai CSMT,Panvel,09:32,09:35,9,32,3,nerul_hr -> seawoods_hr,98063,LOCAL,Late Morning
HR,nerul_hr,seawoods_hr,1.4,DOWN,99013,TPL13,12.0,Unknown,LOCAL,DAILY,Masjid,Panvel,09:43,09:47,9,43,4,nerul_hr -> seawoods_hr,99013,LOCAL,Late Morning
HR,nerul_hr,seawoods_hr,1.4,DOWN,98065,PLVD11,12.0,Unknown,LOCAL,DAILY,Vadala Road,Panvel,09:48,09:51,9,48,3,nerul_hr -> seawoods_hr,98065,LOCAL,Late Morning
HR,nerul_hr,seawoods_hr,1.4,DOWN,98067,PL55,12.0,Unknown,LOCAL,DAILY,Mumbai CSMT,Panvel,09:52,09:55,9,52,3,nerul_hr -> seawoods_hr,98067,LOCAL,Late Morning
HR,nerul_hr,seawoods_hr,1.4,DOWN,98317,BR13,12.0,Unknown,LOCAL,DAILY,Mumbai CSMT,Belapur CBD,09:56,09:59,9,56,3,nerul_hr -> seawoods_hr,98317,LOCAL,Late Morning
HR,nerul_hr,seawoods_hr,1.4,DOWN,98904,GNPL4,12.0,Unknown,LOCAL,DAILY,Goregaon,Panvel,10:00,10:03,10,0,3,nerul_hr -> seawoods_hr,98904,LOCAL,Late Morning
HR,nerul_hr,seawoods_hr,1.4,DOWN,98095,PL79,12.0,Unknown,LOCAL,DAILY,Mumbai CSMT,Panvel,12:02,12:05,12,2,3,nerul_hr -> seawoods_hr,98095,LOCAL,Afternoon
HR,nerul_hr,seawoods_hr,1.4,DOWN,98331,BRVD9,12.0,Unknown,LOCAL,DAILY,Vadala Road,Belapur CBD,12:10,12:13,12,10,3,nerul_hr -> seawoods_hr,98331,LOCAL,Afternoon
HR,nerul_hr,seawoods_hr,1.4,DOWN,98097,PL81,12.0,Unknown,LOCAL,DAILY,Mumbai CSMT,Panvel,12:14,12:17,12,14,3,nerul_hr -> seawoods_hr,98097,LOCAL,Afternoon
HR,nerul_hr,seawoods_hr,1.4,DOWN,98099,PL83,12.0,Unknown,LOCAL,DAILY,Mumbai CSMT,Panvel,12:26,12:29,12,26,3,nerul_hr -> seawoods_hr,98099,LOCAL,Afternoon
HR,nerul_hr,seawoods_hr,1.4,DOWN,98333,BR23,12.0,Unknown,LOCAL,DAILY,Mumbai CSMT,Belapur CBD,12:30,12:33,12,30,3,nerul_hr -> seawoods_hr,98333,LOCAL,Afternoon
HR,nerul_hr,seawoods_hr,1.4,DOWN,99023,TPL23,12.0,Unknown,LOCAL,DAILY,Masjid,Panvel,12:33,12:37,12,33,4,nerul_hr -> seawoods_hr,99023,LOCAL,Afternoon
HR,nerul_hr,seawoods_hr,1.4,DOWN,98101,PL85,12.0,Unknown,LOCAL,DAILY,Mumbai CSMT,Panvel,12:39,12:42,12,39,3,nerul_hr -> seawoods_hr,98101,LOCAL,Afternoon
HR,nerul_hr,seawoods_hr,1.4,DOWN,98103,PL87,12.0,Unknown,LOCAL,DAILY,Mumbai CSMT,Panvel,12:51,12:54,12,51,3,nerul_hr -> seawoods_hr,98103,LOCAL,Afternoon
HR,nerul_hr,seawoods_hr,1.4,DOWN,98105,PL89,12.0,Unknown,LOCAL,NOT_SUN,Mumbai CSMT,Panvel,12:55,12:58,12,55,3,nerul_hr -> seawoods_hr,98105,LOCAL,Afternoon
HR,nerul_hr,seawoods_hr,1.4,DOWN,98107,PLVD17,12.0,Unknown,LOCAL,NOT_SUN,Vadala Road,Panvel,12:58,13:01,12,58,3,nerul_hr -> seawoods_hr,98107,LOCAL,Afternoon
HR,nerul_hr,seawoods_hr,1.4,DOWN,98109,PL91,12.0,Unknown,LOCAL,DAILY,Mumbai CSMT,Panvel,13:07,13:10,13,7,3,nerul_hr -> seawoods_hr,98109,LOCAL,Afternoon
HR,nerul_hr,seawoods_hr,1.4,DOWN,98111,PL93,12.0,Unknown,LOCAL,NOT_SUN,Mumbai CSMT,Panvel,13:15,13:18,13,15,3,nerul_hr -> seawoods_hr,98111,LOCAL,Afternoon
HR,nerul_hr,seawoods_hr,1.4,DOWN,99025,TPL25,12.0,Unknown,LOCAL,DAILY,Masjid,Panvel,13:19,13:23,13,19,4,nerul_hr -> seawoods_hr,99025,LOCAL,Afternoon
HR,nerul_hr,seawoods_hr,1.4,DOWN,98335,BR25,12.0,Unknown,LOCAL,DAILY,Mumbai CSMT,Belapur CBD,13:24,13:27,13,24,3,nerul_hr -> seawoods_hr,98335,LOCAL,Afternoon
HR,nerul_hr,seawoods_hr,1.4,DOWN,98113,PL95,12.0,Unknown,LOCAL,DAILY,Mumbai CSMT,Panvel,13:28,13:31,13,28,3,nerul_hr -> seawoods_hr,98113,LOCAL,Afternoon
HR,nerul_hr,seawoods_hr,1.4,DOWN,98115,PLVD19,12.0,Unknown,LOCAL,DAILY,Vadala Road,Panvel,13:32,13:35,13,32,3,nerul_hr -> seawoods_hr,98115,LOCAL,Afternoon
HR,nerul_hr,seawoods_hr,1.4,DOWN,98337,BR27,12.0,Unknown,LOCAL,DAILY,Mumbai CSMT,Belapur CBD,13:38,13:41,13,38,3,nerul_hr -> seawoods_hr,98337,LOCAL,Afternoon
HR,nerul_hr,seawoods_hr,1.4,DOWN,98908,GNPL8,12.0,Unknown,LOCAL,DAILY,Goregaon,Panvel,13:42,13:45,13,42,3,nerul_hr -> seawoods_hr,98908,LOCAL,Afternoon
HR,nerul_hr,seawoods_hr,1.4,DOWN,98117,PL97,12.0,Unknown,LOCAL,DAILY,Mumbai CSMT,Panvel,13:50,13:53,13,50,3,nerul_hr -> seawoods_hr,98117,LOCAL,Afternoon
HR,nerul_hr,seawoods_hr,1.4,DOWN,99027,TPL27,12.0,Unknown,LOCAL,DAILY,Masjid,Panvel,13:53,13:57,13,53,4,nerul_hr -> seawoods_hr,99027,LOCAL,Afternoon
HR,nerul_hr,seawoods_hr,1.4,DOWN,98119,PLVD21,12.0,Unknown,AC,DAILY,Vadala Road,Panvel,13:57,14:01,13,57,4,nerul_hr -> seawoods_hr,98119,AC,Afternoon
HR,nerul_hr,seawoods_hr,1.4,DOWN,98147,PLVD25,12.0,Unknown,LOCAL,DAILY,Vadala Road,Panvel,16:02,16:05,16,2,3,nerul_hr -> seawoods_hr,98147,LOCAL,Evening Peak
HR,nerul_hr,seawoods_hr,1.4,DOWN,98149,PL123,12.0,Unknown,LOCAL,DAILY,Mumbai CSMT,Panvel,16:06,16:09,16,6,3,nerul_hr -> seawoods_hr,98149,LOCAL,Evening Peak
HR,nerul_hr,seawoods_hr,1.4,DOWN,98345,BR33,12.0,Unknown,LOCAL,DAILY,Mumbai CSMT,Belapur CBD,16:10,16:13,16,10,3,nerul_hr -> seawoods_hr,98345,LOCAL,Evening Peak
HR,nerul_hr,seawoods_hr,1.4,DOWN,98151,PL125,12.0,Unknown,LOCAL,DAILY,Mumbai CSMT,Panvel,16:14,16:17,16,14,3,nerul_hr -> seawoods_hr,98151,LOCAL,Evening Peak
HR,nerul_hr,seawoods_hr,1.4,DOWN,98153,PL127,12.0,Unknown,LOCAL,DAILY,Mumbai CSMT,Panvel,16:22,16:25,16,22,3,nerul_hr -> seawoods_hr,98153,LOCAL,Evening Peak
HR,nerul_hr,seawoods_hr,1.4,DOWN,98155,PL129,12.0,Unknown,LOCAL,DAILY,Mumbai CSMT,Panvel,16:26,16:29,16,26,3,nerul_hr -> seawoods_hr,98155,LOCAL,Evening Peak
HR,nerul_hr,seawoods_hr,1.4,DOWN,99037,TPL37,12.0,Unknown,LOCAL,DAILY,Masjid,Panvel,16:29,16:33,16,29,4,nerul_hr -> seawoods_hr,99037,LOCAL,Evening Peak
HR,nerul_hr,seawoods_hr,1.4,DOWN,98157,PL131,12.0,Unknown,AC,DAILY,Mumbai CSMT,Panvel,16:34,16:37,16,34,3,nerul_hr -> seawoods_hr,98157,AC,Evening Peak
HR,nerul_hr,seawoods_hr,1.4,DOWN,98159,PL133,12.0,Unknown,LOCAL,DAILY,Mumbai CSMT,Panvel,16:42,16:45,16,42,3,nerul_hr -> seawoods_hr,98159,LOCAL,Evening Peak
HR,nerul_hr,seawoods_hr,1.4,DOWN,98161,PLVD27,12.0,Unknown,LOCAL,DAILY,Vadala Road,Panvel,16:48,16:51,16,48,3,nerul_hr -> seawoods_hr,98161,LOCAL,Evening Peak
HR,nerul_hr,seawoods_hr,1.4,DOWN,99039,TPL39,12.0,Unknown,LOCAL,DAILY,Masjid,Panvel,16:53,16:57,16,53,4,nerul_hr -> seawoods_hr,99039,LOCAL,Evening Peak
HR,nerul_hr,seawoods_hr,1.4,DOWN,98163,PL135,12.0,Unknown,LOCAL,DAILY,Mumbai CSMT,Panvel,16:58,17:01,16,58,3,nerul_hr -> seawoods_hr,98163,LOCAL,Evening Peak
HR,nerul_hr,seawoods_hr,1.4,DOWN,98165,PL137,12.0,Unknown,LOCAL,DAILY,Mumbai CSMT,Panvel,17:06,17:09,17,6,3,nerul_hr -> seawoods_hr,98165,LOCAL,Evening Peak
HR,nerul_hr,seawoods_hr,1.4,DOWN,98167,PLVD29,12.0,Unknown,LOCAL,NOT_SUN,Vadala Road,Panvel,17:14,17:17,17,14,3,nerul_hr -> seawoods_hr,98167,LOCAL,Evening Peak
HR,nerul_hr,seawoods_hr,1.4,DOWN,99041,TPL41,12.0,Unknown,LOCAL,DAILY,Masjid,Panvel,17:17,17:21,17,17,4,nerul_hr -> seawoods_hr,99041,LOCAL,Evening Peak
HR,nerul_hr,seawoods_hr,1.4,DOWN,98169,PL139,12.0,Unknown,LOCAL,DAILY,Mumbai CSMT,Panvel,17:21,17:25,17,21,4,nerul_hr -> seawoods_hr,98169,LOCAL,Evening Peak
HR,nerul_hr,seawoods_hr,1.4,DOWN,98347,BR35,12.0,Unknown,LOCAL,NOT_SUN,Mumbai CSMT,Belapur CBD,17:25,17:28,17,25,3,nerul_hr -> seawoods_hr,98347,LOCAL,Evening Peak
HR,nerul_hr,seawoods_hr,1.4,DOWN,98171,PL141,12.0,Unknown,LOCAL,DAILY,Mumbai CSMT,Panvel,17:33,17:36,17,33,3,nerul_hr -> seawoods_hr,98171,LOCAL,Evening Peak
HR,nerul_hr,seawoods_hr,1.4,DOWN,98349,BR37,12.0,Unknown,LOCAL,DAILY,Mumbai CSMT,Belapur CBD,17:37,17:40,17,37,3,nerul_hr -> seawoods_hr,98349,LOCAL,Evening Peak
HR,nerul_hr,seawoods_hr,1.4,DOWN,98173,PLVD31,12.0,Unknown,LOCAL,NOT_SUN,Vadala Road,Panvel,17:41,17:44,17,41,3,nerul_hr -> seawoods_hr,98173,LOCAL,Evening Peak
HR,nerul_hr,seawoods_hr,1.4,DOWN,98175,PL143,12.0,Unknown,LOCAL,DAILY,Mumbai CSMT,Panvel,17:49,17:52,17,49,3,nerul_hr -> seawoods_hr,98175,LOCAL,Evening Peak
HR,nerul_hr,seawoods_hr,1.4,DOWN,99043,TPL43,12.0,Unknown,LOCAL,DAILY,Masjid,Panvel,17:52,17:56,17,52,4,nerul_hr -> seawoods_hr,99043,LOCAL,Evening Peak
HR,nerul_hr,seawoods_hr,1.4,DOWN,98177,PLVD33,12.0,Unknown,LOCAL,DAILY,Vadala Road,Panvel,17:56,18:00,17,56,4,nerul_hr -> seawoods_hr,98177,LOCAL,Evening Peak
HR,nerul_hr,seawoods_hr,1.4,DOWN,98351,BR39,12.0,Unknown,LOCAL,DAILY,Mumbai CSMT,Belapur CBD,18:00,18:04,18,0,4,nerul_hr -> seawoods_hr,98351,LOCAL,Evening Peak
HR,nerul_hr,seawoods_hr,1.4,DOWN,98207,PL167,12.0,Unknown,LOCAL,DAILY,Mumbai CSMT,Panvel,20:03,20:06,20,3,3,nerul_hr -> seawoods_hr,98207,LOCAL,Night
HR,nerul_hr,seawoods_hr,1.4,DOWN,98209,PLVD41,12.0,Unknown,LOCAL,DAILY,Vadala Road,Panvel,20:07,20:10,20,7,3,nerul_hr -> seawoods_hr,98209,LOCAL,Night
HR,nerul_hr,seawoods_hr,1.4,DOWN,98361,BR47,12.0,Unknown,LOCAL,NOT_SUN,Mumbai CSMT,Belapur CBD,20:11,20:14,20,11,3,nerul_hr -> seawoods_hr,98361,LOCAL,Night
HR,nerul_hr,seawoods_hr,1.4,DOWN,98211,PL169,12.0,Unknown,LOCAL,DAILY,Mumbai CSMT,Panvel,20:15,20:18,20,15,3,nerul_hr -> seawoods_hr,98211,LOCAL,Night
HR,nerul_hr,seawoods_hr,1.4,DOWN,99053,TPL53,12.0,Unknown,LOCAL,NOT_SUN,Masjid,Panvel,20:18,20:22,20,18,4,nerul_hr -> seawoods_hr,99053,LOCAL,Night
HR,nerul_hr,seawoods_hr,1.4,DOWN,98912,GNPL12,12.0,Unknown,LOCAL,DAILY,Goregaon,Panvel,20:24,20:27,20,24,3,nerul_hr -> seawoods_hr,98912,LOCAL,Night
HR,nerul_hr,seawoods_hr,1.4,DOWN,99055,TPL55,12.0,Unknown,LOCAL,DAILY,Masjid,Panvel,20:28,20:32,20,28,4,nerul_hr -> seawoods_hr,99055,LOCAL,Night
HR,nerul_hr,seawoods_hr,1.4,DOWN,98213,PL171,12.0,Unknown,LOCAL,DAILY,Mumbai CSMT,Panvel,20:32,20:36,20,32,4,nerul_hr -> seawoods_hr,98213,LOCAL,Night
HR,nerul_hr,seawoods_hr,1.4,DOWN,98363,BR49,12.0,Unknown,LOCAL,DAILY,Mumbai CSMT,Belapur CBD,20:35,20:39,20,35,4,nerul_hr -> seawoods_hr,98363,LOCAL,Night
HR,nerul_hr,seawoods_hr,1.4,DOWN,98215,PLVD43,12.0,Unknown,LOCAL,DAILY,Vadala Road,Panvel,20:39,20:42,20,39,3,nerul_hr -> seawoods_hr,98215,LOCAL,Night
HR,nerul_hr,seawoods_hr,1.4,DOWN,99057,TPL57,12.0,Unknown,LOCAL,DAILY,Masjid,Panvel,20:44,20:48,20,44,4,nerul_hr -> seawoods_hr,99057,LOCAL,Night
HR,nerul_hr,seawoods_hr,1.4,DOWN,98217,PL173,12.0,Unknown,LOCAL,DAILY,Mumbai CSMT,Panvel,20:48,20:52,20,48,4,nerul_hr -> seawoods_hr,98217,LOCAL,Night
HR,nerul_hr,seawoods_hr,1.4,DOWN,98365,BR51,12.0,Unknown,LOCAL,NOT_SUN,Mumbai CSMT,Belapur CBD,20:51,20:55,20,51,4,nerul_hr -> seawoods_hr,98365,LOCAL,Night
HR,nerul_hr,seawoods_hr,1.4,DOWN,98219,PLVD45,12.0,Unknown,LOCAL,NOT_SUN,Vadala Road,Panvel,20:55,20:58,20,55,3,nerul_hr -> seawoods_hr,98219,LOCAL,Night
HR,nerul_hr,seawoods_hr,1.4,DOWN,98221,PL175,12.0,Unknown,AC,DAILY,Mumbai CSMT,Panvel,20:59,21:02,20,59,3,nerul_hr -> seawoods_hr,98221,AC,Night
HR,nerul_hr,seawoods_hr,1.4,DOWN,98914,GNPL14,12.0,Unknown,LOCAL,DAILY,Goregaon,Panvel,21:07,21:10,21,7,3,nerul_hr -> seawoods_hr,98914,LOCAL,Night
HR,nerul_hr,seawoods_hr,1.4,DOWN,98223,PL177,12.0,Unknown,LOCAL,DAILY,Mumbai CSMT,Panvel,21:15,21:18,21,15,3,nerul_hr -> seawoods_hr,98223,LOCAL,Night
HR,nerul_hr,seawoods_hr,1.4,DOWN,99059,TPL59,12.0,Unknown,LOCAL,DAILY,Masjid,Panvel,21:19,21:23,21,19,4,nerul_hr -> seawoods_hr,99059,LOCAL,Night
HR,nerul_hr,seawoods_hr,1.4,DOWN,98367,BR53,12.0,Unknown,LOCAL,DAILY,Mumbai CSMT,Belapur CBD,21:27,21:30,21,27,3,nerul_hr -> seawoods_hr,98367,LOCAL,Night
HR,nerul_hr,seawoods_hr,1.4,DOWN,98225,PL179,12.0,Unknown,LOCAL,DAILY,Mumbai CSMT,Panvel,21:31,21:34,21,31,3,nerul_hr -> seawoods_hr,98225,LOCAL,Night
HR,nerul_hr,seawoods_hr,1.4,DOWN,98227,PLVD47,12.0,Unknown,LOCAL,NOT_SUN,Vadala Road,Panvel,21:35,21:38,21,35,3,nerul_hr -> seawoods_hr,98227,LOCAL,Night
HR,nerul_hr,seawoods_hr,1.4,DOWN,99061,TPL61,12.0,Unknown,LOCAL,DAILY,Masjid,Panvel,21:40,21:43,21,40,3,nerul_hr -> seawoods_hr,99061,LOCAL,Night
HR,nerul_hr,seawoods_hr,1.4,DOWN,98916,GNPL16,12.0,Unknown,LOCAL,DAILY,Goregaon,Panvel,21:43,21:46,21,43,3,nerul_hr -> seawoods_hr,98916,LOCAL,Night
HR,nerul_hr,seawoods_hr,1.4,DOWN,98229,PL181,12.0,Unknown,LOCAL,DAILY,Mumbai CSMT,Panvel,21:47,21:50,21,47,3,nerul_hr -> seawoods_hr,98229,LOCAL,Night
HR,nerul_hr,seawoods_hr,1.4,DOWN,98231,PLVD49,12.0,Unknown,LOCAL,DAILY,Vadala Road,Panvel,21:51,21:54,21,51,3,nerul_hr -> seawoods_hr,98231,LOCAL,Night
HR,nerul_hr,seawoods_hr,1.4,DOWN,98233,PL183,12.0,Unknown,LOCAL,DAILY,Mumbai CSMT,Panvel,22:00,22:03,22,0,3,nerul_hr -> seawoods_hr,98233,LOCAL,Night
HR,seawoods_hr,belapur_hr,2.4,DOWN,99073,TPL73,12.0,Unknown,LOCAL,DAILY,Masjid,Panvel,00:05,00:09,0,5,4,seawoods_hr -> belapur_hr,99073,LOCAL,Late Night
HR,seawoods_hr,belapur_hr,2.4,DOWN,98255,PL203,12.0,Unknown,LOCAL,DAILY,Mumbai CSMT,Panvel,00:15,00:19,0,15,4,seawoods_hr -> belapur_hr,98255,LOCAL,Late Night
HR,seawoods_hr,belapur_hr,2.4,DOWN,98257,PL205,12.0,Unknown,LOCAL,DAILY,Mumbai CSMT,Panvel,00:31,00:35,0,31,4,seawoods_hr -> belapur_hr,98257,LOCAL,Late Night
HR,seawoods_hr,belapur_hr,2.4,DOWN,99001,TPL1,12.0,Unknown,LOCAL,DAILY,Masjid,Panvel,00:38,00:42,0,38,4,seawoods_hr -> belapur_hr,99001,LOCAL,Late Night
HR,seawoods_hr,belapur_hr,2.4,DOWN,98003,PL3,12.0,Unknown,LOCAL,DAILY,Mumbai CSMT,Panvel,00:43,00:47,0,43,4,seawoods_hr -> belapur_hr,98003,LOCAL,Late Night
HR,seawoods_hr,belapur_hr,2.4,DOWN,98259,PL207,12.0,Unknown,LOCAL,DAILY,Mumbai CSMT,Panvel,00:53,00:57,0,53,4,seawoods_hr -> belapur_hr,98259,LOCAL,Late Night
HR,seawoods_hr,belapur_hr,2.4,DOWN,98301,BR1,12.0,Unknown,LOCAL,DAILY,Mumbai CSMT,Belapur CBD,01:06,01:10,1,6,4,seawoods_hr -> belapur_hr,98301,LOCAL,Late Night
HR,seawoods_hr,belapur_hr,2.4,DOWN,98001,PL1,12.0,Unknown,LOCAL,DAILY,Mumbai CSMT,Panvel,01:14,01:18,1,14,4,seawoods_hr -> belapur_hr,98001,LOCAL,Late Night
HR,seawoods_hr,belapur_hr,2.4,DOWN,98303,BRVD1,12.0,Unknown,LOCAL,DAILY,Vadala Road,Belapur CBD,01:34,01:38,1,34,4,seawoods_hr -> belapur_hr,98303,LOCAL,Late Night
HR,seawoods_hr,belapur_hr,2.4,DOWN,98005,PL5,12.0,Unknown,LOCAL,DAILY,Mumbai CSMT,Panvel,01:41,01:45,1,41,4,seawoods_hr -> belapur_hr,98005,LOCAL,Late Night
HR,seawoods_hr,belapur_hr,2.4,DOWN,98007,PL7,12.0,Unknown,LOCAL,DAILY,Mumbai CSMT,Panvel,05:33,05:37,5,33,4,seawoods_hr -> belapur_hr,98007,LOCAL,Morning Peak
HR,seawoods_hr,belapur_hr,2.4,DOWN,99003,TPL3,12.0,Unknown,LOCAL,DAILY,Masjid,Panvel,05:45,05:49,5,45,4,seawoods_hr -> belapur_hr,99003,LOCAL,Morning Peak
HR,seawoods_hr,belapur_hr,2.4,DOWN,98009,PLVD1,12.0,Unknown,AC,NOT_SUN,Vadala Road,Panvel,05:49,05:53,5,49,4,seawoods_hr -> belapur_hr,98009,AC,Morning Peak
HR,seawoods_hr,belapur_hr,2.4,DOWN,98011,PL9,12.0,Unknown,LOCAL,DAILY,Mumbai CSMT,Panvel,05:53,05:57,5,53,4,seawoods_hr -> belapur_hr,98011,LOCAL,Morning Peak
HR,seawoods_hr,belapur_hr,2.4,DOWN,98041,PL35,12.0,Unknown,LOCAL,DAILY,Mumbai CSMT,Panvel,08:00,08:04,8,0,4,seawoods_hr -> belapur_hr,98041,LOCAL,Morning Peak
HR,seawoods_hr,belapur_hr,2.4,DOWN,98043,PL37,12.0,Unknown,LOCAL,DAILY,Mumbai CSMT,Panvel,08:10,08:14,8,10,4,seawoods_hr -> belapur_hr,98043,LOCAL,Morning Peak
HR,seawoods_hr,belapur_hr,2.4,DOWN,98045,PL39,12.0,Unknown,AC,DAILY,Mumbai CSMT,Panvel,08:18,08:22,8,18,4,seawoods_hr -> belapur_hr,98045,AC,Morning Peak
HR,seawoods_hr,belapur_hr,2.4,DOWN,98047,PLVD7,12.0,Unknown,LOCAL,NOT_SUN,Vadala Road,Panvel,08:22,08:26,8,22,4,seawoods_hr -> belapur_hr,98047,LOCAL,Morning Peak
HR,seawoods_hr,belapur_hr,2.4,DOWN,98049,PL41,12.0,Unknown,LOCAL,DAILY,Mumbai CSMT,Panvel,08:27,08:31,8,27,4,seawoods_hr -> belapur_hr,98049,LOCAL,Morning Peak
HR,seawoods_hr,belapur_hr,2.4,DOWN,98309,BR7,12.0,Unknown,LOCAL,NOT_SUN,Mumbai CSMT,Belapur CBD,08:31,08:35,8,31,4,seawoods_hr -> belapur_hr,98309,LOCAL,Morning Peak
HR,seawoods_hr,belapur_hr,2.4,DOWN,99009,TPL9,12.0,Unknown,LOCAL,DAILY,Masjid,Panvel,08:37,08:41,8,37,4,seawoods_hr -> belapur_hr,99009,LOCAL,Morning Peak
HR,seawoods_hr,belapur_hr,2.4,DOWN,98051,PL43,12.0,Unknown,AC,DAILY,Mumbai CSMT,Panvel,08:41,08:45,8,41,4,seawoods_hr -> belapur_hr,98051,AC,Morning Peak
HR,seawoods_hr,belapur_hr,2.4,DOWN,98311,BR9,12.0,Unknown,LOCAL,DAILY,Mumbai CSMT,Belapur CBD,08:49,08:53,8,49,4,seawoods_hr -> belapur_hr,98311,LOCAL,Morning Peak
HR,seawoods_hr,belapur_hr,2.4,DOWN,98902,GNPL2,12.0,Unknown,LOCAL,DAILY,Goregaon,Panvel,08:53,08:57,8,53,4,seawoods_hr -> belapur_hr,98902,LOCAL,Morning Peak
HR,seawoods_hr,belapur_hr,2.4,DOWN,98053,PL45,12.0,Unknown,LOCAL,DAILY,Mumbai CSMT,Panvel,08:57,09:01,8,57,4,seawoods_hr -> belapur_hr,98053,LOCAL,Morning Peak
HR,seawoods_hr,belapur_hr,2.4,DOWN,98055,PL47,12.0,Unknown,LOCAL,NOT_SUN,Mumbai CSMT,Panvel,09:01,09:05,9,1,4,seawoods_hr -> belapur_hr,98055,LOCAL,Late Morning
HR,seawoods_hr,belapur_hr,2.4,DOWN,98313,BRVD3,12.0,Unknown,LOCAL,NOT_SUN,Vadala Road,Belapur CBD,09:06,09:11,9,6,5,seawoods_hr -> belapur_hr,98313,LOCAL,Late Morning
HR,seawoods_hr,belapur_hr,2.4,DOWN,98057,PL49,12.0,Unknown,LOCAL,DAILY,Mumbai CSMT,Panvel,09:10,09:14,9,10,4,seawoods_hr -> belapur_hr,98057,LOCAL,Late Morning
HR,seawoods_hr,belapur_hr,2.4,DOWN,99011,TPL11,12.0,Unknown,LOCAL,DAILY,Masjid,Panvel,09:14,09:18,9,14,4,seawoods_hr -> belapur_hr,99011,LOCAL,Late Morning
HR,seawoods_hr,belapur_hr,2.4,DOWN,98059,PLVD9,12.0,Unknown,LOCAL,NOT_SUN,Vadala Road,Panvel,09:18,09:22,9,18,4,seawoods_hr -> belapur_hr,98059,LOCAL,Late Morning
HR,seawoods_hr,belapur_hr,2.4,DOWN,98315,BR11,12.0,Unknown,LOCAL,DAILY,Mumbai CSMT,Belapur CBD,09:22,09:26,9,22,4,seawoods_hr -> belapur_hr,98315,LOCAL,Late Morning
HR,seawoods_hr,belapur_hr,2.4,DOWN,98061,PL51,12.0,Unknown,LOCAL,DAILY,Mumbai CSMT,Panvel,09:26,09:30,9,26,4,seawoods_hr -> belapur_hr,98061,LOCAL,Late Morning
HR,seawoods_hr,belapur_hr,2.4,DOWN,98063,PL53,12.0,Unknown,LOCAL,DAILY,Mumbai CSMT,Panvel,09:35,09:39,9,35,4,seawoods_hr -> belapur_hr,98063,LOCAL,Late Morning
HR,seawoods_hr,belapur_hr,2.4,DOWN,99013,TPL13,12.0,Unknown,LOCAL,DAILY,Masjid,Panvel,09:47,09:51,9,47,4,seawoods_hr -> belapur_hr,99013,LOCAL,Late Morning
HR,seawoods_hr,belapur_hr,2.4,DOWN,98065,PLVD11,12.0,Unknown,LOCAL,DAILY,Vadala Road,Panvel,09:51,09:55,9,51,4,seawoods_hr -> belapur_hr,98065,LOCAL,Late Morning
HR,seawoods_hr,belapur_hr,2.4,DOWN,98067,PL55,12.0,Unknown,LOCAL,DAILY,Mumbai CSMT,Panvel,09:55,09:59,9,55,4,seawoods_hr -> belapur_hr,98067,LOCAL,Late Morning
HR,seawoods_hr,belapur_hr,2.4,DOWN,98317,BR13,12.0,Unknown,LOCAL,DAILY,Mumbai CSMT,Belapur CBD,09:59,10:03,9,59,4,seawoods_hr -> belapur_hr,98317,LOCAL,Late Morning
HR,seawoods_hr,belapur_hr,2.4,DOWN,98095,PL79,12.0,Unknown,LOCAL,DAILY,Mumbai CSMT,Panvel,12:05,12:09,12,5,4,seawoods_hr -> belapur_hr,98095,LOCAL,Afternoon
HR,seawoods_hr,belapur_hr,2.4,DOWN,98331,BRVD9,12.0,Unknown,LOCAL,DAILY,Vadala Road,Belapur CBD,12:13,12:17,12,13,4,seawoods_hr -> belapur_hr,98331,LOCAL,Afternoon
HR,seawoods_hr,belapur_hr,2.4,DOWN,98097,PL81,12.0,Unknown,LOCAL,DAILY,Mumbai CSMT,Panvel,12:17,12:21,12,17,4,seawoods_hr -> belapur_hr,98097,LOCAL,Afternoon
HR,seawoods_hr,belapur_hr,2.4,DOWN,98099,PL83,12.0,Unknown,LOCAL,DAILY,Mumbai CSMT,Panvel,12:29,12:33,12,29,4,seawoods_hr -> belapur_hr,98099,LOCAL,Afternoon
HR,seawoods_hr,belapur_hr,2.4,DOWN,98333,BR23,12.0,Unknown,LOCAL,DAILY,Mumbai CSMT,Belapur CBD,12:33,12:38,12,33,5,seawoods_hr -> belapur_hr,98333,LOCAL,Afternoon
HR,seawoods_hr,belapur_hr,2.4,DOWN,99023,TPL23,12.0,Unknown,LOCAL,DAILY,Masjid,Panvel,12:37,12:41,12,37,4,seawoods_hr -> belapur_hr,99023,LOCAL,Afternoon
HR,seawoods_hr,belapur_hr,2.4,DOWN,98101,PL85,12.0,Unknown,LOCAL,DAILY,Mumbai CSMT,Panvel,12:42,12:46,12,42,4,seawoods_hr -> belapur_hr,98101,LOCAL,Afternoon
HR,seawoods_hr,belapur_hr,2.4,DOWN,98103,PL87,12.0,Unknown,LOCAL,DAILY,Mumbai CSMT,Panvel,12:54,12:58,12,54,4,seawoods_hr -> belapur_hr,98103,LOCAL,Afternoon
HR,seawoods_hr,belapur_hr,2.4,DOWN,98105,PL89,12.0,Unknown,LOCAL,NOT_SUN,Mumbai CSMT,Panvel,12:58,13:02,12,58,4,seawoods_hr -> belapur_hr,98105,LOCAL,Afternoon
HR,seawoods_hr,belapur_hr,2.4,DOWN,98107,PLVD17,12.0,Unknown,LOCAL,NOT_SUN,Vadala Road,Panvel,13:01,13:05,13,1,4,seawoods_hr -> belapur_hr,98107,LOCAL,Afternoon
HR,seawoods_hr,belapur_hr,2.4,DOWN,98109,PL91,12.0,Unknown,LOCAL,DAILY,Mumbai CSMT,Panvel,13:10,13:14,13,10,4,seawoods_hr -> belapur_hr,98109,LOCAL,Afternoon
HR,seawoods_hr,belapur_hr,2.4,DOWN,98111,PL93,12.0,Unknown,LOCAL,NOT_SUN,Mumbai CSMT,Panvel,13:18,13:22,13,18,4,seawoods_hr -> belapur_hr,98111,LOCAL,Afternoon
HR,seawoods_hr,belapur_hr,2.4,DOWN,99025,TPL25,12.0,Unknown,LOCAL,DAILY,Masjid,Panvel,13:23,13:27,13,23,4,seawoods_hr -> belapur_hr,99025,LOCAL,Afternoon
HR,seawoods_hr,belapur_hr,2.4,DOWN,98335,BR25,12.0,Unknown,LOCAL,DAILY,Mumbai CSMT,Belapur CBD,13:27,13:31,13,27,4,seawoods_hr -> belapur_hr,98335,LOCAL,Afternoon
HR,seawoods_hr,belapur_hr,2.4,DOWN,98113,PL95,12.0,Unknown,LOCAL,DAILY,Mumbai CSMT,Panvel,13:31,13:35,13,31,4,seawoods_hr -> belapur_hr,98113,LOCAL,Afternoon
HR,seawoods_hr,belapur_hr,2.4,DOWN,98115,PLVD19,12.0,Unknown,LOCAL,DAILY,Vadala Road,Panvel,13:35,13:39,13,35,4,seawoods_hr -> belapur_hr,98115,LOCAL,Afternoon
HR,seawoods_hr,belapur_hr,2.4,DOWN,98337,BR27,12.0,Unknown,LOCAL,DAILY,Mumbai CSMT,Belapur CBD,13:41,13:45,13,41,4,seawoods_hr -> belapur_hr,98337,LOCAL,Afternoon
HR,seawoods_hr,belapur_hr,2.4,DOWN,98908,GNPL8,12.0,Unknown,LOCAL,DAILY,Goregaon,Panvel,13:45,13:49,13,45,4,seawoods_hr -> belapur_hr,98908,LOCAL,Afternoon
HR,seawoods_hr,belapur_hr,2.4,DOWN,98117,PL97,12.0,Unknown,LOCAL,DAILY,Mumbai CSMT,Panvel,13:53,13:57,13,53,4,seawoods_hr -> belapur_hr,98117,LOCAL,Afternoon
HR,seawoods_hr,belapur_hr,2.4,DOWN,99027,TPL27,12.0,Unknown,LOCAL,DAILY,Masjid,Panvel,13:57,14:01,13,57,4,seawoods_hr -> belapur_hr,99027,LOCAL,Afternoon
HR,seawoods_hr,belapur_hr,2.4,DOWN,98343,BR31,12.0,Unknown,LOCAL,NOT_SUN,Mumbai CSMT,Belapur CBD,16:01,16:05,16,1,4,seawoods_hr -> belapur_hr,98343,LOCAL,Evening Peak
HR,seawoods_hr,belapur_hr,2.4,DOWN,98147,PLVD25,12.0,Unknown,LOCAL,DAILY,Vadala Road,Panvel,16:05,16:09,16,5,4,seawoods_hr -> belapur_hr,98147,LOCAL,Evening Peak
HR,seawoods_hr,belapur_hr,2.4,DOWN,98149,PL123,12.0,Unknown,LOCAL,DAILY,Mumbai CSMT,Panvel,16:09,16:13,16,9,4,seawoods_hr -> belapur_hr,98149,LOCAL,Evening Peak
HR,seawoods_hr,belapur_hr,2.4,DOWN,98345,BR33,12.0,Unknown,LOCAL,DAILY,Mumbai CSMT,Belapur CBD,16:13,16:17,16,13,4,seawoods_hr -> belapur_hr,98345,LOCAL,Evening Peak
HR,seawoods_hr,belapur_hr,2.4,DOWN,98151,PL125,12.0,Unknown,LOCAL,DAILY,Mumbai CSMT,Panvel,16:17,16:21,16,17,4,seawoods_hr -> belapur_hr,98151,LOCAL,Evening Peak
HR,seawoods_hr,belapur_hr,2.4,DOWN,98153,PL127,12.0,Unknown,LOCAL,DAILY,Mumbai CSMT,Panvel,16:25,16:29,16,25,4,seawoods_hr -> belapur_hr,98153,LOCAL,Evening Peak
HR,seawoods_hr,belapur_hr,2.4,DOWN,98155,PL129,12.0,Unknown,LOCAL,DAILY,Mumbai CSMT,Panvel,16:29,16:33,16,29,4,seawoods_hr -> belapur_hr,98155,LOCAL,Evening Peak
HR,seawoods_hr,belapur_hr,2.4,DOWN,99037,TPL37,12.0,Unknown,LOCAL,DAILY,Masjid,Panvel,16:33,16:37,16,33,4,seawoods_hr -> belapur_hr,99037,LOCAL,Evening Peak
HR,seawoods_hr,belapur_hr,2.4,DOWN,98157,PL131,12.0,Unknown,AC,DAILY,Mumbai CSMT,Panvel,16:37,16:41,16,37,4,seawoods_hr -> belapur_hr,98157,AC,Evening Peak
HR,seawoods_hr,belapur_hr,2.4,DOWN,98159,PL133,12.0,Unknown,LOCAL,DAILY,Mumbai CSMT,Panvel,16:45,16:49,16,45,4,seawoods_hr -> belapur_hr,98159,LOCAL,Evening Peak
HR,seawoods_hr,belapur_hr,2.4,DOWN,98161,PLVD27,12.0,Unknown,LOCAL,DAILY,Vadala Road,Panvel,16:51,16:55,16,51,4,seawoods_hr -> belapur_hr,98161,LOCAL,Evening Peak
HR,seawoods_hr,belapur_hr,2.4,DOWN,99039,TPL39,12.0,Unknown,LOCAL,DAILY,Masjid,Panvel,16:57,17:01,16,57,4,seawoods_hr -> belapur_hr,99039,LOCAL,Evening Peak
HR,seawoods_hr,belapur_hr,2.4,DOWN,98163,PL135,12.0,Unknown,LOCAL,DAILY,Mumbai CSMT,Panvel,17:01,17:05,17,1,4,seawoods_hr -> belapur_hr,98163,LOCAL,Evening Peak
HR,seawoods_hr,belapur_hr,2.4,DOWN,98165,PL137,12.0,Unknown,LOCAL,DAILY,Mumbai CSMT,Panvel,17:09,17:13,17,9,4,seawoods_hr -> belapur_hr,98165,LOCAL,Evening Peak
HR,seawoods_hr,belapur_hr,2.4,DOWN,98167,PLVD29,12.0,Unknown,LOCAL,NOT_SUN,Vadala Road,Panvel,17:17,17:21,17,17,4,seawoods_hr -> belapur_hr,98167,LOCAL,Evening Peak
HR,seawoods_hr,belapur_hr,2.4,DOWN,99041,TPL41,12.0,Unknown,LOCAL,DAILY,Masjid,Panvel,17:21,17:25,17,21,4,seawoods_hr -> belapur_hr,99041,LOCAL,Evening Peak
HR,seawoods_hr,belapur_hr,2.4,DOWN,98169,PL139,12.0,Unknown,LOCAL,DAILY,Mumbai CSMT,Panvel,17:25,17:29,17,25,4,seawoods_hr -> belapur_hr,98169,LOCAL,Evening Peak
HR,seawoods_hr,belapur_hr,2.4,DOWN,98347,BR35,12.0,Unknown,LOCAL,NOT_SUN,Mumbai CSMT,Belapur CBD,17:28,17:32,17,28,4,seawoods_hr -> belapur_hr,98347,LOCAL,Evening Peak
HR,seawoods_hr,belapur_hr,2.4,DOWN,98171,PL141,12.0,Unknown,LOCAL,DAILY,Mumbai CSMT,Panvel,17:36,17:40,17,36,4,seawoods_hr -> belapur_hr,98171,LOCAL,Evening Peak
HR,seawoods_hr,belapur_hr,2.4,DOWN,98349,BR37,12.0,Unknown,LOCAL,DAILY,Mumbai CSMT,Belapur CBD,17:40,17:44,17,40,4,seawoods_hr -> belapur_hr,98349,LOCAL,Evening Peak
HR,seawoods_hr,belapur_hr,2.4,DOWN,98173,PLVD31,12.0,Unknown,LOCAL,NOT_SUN,Vadala Road,Panvel,17:44,17:48,17,44,4,seawoods_hr -> belapur_hr,98173,LOCAL,Evening Peak
HR,seawoods_hr,belapur_hr,2.4,DOWN,98175,PL143,12.0,Unknown,LOCAL,DAILY,Mumbai CSMT,Panvel,17:52,17:56,17,52,4,seawoods_hr -> belapur_hr,98175,LOCAL,Evening Peak
HR,seawoods_hr,belapur_hr,2.4,DOWN,99043,TPL43,12.0,Unknown,LOCAL,DAILY,Masjid,Panvel,17:56,18:00,17,56,4,seawoods_hr -> belapur_hr,99043,LOCAL,Evening Peak
HR,seawoods_hr,belapur_hr,2.4,DOWN,98177,PLVD33,12.0,Unknown,LOCAL,DAILY,Vadala Road,Panvel,18:00,18:04,18,0,4,seawoods_hr -> belapur_hr,98177,LOCAL,Evening Peak
HR,seawoods_hr,belapur_hr,2.4,DOWN,98359,BR45,12.0,Unknown,LOCAL,DAILY,Mumbai CSMT,Belapur CBD,20:02,20:06,20,2,4,seawoods_hr -> belapur_hr,98359,LOCAL,Night
HR,seawoods_hr,belapur_hr,2.4,DOWN,98207,PL167,12.0,Unknown,LOCAL,DAILY,Mumbai CSMT,Panvel,20:06,20:10,20,6,4,seawoods_hr -> belapur_hr,98207,LOCAL,Night
HR,seawoods_hr,belapur_hr,2.4,DOWN,98209,PLVD41,12.0,Unknown,LOCAL,DAILY,Vadala Road,Panvel,20:10,20:14,20,10,4,seawoods_hr -> belapur_hr,98209,LOCAL,Night
HR,seawoods_hr,belapur_hr,2.4,DOWN,98361,BR47,12.0,Unknown,LOCAL,NOT_SUN,Mumbai CSMT,Belapur CBD,20:14,20:19,20,14,5,seawoods_hr -> belapur_hr,98361,LOCAL,Night
HR,seawoods_hr,belapur_hr,2.4,DOWN,98211,PL169,12.0,Unknown,LOCAL,DAILY,Mumbai CSMT,Panvel,20:18,20:22,20,18,4,seawoods_hr -> belapur_hr,98211,LOCAL,Night
HR,seawoods_hr,belapur_hr,2.4,DOWN,99053,TPL53,12.0,Unknown,LOCAL,NOT_SUN,Masjid,Panvel,20:22,20:26,20,22,4,seawoods_hr -> belapur_hr,99053,LOCAL,Night
HR,seawoods_hr,belapur_hr,2.4,DOWN,98912,GNPL12,12.0,Unknown,LOCAL,DAILY,Goregaon,Panvel,20:27,20:31,20,27,4,seawoods_hr -> belapur_hr,98912,LOCAL,Night
HR,seawoods_hr,belapur_hr,2.4,DOWN,99055,TPL55,12.0,Unknown,LOCAL,DAILY,Masjid,Panvel,20:32,20:36,20,32,4,seawoods_hr -> belapur_hr,99055,LOCAL,Night
HR,seawoods_hr,belapur_hr,2.4,DOWN,98213,PL171,12.0,Unknown,LOCAL,DAILY,Mumbai CSMT,Panvel,20:36,20:40,20,36,4,seawoods_hr -> belapur_hr,98213,LOCAL,Night
HR,seawoods_hr,belapur_hr,2.4,DOWN,98363,BR49,12.0,Unknown,LOCAL,DAILY,Mumbai CSMT,Belapur CBD,20:39,20:43,20,39,4,seawoods_hr -> belapur_hr,98363,LOCAL,Night
HR,seawoods_hr,belapur_hr,2.4,DOWN,98215,PLVD43,12.0,Unknown,LOCAL,DAILY,Vadala Road,Panvel,20:42,20:46,20,42,4,seawoods_hr -> belapur_hr,98215,LOCAL,Night
HR,seawoods_hr,belapur_hr,2.4,DOWN,99057,TPL57,12.0,Unknown,LOCAL,DAILY,Masjid,Panvel,20:48,20:52,20,48,4,seawoods_hr -> belapur_hr,99057,LOCAL,Night
HR,seawoods_hr,belapur_hr,2.4,DOWN,98217,PL173,12.0,Unknown,LOCAL,DAILY,Mumbai CSMT,Panvel,20:52,20:56,20,52,4,seawoods_hr -> belapur_hr,98217,LOCAL,Night
HR,seawoods_hr,belapur_hr,2.4,DOWN,98365,BR51,12.0,Unknown,LOCAL,NOT_SUN,Mumbai CSMT,Belapur CBD,20:55,20:59,20,55,4,seawoods_hr -> belapur_hr,98365,LOCAL,Night
HR,seawoods_hr,belapur_hr,2.4,DOWN,98219,PLVD45,12.0,Unknown,LOCAL,NOT_SUN,Vadala Road,Panvel,20:58,21:02,20,58,4,seawoods_hr -> belapur_hr,98219,LOCAL,Night
HR,seawoods_hr,belapur_hr,2.4,DOWN,98221,PL175,12.0,Unknown,AC,DAILY,Mumbai CSMT,Panvel,21:02,21:06,21,2,4,seawoods_hr -> belapur_hr,98221,AC,Night
HR,seawoods_hr,belapur_hr,2.4,DOWN,98914,GNPL14,12.0,Unknown,LOCAL,DAILY,Goregaon,Panvel,21:10,21:14,21,10,4,seawoods_hr -> belapur_hr,98914,LOCAL,Night
HR,seawoods_hr,belapur_hr,2.4,DOWN,98223,PL177,12.0,Unknown,LOCAL,DAILY,Mumbai CSMT,Panvel,21:18,21:22,21,18,4,seawoods_hr -> belapur_hr,98223,LOCAL,Night
HR,seawoods_hr,belapur_hr,2.4,DOWN,99059,TPL59,12.0,Unknown,LOCAL,DAILY,Masjid,Panvel,21:23,21:27,21,23,4,seawoods_hr -> belapur_hr,99059,LOCAL,Night
HR,seawoods_hr,belapur_hr,2.4,DOWN,98367,BR53,12.0,Unknown,LOCAL,DAILY,Mumbai CSMT,Belapur CBD,21:30,21:34,21,30,4,seawoods_hr -> belapur_hr,98367,LOCAL,Night
HR,seawoods_hr,belapur_hr,2.4,DOWN,98225,PL179,12.0,Unknown,LOCAL,DAILY,Mumbai CSMT,Panvel,21:34,21:38,21,34,4,seawoods_hr -> belapur_hr,98225,LOCAL,Night
HR,seawoods_hr,belapur_hr,2.4,DOWN,98227,PLVD47,12.0,Unknown,LOCAL,NOT_SUN,Vadala Road,Panvel,21:38,21:42,21,38,4,seawoods_hr -> belapur_hr,98227,LOCAL,Night
HR,seawoods_hr,belapur_hr,2.4,DOWN,99061,TPL61,12.0,Unknown,LOCAL,DAILY,Masjid,Panvel,21:43,21:47,21,43,4,seawoods_hr -> belapur_hr,99061,LOCAL,Night
HR,seawoods_hr,belapur_hr,2.4,DOWN,98916,GNPL16,12.0,Unknown,LOCAL,DAILY,Goregaon,Panvel,21:46,21:50,21,46,4,seawoods_hr -> belapur_hr,98916,LOCAL,Night
HR,seawoods_hr,belapur_hr,2.4,DOWN,98229,PL181,12.0,Unknown,LOCAL,DAILY,Mumbai CSMT,Panvel,21:50,21:54,21,50,4,seawoods_hr -> belapur_hr,98229,LOCAL,Night
HR,seawoods_hr,belapur_hr,2.4,DOWN,98231,PLVD49,12.0,Unknown,LOCAL,DAILY,Vadala Road,Panvel,21:54,21:58,21,54,4,seawoods_hr -> belapur_hr,98231,LOCAL,Night
HR,belapur_hr,kharghar,2.3,DOWN,98253,PL201,12.0,Unknown,LOCAL,DAILY,Mumbai CSMT,Panvel,00:03,00:07,0,3,4,belapur_hr -> kharghar,98253,LOCAL,Late Night
HR,belapur_hr,kharghar,2.3,DOWN,99073,TPL73,12.0,Unknown,LOCAL,DAILY,Masjid,Panvel,00:09,00:13,0,9,4,belapur_hr -> kharghar,99073,LOCAL,Late Night
HR,belapur_hr,kharghar,2.3,DOWN,98255,PL203,12.0,Unknown,LOCAL,DAILY,Mumbai CSMT,Panvel,00:19,00:23,0,19,4,belapur_hr -> kharghar,98255,LOCAL,Late Night
HR,belapur_hr,kharghar,2.3,DOWN,98257,PL205,12.0,Unknown,LOCAL,DAILY,Mumbai CSMT,Panvel,00:35,00:39,0,35,4,belapur_hr -> kharghar,98257,LOCAL,Late Night
HR,belapur_hr,kharghar,2.3,DOWN,99001,TPL1,12.0,Unknown,LOCAL,DAILY,Masjid,Panvel,00:42,00:46,0,42,4,belapur_hr -> kharghar,99001,LOCAL,Late Night
HR,belapur_hr,kharghar,2.3,DOWN,98003,PL3,12.0,Unknown,LOCAL,DAILY,Mumbai CSMT,Panvel,00:47,00:51,0,47,4,belapur_hr -> kharghar,98003,LOCAL,Late Night
HR,belapur_hr,kharghar,2.3,DOWN,98259,PL207,12.0,Unknown,LOCAL,DAILY,Mumbai CSMT,Panvel,00:57,01:01,0,57,4,belapur_hr -> kharghar,98259,LOCAL,Late Night
HR,belapur_hr,kharghar,2.3,DOWN,98001,PL1,12.0,Unknown,LOCAL,DAILY,Mumbai CSMT,Panvel,01:18,01:22,1,18,4,belapur_hr -> kharghar,98001,LOCAL,Late Night
HR,belapur_hr,kharghar,2.3,DOWN,98005,PL5,12.0,Unknown,LOCAL,DAILY,Mumbai CSMT,Panvel,01:45,01:49,1,45,4,belapur_hr -> kharghar,98005,LOCAL,Late Night
HR,belapur_hr,kharghar,2.3,DOWN,98007,PL7,12.0,Unknown,LOCAL,DAILY,Mumbai CSMT,Panvel,05:37,05:41,5,37,4,belapur_hr -> kharghar,98007,LOCAL,Morning Peak
HR,belapur_hr,kharghar,2.3,DOWN,99003,TPL3,12.0,Unknown,LOCAL,DAILY,Masjid,Panvel,05:49,05:53,5,49,4,belapur_hr -> kharghar,99003,LOCAL,Morning Peak
HR,belapur_hr,kharghar,2.3,DOWN,98009,PLVD1,12.0,Unknown,AC,NOT_SUN,Vadala Road,Panvel,05:53,05:57,5,53,4,belapur_hr -> kharghar,98009,AC,Morning Peak
HR,belapur_hr,kharghar,2.3,DOWN,98011,PL9,12.0,Unknown,LOCAL,DAILY,Mumbai CSMT,Panvel,05:57,06:01,5,57,4,belapur_hr -> kharghar,98011,LOCAL,Morning Peak
HR,belapur_hr,kharghar,2.3,DOWN,98039,PL33,12.0,Unknown,LOCAL,NOT_SUN,Mumbai CSMT,Panvel,08:00,08:04,8,0,4,belapur_hr -> kharghar,98039,LOCAL,Morning Peak
HR,belapur_hr,kharghar,2.3,DOWN,98041,PL35,12.0,Unknown,LOCAL,DAILY,Mumbai CSMT,Panvel,08:04,08:08,8,4,4,belapur_hr -> kharghar,98041,LOCAL,Morning Peak
HR,belapur_hr,kharghar,2.3,DOWN,98043,PL37,12.0,Unknown,LOCAL,DAILY,Mumbai CSMT,Panvel,08:14,08:18,8,14,4,belapur_hr -> kharghar,98043,LOCAL,Morning Peak
HR,belapur_hr,kharghar,2.3,DOWN,98045,PL39,12.0,Unknown,AC,DAILY,Mumbai CSMT,Panvel,08:22,08:26,8,22,4,belapur_hr -> kharghar,98045,AC,Morning Peak
HR,belapur_hr,kharghar,2.3,DOWN,98047,PLVD7,12.0,Unknown,LOCAL,NOT_SUN,Vadala Road,Panvel,08:26,08:30,8,26,4,belapur_hr -> kharghar,98047,LOCAL,Morning Peak
HR,belapur_hr,kharghar,2.3,DOWN,98049,PL41,12.0,Unknown,LOCAL,DAILY,Mumbai CSMT,Panvel,08:31,08:35,8,31,4,belapur_hr -> kharghar,98049,LOCAL,Morning Peak
HR,belapur_hr,kharghar,2.3,DOWN,99009,TPL9,12.0,Unknown,LOCAL,DAILY,Masjid,Panvel,08:41,08:45,8,41,4,belapur_hr -> kharghar,99009,LOCAL,Morning Peak
HR,belapur_hr,kharghar,2.3,DOWN,98051,PL43,12.0,Unknown,AC,DAILY,Mumbai CSMT,Panvel,08:45,08:49,8,45,4,belapur_hr -> kharghar,98051,AC,Morning Peak
HR,belapur_hr,kharghar,2.3,DOWN,98902,GNPL2,12.0,Unknown,LOCAL,DAILY,Goregaon,Panvel,08:57,09:01,8,57,4,belapur_hr -> kharghar,98902,LOCAL,Morning Peak
HR,belapur_hr,kharghar,2.3,DOWN,98053,PL45,12.0,Unknown,LOCAL,DAILY,Mumbai CSMT,Panvel,09:01,09:05,9,1,4,belapur_hr -> kharghar,98053,LOCAL,Late Morning
HR,belapur_hr,kharghar,2.3,DOWN,98055,PL47,12.0,Unknown,LOCAL,NOT_SUN,Mumbai CSMT,Panvel,09:05,09:09,9,5,4,belapur_hr -> kharghar,98055,LOCAL,Late Morning
HR,belapur_hr,kharghar,2.3,DOWN,98057,PL49,12.0,Unknown,LOCAL,DAILY,Mumbai CSMT,Panvel,09:14,09:18,9,14,4,belapur_hr -> kharghar,98057,LOCAL,Late Morning
HR,belapur_hr,kharghar,2.3,DOWN,99011,TPL11,12.0,Unknown,LOCAL,DAILY,Masjid,Panvel,09:18,09:22,9,18,4,belapur_hr -> kharghar,99011,LOCAL,Late Morning
HR,belapur_hr,kharghar,2.3,DOWN,98059,PLVD9,12.0,Unknown,LOCAL,NOT_SUN,Vadala Road,Panvel,09:22,09:26,9,22,4,belapur_hr -> kharghar,98059,LOCAL,Late Morning
HR,belapur_hr,kharghar,2.3,DOWN,98061,PL51,12.0,Unknown,LOCAL,DAILY,Mumbai CSMT,Panvel,09:30,09:34,9,30,4,belapur_hr -> kharghar,98061,LOCAL,Late Morning
HR,belapur_hr,kharghar,2.3,DOWN,98063,PL53,12.0,Unknown,LOCAL,DAILY,Mumbai CSMT,Panvel,09:39,09:43,9,39,4,belapur_hr -> kharghar,98063,LOCAL,Late Morning
HR,belapur_hr,kharghar,2.3,DOWN,99013,TPL13,12.0,Unknown,LOCAL,DAILY,Masjid,Panvel,09:51,09:55,9,51,4,belapur_hr -> kharghar,99013,LOCAL,Late Morning
HR,belapur_hr,kharghar,2.3,DOWN,98065,PLVD11,12.0,Unknown,LOCAL,DAILY,Vadala Road,Panvel,09:55,09:59,9,55,4,belapur_hr -> kharghar,98065,LOCAL,Late Morning
HR,belapur_hr,kharghar,2.3,DOWN,98067,PL55,12.0,Unknown,LOCAL,DAILY,Mumbai CSMT,Panvel,09:59,10:03,9,59,4,belapur_hr -> kharghar,98067,LOCAL,Late Morning
HR,belapur_hr,kharghar,2.3,DOWN,98095,PL79,12.0,Unknown,LOCAL,DAILY,Mumbai CSMT,Panvel,12:09,12:13,12,9,4,belapur_hr -> kharghar,98095,LOCAL,Afternoon
HR,belapur_hr,kharghar,2.3,DOWN,98097,PL81,12.0,Unknown,LOCAL,DAILY,Mumbai CSMT,Panvel,12:21,12:25,12,21,4,belapur_hr -> kharghar,98097,LOCAL,Afternoon
HR,belapur_hr,kharghar,2.3,DOWN,98099,PL83,12.0,Unknown,LOCAL,DAILY,Mumbai CSMT,Panvel,12:33,12:37,12,33,4,belapur_hr -> kharghar,98099,LOCAL,Afternoon
HR,belapur_hr,kharghar,2.3,DOWN,99023,TPL23,12.0,Unknown,LOCAL,DAILY,Masjid,Panvel,12:41,12:45,12,41,4,belapur_hr -> kharghar,99023,LOCAL,Afternoon
HR,belapur_hr,kharghar,2.3,DOWN,98101,PL85,12.0,Unknown,LOCAL,DAILY,Mumbai CSMT,Panvel,12:46,12:50,12,46,4,belapur_hr -> kharghar,98101,LOCAL,Afternoon
HR,belapur_hr,kharghar,2.3,DOWN,98103,PL87,12.0,Unknown,LOCAL,DAILY,Mumbai CSMT,Panvel,12:58,13:02,12,58,4,belapur_hr -> kharghar,98103,LOCAL,Afternoon
HR,belapur_hr,kharghar,2.3,DOWN,98105,PL89,12.0,Unknown,LOCAL,NOT_SUN,Mumbai CSMT,Panvel,13:02,13:06,13,2,4,belapur_hr -> kharghar,98105,LOCAL,Afternoon
HR,belapur_hr,kharghar,2.3,DOWN,98107,PLVD17,12.0,Unknown,LOCAL,NOT_SUN,Vadala Road,Panvel,13:05,13:09,13,5,4,belapur_hr -> kharghar,98107,LOCAL,Afternoon
HR,belapur_hr,kharghar,2.3,DOWN,98109,PL91,12.0,Unknown,LOCAL,DAILY,Mumbai CSMT,Panvel,13:14,13:18,13,14,4,belapur_hr -> kharghar,98109,LOCAL,Afternoon
HR,belapur_hr,kharghar,2.3,DOWN,98111,PL93,12.0,Unknown,LOCAL,NOT_SUN,Mumbai CSMT,Panvel,13:22,13:26,13,22,4,belapur_hr -> kharghar,98111,LOCAL,Afternoon
HR,belapur_hr,kharghar,2.3,DOWN,99025,TPL25,12.0,Unknown,LOCAL,DAILY,Masjid,Panvel,13:27,13:31,13,27,4,belapur_hr -> kharghar,99025,LOCAL,Afternoon
HR,belapur_hr,kharghar,2.3,DOWN,98113,PL95,12.0,Unknown,LOCAL,DAILY,Mumbai CSMT,Panvel,13:35,13:39,13,35,4,belapur_hr -> kharghar,98113,LOCAL,Afternoon
HR,belapur_hr,kharghar,2.3,DOWN,98115,PLVD19,12.0,Unknown,LOCAL,DAILY,Vadala Road,Panvel,13:39,13:43,13,39,4,belapur_hr -> kharghar,98115,LOCAL,Afternoon
HR,belapur_hr,kharghar,2.3,DOWN,98908,GNPL8,12.0,Unknown,LOCAL,DAILY,Goregaon,Panvel,13:49,13:53,13,49,4,belapur_hr -> kharghar,98908,LOCAL,Afternoon
HR,belapur_hr,kharghar,2.3,DOWN,98117,PL97,12.0,Unknown,LOCAL,DAILY,Mumbai CSMT,Panvel,13:57,14:01,13,57,4,belapur_hr -> kharghar,98117,LOCAL,Afternoon
HR,belapur_hr,kharghar,2.3,DOWN,98145,PL121,12.0,Unknown,LOCAL,DAILY,Mumbai CSMT,Panvel,16:01,16:05,16,1,4,belapur_hr -> kharghar,98145,LOCAL,Evening Peak
HR,belapur_hr,kharghar,2.3,DOWN,98147,PLVD25,12.0,Unknown,LOCAL,DAILY,Vadala Road,Panvel,16:09,16:13,16,9,4,belapur_hr -> kharghar,98147,LOCAL,Evening Peak
HR,belapur_hr,kharghar,2.3,DOWN,98149,PL123,12.0,Unknown,LOCAL,DAILY,Mumbai CSMT,Panvel,16:13,16:17,16,13,4,belapur_hr -> kharghar,98149,LOCAL,Evening Peak
HR,belapur_hr,kharghar,2.3,DOWN,98151,PL125,12.0,Unknown,LOCAL,DAILY,Mumbai CSMT,Panvel,16:21,16:25,16,21,4,belapur_hr -> kharghar,98151,LOCAL,Evening Peak
HR,belapur_hr,kharghar,2.3,DOWN,98153,PL127,12.0,Unknown,LOCAL,DAILY,Mumbai CSMT,Panvel,16:29,16:33,16,29,4,belapur_hr -> kharghar,98153,LOCAL,Evening Peak
HR,belapur_hr,kharghar,2.3,DOWN,98155,PL129,12.0,Unknown,LOCAL,DAILY,Mumbai CSMT,Panvel,16:33,16:37,16,33,4,belapur_hr -> kharghar,98155,LOCAL,Evening Peak
HR,belapur_hr,kharghar,2.3,DOWN,99037,TPL37,12.0,Unknown,LOCAL,DAILY,Masjid,Panvel,16:37,16:41,16,37,4,belapur_hr -> kharghar,99037,LOCAL,Evening Peak
HR,belapur_hr,kharghar,2.3,DOWN,98157,PL131,12.0,Unknown,AC,DAILY,Mumbai CSMT,Panvel,16:41,16:45,16,41,4,belapur_hr -> kharghar,98157,AC,Evening Peak
HR,belapur_hr,kharghar,2.3,DOWN,98159,PL133,12.0,Unknown,LOCAL,DAILY,Mumbai CSMT,Panvel,16:49,16:53,16,49,4,belapur_hr -> kharghar,98159,LOCAL,Evening Peak
HR,belapur_hr,kharghar,2.3,DOWN,98161,PLVD27,12.0,Unknown,LOCAL,DAILY,Vadala Road,Panvel,16:55,16:59,16,55,4,belapur_hr -> kharghar,98161,LOCAL,Evening Peak
HR,belapur_hr,kharghar,2.3,DOWN,99039,TPL39,12.0,Unknown,LOCAL,DAILY,Masjid,Panvel,17:01,17:05,17,1,4,belapur_hr -> kharghar,99039,LOCAL,Evening Peak
HR,belapur_hr,kharghar,2.3,DOWN,98163,PL135,12.0,Unknown,LOCAL,DAILY,Mumbai CSMT,Panvel,17:05,17:09,17,5,4,belapur_hr -> kharghar,98163,LOCAL,Evening Peak
HR,belapur_hr,kharghar,2.3,DOWN,98165,PL137,12.0,Unknown,LOCAL,DAILY,Mumbai CSMT,Panvel,17:13,17:17,17,13,4,belapur_hr -> kharghar,98165,LOCAL,Evening Peak
HR,belapur_hr,kharghar,2.3,DOWN,98167,PLVD29,12.0,Unknown,LOCAL,NOT_SUN,Vadala Road,Panvel,17:21,17:25,17,21,4,belapur_hr -> kharghar,98167,LOCAL,Evening Peak
HR,belapur_hr,kharghar,2.3,DOWN,99041,TPL41,12.0,Unknown,LOCAL,DAILY,Masjid,Panvel,17:25,17:29,17,25,4,belapur_hr -> kharghar,99041,LOCAL,Evening Peak
HR,belapur_hr,kharghar,2.3,DOWN,98169,PL139,12.0,Unknown,LOCAL,DAILY,Mumbai CSMT,Panvel,17:29,17:33,17,29,4,belapur_hr -> kharghar,98169,LOCAL,Evening Peak
HR,belapur_hr,kharghar,2.3,DOWN,98171,PL141,12.0,Unknown,LOCAL,DAILY,Mumbai CSMT,Panvel,17:40,17:44,17,40,4,belapur_hr -> kharghar,98171,LOCAL,Evening Peak
HR,belapur_hr,kharghar,2.3,DOWN,98173,PLVD31,12.0,Unknown,LOCAL,NOT_SUN,Vadala Road,Panvel,17:48,17:52,17,48,4,belapur_hr -> kharghar,98173,LOCAL,Evening Peak
HR,belapur_hr,kharghar,2.3,DOWN,98175,PL143,12.0,Unknown,LOCAL,DAILY,Mumbai CSMT,Panvel,17:56,18:00,17,56,4,belapur_hr -> kharghar,98175,LOCAL,Evening Peak
HR,belapur_hr,kharghar,2.3,DOWN,99043,TPL43,12.0,Unknown,LOCAL,DAILY,Masjid,Panvel,18:00,18:04,18,0,4,belapur_hr -> kharghar,99043,LOCAL,Evening Peak
HR,belapur_hr,kharghar,2.3,DOWN,98205,PL165,12.0,Unknown,LOCAL,NOT_SUN,Mumbai CSMT,Panvel,20:02,20:06,20,2,4,belapur_hr -> kharghar,98205,LOCAL,Night
HR,belapur_hr,kharghar,2.3,DOWN,98207,PL167,12.0,Unknown,LOCAL,DAILY,Mumbai CSMT,Panvel,20:10,20:14,20,10,4,belapur_hr -> kharghar,98207,LOCAL,Night
HR,belapur_hr,kharghar,2.3,DOWN,98209,PLVD41,12.0,Unknown,LOCAL,DAILY,Vadala Road,Panvel,20:14,20:18,20,14,4,belapur_hr -> kharghar,98209,LOCAL,Night
HR,belapur_hr,kharghar,2.3,DOWN,98211,PL169,12.0,Unknown,LOCAL,DAILY,Mumbai CSMT,Panvel,20:22,20:26,20,22,4,belapur_hr -> kharghar,98211,LOCAL,Night
HR,belapur_hr,kharghar,2.3,DOWN,99053,TPL53,12.0,Unknown,LOCAL,NOT_SUN,Masjid,Panvel,20:26,20:30,20,26,4,belapur_hr -> kharghar,99053,LOCAL,Night
HR,belapur_hr,kharghar,2.3,DOWN,98912,GNPL12,12.0,Unknown,LOCAL,DAILY,Goregaon,Panvel,20:31,20:35,20,31,4,belapur_hr -> kharghar,98912,LOCAL,Night
HR,belapur_hr,kharghar,2.3,DOWN,99055,TPL55,12.0,Unknown,LOCAL,DAILY,Masjid,Panvel,20:36,20:40,20,36,4,belapur_hr -> kharghar,99055,LOCAL,Night
HR,belapur_hr,kharghar,2.3,DOWN,98213,PL171,12.0,Unknown,LOCAL,DAILY,Mumbai CSMT,Panvel,20:40,20:44,20,40,4,belapur_hr -> kharghar,98213,LOCAL,Night
HR,belapur_hr,kharghar,2.3,DOWN,98215,PLVD43,12.0,Unknown,LOCAL,DAILY,Vadala Road,Panvel,20:46,20:50,20,46,4,belapur_hr -> kharghar,98215,LOCAL,Night
HR,belapur_hr,kharghar,2.3,DOWN,99057,TPL57,12.0,Unknown,LOCAL,DAILY,Masjid,Panvel,20:52,20:56,20,52,4,belapur_hr -> kharghar,99057,LOCAL,Night
HR,belapur_hr,kharghar,2.3,DOWN,98217,PL173,12.0,Unknown,LOCAL,DAILY,Mumbai CSMT,Panvel,20:56,21:00,20,56,4,belapur_hr -> kharghar,98217,LOCAL,Night
HR,belapur_hr,kharghar,2.3,DOWN,98219,PLVD45,12.0,Unknown,LOCAL,NOT_SUN,Vadala Road,Panvel,21:02,21:06,21,2,4,belapur_hr -> kharghar,98219,LOCAL,Night
HR,belapur_hr,kharghar,2.3,DOWN,98221,PL175,12.0,Unknown,AC,DAILY,Mumbai CSMT,Panvel,21:06,21:10,21,6,4,belapur_hr -> kharghar,98221,AC,Night
HR,belapur_hr,kharghar,2.3,DOWN,98914,GNPL14,12.0,Unknown,LOCAL,DAILY,Goregaon,Panvel,21:14,21:18,21,14,4,belapur_hr -> kharghar,98914,LOCAL,Night
HR,belapur_hr,kharghar,2.3,DOWN,98223,PL177,12.0,Unknown,LOCAL,DAILY,Mumbai CSMT,Panvel,21:22,21:26,21,22,4,belapur_hr -> kharghar,98223,LOCAL,Night
HR,belapur_hr,kharghar,2.3,DOWN,99059,TPL59,12.0,Unknown,LOCAL,DAILY,Masjid,Panvel,21:27,21:31,21,27,4,belapur_hr -> kharghar,99059,LOCAL,Night
HR,belapur_hr,kharghar,2.3,DOWN,98225,PL179,12.0,Unknown,LOCAL,DAILY,Mumbai CSMT,Panvel,21:38,21:42,21,38,4,belapur_hr -> kharghar,98225,LOCAL,Night
HR,belapur_hr,kharghar,2.3,DOWN,98227,PLVD47,12.0,Unknown,LOCAL,NOT_SUN,Vadala Road,Panvel,21:42,21:46,21,42,4,belapur_hr -> kharghar,98227,LOCAL,Night
HR,belapur_hr,kharghar,2.3,DOWN,99061,TPL61,12.0,Unknown,LOCAL,DAILY,Masjid,Panvel,21:47,21:51,21,47,4,belapur_hr -> kharghar,99061,LOCAL,Night
HR,belapur_hr,kharghar,2.3,DOWN,98916,GNPL16,12.0,Unknown,LOCAL,DAILY,Goregaon,Panvel,21:50,21:54,21,50,4,belapur_hr -> kharghar,98916,LOCAL,Night
HR,belapur_hr,kharghar,2.3,DOWN,98229,PL181,12.0,Unknown,LOCAL,DAILY,Mumbai CSMT,Panvel,21:54,21:58,21,54,4,belapur_hr -> kharghar,98229,LOCAL,Night
HR,belapur_hr,kharghar,2.3,DOWN,98231,PLVD49,12.0,Unknown,LOCAL,DAILY,Vadala Road,Panvel,21:58,22:02,21,58,4,belapur_hr -> kharghar,98231,LOCAL,Night
HR,kharghar,mansarovar,2.9,DOWN,98253,PL201,12.0,Unknown,LOCAL,DAILY,Mumbai CSMT,Panvel,00:07,00:10,0,7,3,kharghar -> mansarovar,98253,LOCAL,Late Night
HR,kharghar,mansarovar,2.9,DOWN,99073,TPL73,12.0,Unknown,LOCAL,DAILY,Masjid,Panvel,00:13,00:16,0,13,3,kharghar -> mansarovar,99073,LOCAL,Late Night
HR,kharghar,mansarovar,2.9,DOWN,98255,PL203,12.0,Unknown,LOCAL,DAILY,Mumbai CSMT,Panvel,00:23,00:26,0,23,3,kharghar -> mansarovar,98255,LOCAL,Late Night
HR,kharghar,mansarovar,2.9,DOWN,98257,PL205,12.0,Unknown,LOCAL,DAILY,Mumbai CSMT,Panvel,00:39,00:42,0,39,3,kharghar -> mansarovar,98257,LOCAL,Late Night
HR,kharghar,mansarovar,2.9,DOWN,99001,TPL1,12.0,Unknown,LOCAL,DAILY,Masjid,Panvel,00:46,00:49,0,46,3,kharghar -> mansarovar,99001,LOCAL,Late Night
HR,kharghar,mansarovar,2.9,DOWN,98003,PL3,12.0,Unknown,LOCAL,DAILY,Mumbai CSMT,Panvel,00:51,00:54,0,51,3,kharghar -> mansarovar,98003,LOCAL,Late Night
HR,kharghar,mansarovar,2.9,DOWN,98259,PL207,12.0,Unknown,LOCAL,DAILY,Mumbai CSMT,Panvel,01:01,01:04,1,1,3,kharghar -> mansarovar,98259,LOCAL,Late Night
HR,kharghar,mansarovar,2.9,DOWN,98001,PL1,12.0,Unknown,LOCAL,DAILY,Mumbai CSMT,Panvel,01:22,01:25,1,22,3,kharghar -> mansarovar,98001,LOCAL,Late Night
HR,kharghar,mansarovar,2.9,DOWN,98005,PL5,12.0,Unknown,LOCAL,DAILY,Mumbai CSMT,Panvel,01:49,01:52,1,49,3,kharghar -> mansarovar,98005,LOCAL,Late Night
HR,kharghar,mansarovar,2.9,DOWN,98007,PL7,12.0,Unknown,LOCAL,DAILY,Mumbai CSMT,Panvel,05:41,05:44,5,41,3,kharghar -> mansarovar,98007,LOCAL,Morning Peak
HR,kharghar,mansarovar,2.9,DOWN,99003,TPL3,12.0,Unknown,LOCAL,DAILY,Masjid,Panvel,05:53,05:56,5,53,3,kharghar -> mansarovar,99003,LOCAL,Morning Peak
HR,kharghar,mansarovar,2.9,DOWN,98009,PLVD1,12.0,Unknown,AC,NOT_SUN,Vadala Road,Panvel,05:57,06:00,5,57,3,kharghar -> mansarovar,98009,AC,Morning Peak
HR,kharghar,mansarovar,2.9,DOWN,98039,PL33,12.0,Unknown,LOCAL,NOT_SUN,Mumbai CSMT,Panvel,08:04,08:07,8,4,3,kharghar -> mansarovar,98039,LOCAL,Morning Peak
HR,kharghar,mansarovar,2.9,DOWN,98041,PL35,12.0,Unknown,LOCAL,DAILY,Mumbai CSMT,Panvel,08:08,08:11,8,8,3,kharghar -> mansarovar,98041,LOCAL,Morning Peak
HR,kharghar,mansarovar,2.9,DOWN,98043,PL37,12.0,Unknown,LOCAL,DAILY,Mumbai CSMT,Panvel,08:18,08:21,8,18,3,kharghar -> mansarovar,98043,LOCAL,Morning Peak
HR,kharghar,mansarovar,2.9,DOWN,98045,PL39,12.0,Unknown,AC,DAILY,Mumbai CSMT,Panvel,08:26,08:29,8,26,3,kharghar -> mansarovar,98045,AC,Morning Peak
HR,kharghar,mansarovar,2.9,DOWN,98047,PLVD7,12.0,Unknown,LOCAL,NOT_SUN,Vadala Road,Panvel,08:30,08:33,8,30,3,kharghar -> mansarovar,98047,LOCAL,Morning Peak
HR,kharghar,mansarovar,2.9,DOWN,98049,PL41,12.0,Unknown,LOCAL,DAILY,Mumbai CSMT,Panvel,08:35,08:38,8,35,3,kharghar -> mansarovar,98049,LOCAL,Morning Peak
HR,kharghar,mansarovar,2.9,DOWN,99009,TPL9,12.0,Unknown,LOCAL,DAILY,Masjid,Panvel,08:45,08:48,8,45,3,kharghar -> mansarovar,99009,LOCAL,Morning Peak
HR,kharghar,mansarovar,2.9,DOWN,98051,PL43,12.0,Unknown,AC,DAILY,Mumbai CSMT,Panvel,08:49,08:52,8,49,3,kharghar -> mansarovar,98051,AC,Morning Peak
HR,kharghar,mansarovar,2.9,DOWN,98902,GNPL2,12.0,Unknown,LOCAL,DAILY,Goregaon,Panvel,09:01,09:04,9,1,3,kharghar -> mansarovar,98902,LOCAL,Late Morning
HR,kharghar,mansarovar,2.9,DOWN,98053,PL45,12.0,Unknown,LOCAL,DAILY,Mumbai CSMT,Panvel,09:05,09:08,9,5,3,kharghar -> mansarovar,98053,LOCAL,Late Morning
HR,kharghar,mansarovar,2.9,DOWN,98055,PL47,12.0,Unknown,LOCAL,NOT_SUN,Mumbai CSMT,Panvel,09:09,09:12,9,9,3,kharghar -> mansarovar,98055,LOCAL,Late Morning
HR,kharghar,mansarovar,2.9,DOWN,98057,PL49,12.0,Unknown,LOCAL,DAILY,Mumbai CSMT,Panvel,09:18,09:21,9,18,3,kharghar -> mansarovar,98057,LOCAL,Late Morning
HR,kharghar,mansarovar,2.9,DOWN,99011,TPL11,12.0,Unknown,LOCAL,DAILY,Masjid,Panvel,09:22,09:25,9,22,3,kharghar -> mansarovar,99011,LOCAL,Late Morning
HR,kharghar,mansarovar,2.9,DOWN,98059,PLVD9,12.0,Unknown,LOCAL,NOT_SUN,Vadala Road,Panvel,09:26,09:29,9,26,3,kharghar -> mansarovar,98059,LOCAL,Late Morning
HR,kharghar,mansarovar,2.9,DOWN,98061,PL51,12.0,Unknown,LOCAL,DAILY,Mumbai CSMT,Panvel,09:34,09:37,9,34,3,kharghar -> mansarovar,98061,LOCAL,Late Morning
HR,kharghar,mansarovar,2.9,DOWN,98063,PL53,12.0,Unknown,LOCAL,DAILY,Mumbai CSMT,Panvel,09:43,09:46,9,43,3,kharghar -> mansarovar,98063,LOCAL,Late Morning
HR,kharghar,mansarovar,2.9,DOWN,99013,TPL13,12.0,Unknown,LOCAL,DAILY,Masjid,Panvel,09:55,09:58,9,55,3,kharghar -> mansarovar,99013,LOCAL,Late Morning
HR,kharghar,mansarovar,2.9,DOWN,98065,PLVD11,12.0,Unknown,LOCAL,DAILY,Vadala Road,Panvel,09:59,10:02,9,59,3,kharghar -> mansarovar,98065,LOCAL,Late Morning
HR,kharghar,mansarovar,2.9,DOWN,98093,PL77,12.0,Unknown,LOCAL,DAILY,Mumbai CSMT,Panvel,12:01,12:04,12,1,3,kharghar -> mansarovar,98093,LOCAL,Afternoon
HR,kharghar,mansarovar,2.9,DOWN,98095,PL79,12.0,Unknown,LOCAL,DAILY,Mumbai CSMT,Panvel,12:13,12:16,12,13,3,kharghar -> mansarovar,98095,LOCAL,Afternoon
HR,kharghar,mansarovar,2.9,DOWN,98097,PL81,12.0,Unknown,LOCAL,DAILY,Mumbai CSMT,Panvel,12:25,12:28,12,25,3,kharghar -> mansarovar,98097,LOCAL,Afternoon
HR,kharghar,mansarovar,2.9,DOWN,98099,PL83,12.0,Unknown,LOCAL,DAILY,Mumbai CSMT,Panvel,12:37,12:40,12,37,3,kharghar -> mansarovar,98099,LOCAL,Afternoon
HR,kharghar,mansarovar,2.9,DOWN,99023,TPL23,12.0,Unknown,LOCAL,DAILY,Masjid,Panvel,12:45,12:48,12,45,3,kharghar -> mansarovar,99023,LOCAL,Afternoon
HR,kharghar,mansarovar,2.9,DOWN,98101,PL85,12.0,Unknown,LOCAL,DAILY,Mumbai CSMT,Panvel,12:50,12:53,12,50,3,kharghar -> mansarovar,98101,LOCAL,Afternoon
HR,kharghar,mansarovar,2.9,DOWN,98103,PL87,12.0,Unknown,LOCAL,DAILY,Mumbai CSMT,Panvel,13:02,13:05,13,2,3,kharghar -> mansarovar,98103,LOCAL,Afternoon
HR,kharghar,mansarovar,2.9,DOWN,98105,PL89,12.0,Unknown,LOCAL,NOT_SUN,Mumbai CSMT,Panvel,13:06,13:09,13,6,3,kharghar -> mansarovar,98105,LOCAL,Afternoon
HR,kharghar,mansarovar,2.9,DOWN,98107,PLVD17,12.0,Unknown,LOCAL,NOT_SUN,Vadala Road,Panvel,13:09,13:12,13,9,3,kharghar -> mansarovar,98107,LOCAL,Afternoon
HR,kharghar,mansarovar,2.9,DOWN,98109,PL91,12.0,Unknown,LOCAL,DAILY,Mumbai CSMT,Panvel,13:18,13:21,13,18,3,kharghar -> mansarovar,98109,LOCAL,Afternoon
HR,kharghar,mansarovar,2.9,DOWN,98111,PL93,12.0,Unknown,LOCAL,NOT_SUN,Mumbai CSMT,Panvel,13:26,13:29,13,26,3,kharghar -> mansarovar,98111,LOCAL,Afternoon
HR,kharghar,mansarovar,2.9,DOWN,99025,TPL25,12.0,Unknown,LOCAL,DAILY,Masjid,Panvel,13:31,13:34,13,31,3,kharghar -> mansarovar,99025,LOCAL,Afternoon
HR,kharghar,mansarovar,2.9,DOWN,98113,PL95,12.0,Unknown,LOCAL,DAILY,Mumbai CSMT,Panvel,13:39,13:42,13,39,3,kharghar -> mansarovar,98113,LOCAL,Afternoon
HR,kharghar,mansarovar,2.9,DOWN,98115,PLVD19,12.0,Unknown,LOCAL,DAILY,Vadala Road,Panvel,13:43,13:46,13,43,3,kharghar -> mansarovar,98115,LOCAL,Afternoon
HR,kharghar,mansarovar,2.9,DOWN,98908,GNPL8,12.0,Unknown,LOCAL,DAILY,Goregaon,Panvel,13:53,13:56,13,53,3,kharghar -> mansarovar,98908,LOCAL,Afternoon
HR,kharghar,mansarovar,2.9,DOWN,99035,TPL35,12.0,Unknown,LOCAL,DAILY,Masjid,Panvel,16:01,16:04,16,1,3,kharghar -> mansarovar,99035,LOCAL,Evening Peak
HR,kharghar,mansarovar,2.9,DOWN,98145,PL121,12.0,Unknown,LOCAL,DAILY,Mumbai CSMT,Panvel,16:05,16:08,16,5,3,kharghar -> mansarovar,98145,LOCAL,Evening Peak
HR,kharghar,mansarovar,2.9,DOWN,98147,PLVD25,12.0,Unknown,LOCAL,DAILY,Vadala Road,Panvel,16:13,16:16,16,13,3,kharghar -> mansarovar,98147,LOCAL,Evening Peak
HR,kharghar,mansarovar,2.9,DOWN,98149,PL123,12.0,Unknown,LOCAL,DAILY,Mumbai CSMT,Panvel,16:17,16:20,16,17,3,kharghar -> mansarovar,98149,LOCAL,Evening Peak
HR,kharghar,mansarovar,2.9,DOWN,98151,PL125,12.0,Unknown,LOCAL,DAILY,Mumbai CSMT,Panvel,16:25,16:28,16,25,3,kharghar -> mansarovar,98151,LOCAL,Evening Peak
HR,kharghar,mansarovar,2.9,DOWN,98153,PL127,12.0,Unknown,LOCAL,DAILY,Mumbai CSMT,Panvel,16:33,16:36,16,33,3,kharghar -> mansarovar,98153,LOCAL,Evening Peak
HR,kharghar,mansarovar,2.9,DOWN,98155,PL129,12.0,Unknown,LOCAL,DAILY,Mumbai CSMT,Panvel,16:37,16:40,16,37,3,kharghar -> mansarovar,98155,LOCAL,Evening Peak
HR,kharghar,mansarovar,2.9,DOWN,99037,TPL37,12.0,Unknown,LOCAL,DAILY,Masjid,Panvel,16:41,16:44,16,41,3,kharghar -> mansarovar,99037,LOCAL,Evening Peak
HR,kharghar,mansarovar,2.9,DOWN,98157,PL131,12.0,Unknown,AC,DAILY,Mumbai CSMT,Panvel,16:45,16:48,16,45,3,kharghar -> mansarovar,98157,AC,Evening Peak
HR,kharghar,mansarovar,2.9,DOWN,98159,PL133,12.0,Unknown,LOCAL,DAILY,Mumbai CSMT,Panvel,16:53,16:56,16,53,3,kharghar -> mansarovar,98159,LOCAL,Evening Peak
HR,kharghar,mansarovar,2.9,DOWN,98161,PLVD27,12.0,Unknown,LOCAL,DAILY,Vadala Road,Panvel,16:59,17:02,16,59,3,kharghar -> mansarovar,98161,LOCAL,Evening Peak
HR,kharghar,mansarovar,2.9,DOWN,99039,TPL39,12.0,Unknown,LOCAL,DAILY,Masjid,Panvel,17:05,17:08,17,5,3,kharghar -> mansarovar,99039,LOCAL,Evening Peak
HR,kharghar,mansarovar,2.9,DOWN,98163,PL135,12.0,Unknown,LOCAL,DAILY,Mumbai CSMT,Panvel,17:09,17:12,17,9,3,kharghar -> mansarovar,98163,LOCAL,Evening Peak
HR,kharghar,mansarovar,2.9,DOWN,98165,PL137,12.0,Unknown,LOCAL,DAILY,Mumbai CSMT,Panvel,17:17,17:20,17,17,3,kharghar -> mansarovar,98165,LOCAL,Evening Peak
HR,kharghar,mansarovar,2.9,DOWN,98167,PLVD29,12.0,Unknown,LOCAL,NOT_SUN,Vadala Road,Panvel,17:25,17:28,17,25,3,kharghar -> mansarovar,98167,LOCAL,Evening Peak
HR,kharghar,mansarovar,2.9,DOWN,99041,TPL41,12.0,Unknown,LOCAL,DAILY,Masjid,Panvel,17:29,17:32,17,29,3,kharghar -> mansarovar,99041,LOCAL,Evening Peak
HR,kharghar,mansarovar,2.9,DOWN,98169,PL139,12.0,Unknown,LOCAL,DAILY,Mumbai CSMT,Panvel,17:33,17:36,17,33,3,kharghar -> mansarovar,98169,LOCAL,Evening Peak
HR,kharghar,mansarovar,2.9,DOWN,98171,PL141,12.0,Unknown,LOCAL,DAILY,Mumbai CSMT,Panvel,17:44,17:47,17,44,3,kharghar -> mansarovar,98171,LOCAL,Evening Peak
HR,kharghar,mansarovar,2.9,DOWN,98173,PLVD31,12.0,Unknown,LOCAL,NOT_SUN,Vadala Road,Panvel,17:52,17:55,17,52,3,kharghar -> mansarovar,98173,LOCAL,Evening Peak
HR,kharghar,mansarovar,2.9,DOWN,98175,PL143,12.0,Unknown,LOCAL,DAILY,Mumbai CSMT,Panvel,18:00,18:03,18,0,3,kharghar -> mansarovar,98175,LOCAL,Evening Peak
HR,kharghar,mansarovar,2.9,DOWN,98910,GNPL10,12.0,Unknown,LOCAL,DAILY,Goregaon,Panvel,20:02,20:05,20,2,3,kharghar -> mansarovar,98910,LOCAL,Night
HR,kharghar,mansarovar,2.9,DOWN,98205,PL165,12.0,Unknown,LOCAL,NOT_SUN,Mumbai CSMT,Panvel,20:06,20:09,20,6,3,kharghar -> mansarovar,98205,LOCAL,Night
HR,kharghar,mansarovar,2.9,DOWN,98207,PL167,12.0,Unknown,LOCAL,DAILY,Mumbai CSMT,Panvel,20:14,20:17,20,14,3,kharghar -> mansarovar,98207,LOCAL,Night
HR,kharghar,mansarovar,2.9,DOWN,98209,PLVD41,12.0,Unknown,LOCAL,DAILY,Vadala Road,Panvel,20:18,20:21,20,18,3,kharghar -> mansarovar,98209,LOCAL,Night
HR,kharghar,mansarovar,2.9,DOWN,98211,PL169,12.0,Unknown,LOCAL,DAILY,Mumbai CSMT,Panvel,20:26,20:29,20,26,3,kharghar -> mansarovar,98211,LOCAL,Night
HR,kharghar,mansarovar,2.9,DOWN,99053,TPL53,12.0,Unknown,LOCAL,NOT_SUN,Masjid,Panvel,20:30,20:33,20,30,3,kharghar -> mansarovar,99053,LOCAL,Night
HR,kharghar,mansarovar,2.9,DOWN,98912,GNPL12,12.0,Unknown,LOCAL,DAILY,Goregaon,Panvel,20:35,20:38,20,35,3,kharghar -> mansarovar,98912,LOCAL,Night
HR,kharghar,mansarovar,2.9,DOWN,99055,TPL55,12.0,Unknown,LOCAL,DAILY,Masjid,Panvel,20:40,20:43,20,40,3,kharghar -> mansarovar,99055,LOCAL,Night
HR,kharghar,mansarovar,2.9,DOWN,98213,PL171,12.0,Unknown,LOCAL,DAILY,Mumbai CSMT,Panvel,20:44,20:47,20,44,3,kharghar -> mansarovar,98213,LOCAL,Night
HR,kharghar,mansarovar,2.9,DOWN,98215,PLVD43,12.0,Unknown,LOCAL,DAILY,Vadala Road,Panvel,20:50,20:53,20,50,3,kharghar -> mansarovar,98215,LOCAL,Night
HR,kharghar,mansarovar,2.9,DOWN,99057,TPL57,12.0,Unknown,LOCAL,DAILY,Masjid,Panvel,20:56,20:59,20,56,3,kharghar -> mansarovar,99057,LOCAL,Night
HR,kharghar,mansarovar,2.9,DOWN,98217,PL173,12.0,Unknown,LOCAL,DAILY,Mumbai CSMT,Panvel,21:00,21:03,21,0,3,kharghar -> mansarovar,98217,LOCAL,Night
HR,kharghar,mansarovar,2.9,DOWN,98219,PLVD45,12.0,Unknown,LOCAL,NOT_SUN,Vadala Road,Panvel,21:06,21:09,21,6,3,kharghar -> mansarovar,98219,LOCAL,Night
HR,kharghar,mansarovar,2.9,DOWN,98221,PL175,12.0,Unknown,AC,DAILY,Mumbai CSMT,Panvel,21:10,21:13,21,10,3,kharghar -> mansarovar,98221,AC,Night
HR,kharghar,mansarovar,2.9,DOWN,98914,GNPL14,12.0,Unknown,LOCAL,DAILY,Goregaon,Panvel,21:18,21:21,21,18,3,kharghar -> mansarovar,98914,LOCAL,Night
HR,kharghar,mansarovar,2.9,DOWN,98223,PL177,12.0,Unknown,LOCAL,DAILY,Mumbai CSMT,Panvel,21:26,21:29,21,26,3,kharghar -> mansarovar,98223,LOCAL,Night
HR,kharghar,mansarovar,2.9,DOWN,99059,TPL59,12.0,Unknown,LOCAL,DAILY,Masjid,Panvel,21:31,21:34,21,31,3,kharghar -> mansarovar,99059,LOCAL,Night
HR,kharghar,mansarovar,2.9,DOWN,98225,PL179,12.0,Unknown,LOCAL,DAILY,Mumbai CSMT,Panvel,21:42,21:45,21,42,3,kharghar -> mansarovar,98225,LOCAL,Night
HR,kharghar,mansarovar,2.9,DOWN,98227,PLVD47,12.0,Unknown,LOCAL,NOT_SUN,Vadala Road,Panvel,21:46,21:49,21,46,3,kharghar -> mansarovar,98227,LOCAL,Night
HR,kharghar,mansarovar,2.9,DOWN,99061,TPL61,12.0,Unknown,LOCAL,DAILY,Masjid,Panvel,21:51,21:54,21,51,3,kharghar -> mansarovar,99061,LOCAL,Night
HR,kharghar,mansarovar,2.9,DOWN,98916,GNPL16,12.0,Unknown,LOCAL,DAILY,Goregaon,Panvel,21:54,21:57,21,54,3,kharghar -> mansarovar,98916,LOCAL,Night
HR,kharghar,mansarovar,2.9,DOWN,98229,PL181,12.0,Unknown,LOCAL,DAILY,Mumbai CSMT,Panvel,21:58,22:01,21,58,3,kharghar -> mansarovar,98229,LOCAL,Night
HR,mansarovar,khandeshwar,2.3,DOWN,98251,PL199,12.0,Unknown,LOCAL,DAILY,Mumbai CSMT,Panvel,00:02,00:05,0,2,3,mansarovar -> khandeshwar,98251,LOCAL,Late Night
HR,mansarovar,khandeshwar,2.3,DOWN,98253,PL201,12.0,Unknown,LOCAL,DAILY,Mumbai CSMT,Panvel,00:10,00:13,0,10,3,mansarovar -> khandeshwar,98253,LOCAL,Late Night
HR,mansarovar,khandeshwar,2.3,DOWN,99073,TPL73,12.0,Unknown,LOCAL,DAILY,Masjid,Panvel,00:16,00:19,0,16,3,mansarovar -> khandeshwar,99073,LOCAL,Late Night
HR,mansarovar,khandeshwar,2.3,DOWN,98255,PL203,12.0,Unknown,LOCAL,DAILY,Mumbai CSMT,Panvel,00:26,00:29,0,26,3,mansarovar -> khandeshwar,98255,LOCAL,Late Night
HR,mansarovar,khandeshwar,2.3,DOWN,98257,PL205,12.0,Unknown,LOCAL,DAILY,Mumbai CSMT,Panvel,00:42,00:45,0,42,3,mansarovar -> khandeshwar,98257,LOCAL,Late Night
HR,mansarovar,khandeshwar,2.3,DOWN,99001,TPL1,12.0,Unknown,LOCAL,DAILY,Masjid,Panvel,00:49,00:52,0,49,3,mansarovar -> khandeshwar,99001,LOCAL,Late Night
HR,mansarovar,khandeshwar,2.3,DOWN,98003,PL3,12.0,Unknown,LOCAL,DAILY,Mumbai CSMT,Panvel,00:54,00:57,0,54,3,mansarovar -> khandeshwar,98003,LOCAL,Late Night
HR,mansarovar,khandeshwar,2.3,DOWN,98259,PL207,12.0,Unknown,LOCAL,DAILY,Mumbai CSMT,Panvel,01:04,01:07,1,4,3,mansarovar -> khandeshwar,98259,LOCAL,Late Night
HR,mansarovar,khandeshwar,2.3,DOWN,98001,PL1,12.0,Unknown,LOCAL,DAILY,Mumbai CSMT,Panvel,01:25,01:28,1,25,3,mansarovar -> khandeshwar,98001,LOCAL,Late Night
HR,mansarovar,khandeshwar,2.3,DOWN,98005,PL5,12.0,Unknown,LOCAL,DAILY,Mumbai CSMT,Panvel,01:52,01:55,1,52,3,mansarovar -> khandeshwar,98005,LOCAL,Late Night
HR,mansarovar,khandeshwar,2.3,DOWN,98007,PL7,12.0,Unknown,LOCAL,DAILY,Mumbai CSMT,Panvel,05:44,05:47,5,44,3,mansarovar -> khandeshwar,98007,LOCAL,Morning Peak
HR,mansarovar,khandeshwar,2.3,DOWN,99003,TPL3,12.0,Unknown,LOCAL,DAILY,Masjid,Panvel,05:56,05:59,5,56,3,mansarovar -> khandeshwar,99003,LOCAL,Morning Peak
HR,mansarovar,khandeshwar,2.3,DOWN,98009,PLVD1,12.0,Unknown,AC,NOT_SUN,Vadala Road,Panvel,06:00,06:03,6,0,3,mansarovar -> khandeshwar,98009,AC,Morning Peak
HR,mansarovar,khandeshwar,2.3,DOWN,98039,PL33,12.0,Unknown,LOCAL,NOT_SUN,Mumbai CSMT,Panvel,08:07,08:10,8,7,3,mansarovar -> khandeshwar,98039,LOCAL,Morning Peak
HR,mansarovar,khandeshwar,2.3,DOWN,98041,PL35,12.0,Unknown,LOCAL,DAILY,Mumbai CSMT,Panvel,08:11,08:14,8,11,3,mansarovar -> khandeshwar,98041,LOCAL,Morning Peak
HR,mansarovar,khandeshwar,2.3,DOWN,98043,PL37,12.0,Unknown,LOCAL,DAILY,Mumbai CSMT,Panvel,08:21,08:24,8,21,3,mansarovar -> khandeshwar,98043,LOCAL,Morning Peak
HR,mansarovar,khandeshwar,2.3,DOWN,98045,PL39,12.0,Unknown,AC,DAILY,Mumbai CSMT,Panvel,08:29,08:32,8,29,3,mansarovar -> khandeshwar,98045,AC,Morning Peak
HR,mansarovar,khandeshwar,2.3,DOWN,98047,PLVD7,12.0,Unknown,LOCAL,NOT_SUN,Vadala Road,Panvel,08:33,08:36,8,33,3,mansarovar -> khandeshwar,98047,LOCAL,Morning Peak
HR,mansarovar,khandeshwar,2.3,DOWN,98049,PL41,12.0,Unknown,LOCAL,DAILY,Mumbai CSMT,Panvel,08:38,08:41,8,38,3,mansarovar -> khandeshwar,98049,LOCAL,Morning Peak
HR,mansarovar,khandeshwar,2.3,DOWN,99009,TPL9,12.0,Unknown,LOCAL,DAILY,Masjid,Panvel,08:48,08:51,8,48,3,mansarovar -> khandeshwar,99009,LOCAL,Morning Peak
HR,mansarovar,khandeshwar,2.3,DOWN,98051,PL43,12.0,Unknown,AC,DAILY,Mumbai CSMT,Panvel,08:52,08:55,8,52,3,mansarovar -> khandeshwar,98051,AC,Morning Peak
HR,mansarovar,khandeshwar,2.3,DOWN,98902,GNPL2,12.0,Unknown,LOCAL,DAILY,Goregaon,Panvel,09:04,09:07,9,4,3,mansarovar -> khandeshwar,98902,LOCAL,Late Morning
HR,mansarovar,khandeshwar,2.3,DOWN,98053,PL45,12.0,Unknown,LOCAL,DAILY,Mumbai CSMT,Panvel,09:08,09:11,9,8,3,mansarovar -> khandeshwar,98053,LOCAL,Late Morning
HR,mansarovar,khandeshwar,2.3,DOWN,98055,PL47,12.0,Unknown,LOCAL,NOT_SUN,Mumbai CSMT,Panvel,09:12,09:15,9,12,3,mansarovar -> khandeshwar,98055,LOCAL,Late Morning
HR,mansarovar,khandeshwar,2.3,DOWN,98057,PL49,12.0,Unknown,LOCAL,DAILY,Mumbai CSMT,Panvel,09:21,09:24,9,21,3,mansarovar -> khandeshwar,98057,LOCAL,Late Morning
HR,mansarovar,khandeshwar,2.3,DOWN,99011,TPL11,12.0,Unknown,LOCAL,DAILY,Masjid,Panvel,09:25,09:28,9,25,3,mansarovar -> khandeshwar,99011,LOCAL,Late Morning
HR,mansarovar,khandeshwar,2.3,DOWN,98059,PLVD9,12.0,Unknown,LOCAL,NOT_SUN,Vadala Road,Panvel,09:29,09:32,9,29,3,mansarovar -> khandeshwar,98059,LOCAL,Late Morning
HR,mansarovar,khandeshwar,2.3,DOWN,98061,PL51,12.0,Unknown,LOCAL,DAILY,Mumbai CSMT,Panvel,09:37,09:40,9,37,3,mansarovar -> khandeshwar,98061,LOCAL,Late Morning
HR,mansarovar,khandeshwar,2.3,DOWN,98063,PL53,12.0,Unknown,LOCAL,DAILY,Mumbai CSMT,Panvel,09:46,09:49,9,46,3,mansarovar -> khandeshwar,98063,LOCAL,Late Morning
HR,mansarovar,khandeshwar,2.3,DOWN,99013,TPL13,12.0,Unknown,LOCAL,DAILY,Masjid,Panvel,09:58,10:01,9,58,3,mansarovar -> khandeshwar,99013,LOCAL,Late Morning
HR,mansarovar,khandeshwar,2.3,DOWN,98093,PL77,12.0,Unknown,LOCAL,DAILY,Mumbai CSMT,Panvel,12:04,12:07,12,4,3,mansarovar -> khandeshwar,98093,LOCAL,Afternoon
HR,mansarovar,khandeshwar,2.3,DOWN,98095,PL79,12.0,Unknown,LOCAL,DAILY,Mumbai CSMT,Panvel,12:16,12:19,12,16,3,mansarovar -> khandeshwar,98095,LOCAL,Afternoon
HR,mansarovar,khandeshwar,2.3,DOWN,98097,PL81,12.0,Unknown,LOCAL,DAILY,Mumbai CSMT,Panvel,12:28,12:31,12,28,3,mansarovar -> khandeshwar,98097,LOCAL,Afternoon
HR,mansarovar,khandeshwar,2.3,DOWN,98099,PL83,12.0,Unknown,LOCAL,DAILY,Mumbai CSMT,Panvel,12:40,12:43,12,40,3,mansarovar -> khandeshwar,98099,LOCAL,Afternoon
HR,mansarovar,khandeshwar,2.3,DOWN,99023,TPL23,12.0,Unknown,LOCAL,DAILY,Masjid,Panvel,12:48,12:51,12,48,3,mansarovar -> khandeshwar,99023,LOCAL,Afternoon
HR,mansarovar,khandeshwar,2.3,DOWN,98101,PL85,12.0,Unknown,LOCAL,DAILY,Mumbai CSMT,Panvel,12:53,12:56,12,53,3,mansarovar -> khandeshwar,98101,LOCAL,Afternoon
HR,mansarovar,khandeshwar,2.3,DOWN,98103,PL87,12.0,Unknown,LOCAL,DAILY,Mumbai CSMT,Panvel,13:05,13:08,13,5,3,mansarovar -> khandeshwar,98103,LOCAL,Afternoon
HR,mansarovar,khandeshwar,2.3,DOWN,98105,PL89,12.0,Unknown,LOCAL,NOT_SUN,Mumbai CSMT,Panvel,13:09,13:12,13,9,3,mansarovar -> khandeshwar,98105,LOCAL,Afternoon
HR,mansarovar,khandeshwar,2.3,DOWN,98107,PLVD17,12.0,Unknown,LOCAL,NOT_SUN,Vadala Road,Panvel,13:12,13:15,13,12,3,mansarovar -> khandeshwar,98107,LOCAL,Afternoon
HR,mansarovar,khandeshwar,2.3,DOWN,98109,PL91,12.0,Unknown,LOCAL,DAILY,Mumbai CSMT,Panvel,13:21,13:24,13,21,3,mansarovar -> khandeshwar,98109,LOCAL,Afternoon
HR,mansarovar,khandeshwar,2.3,DOWN,98111,PL93,12.0,Unknown,LOCAL,NOT_SUN,Mumbai CSMT,Panvel,13:29,13:32,13,29,3,mansarovar -> khandeshwar,98111,LOCAL,Afternoon
HR,mansarovar,khandeshwar,2.3,DOWN,99025,TPL25,12.0,Unknown,LOCAL,DAILY,Masjid,Panvel,13:34,13:37,13,34,3,mansarovar -> khandeshwar,99025,LOCAL,Afternoon
HR,mansarovar,khandeshwar,2.3,DOWN,98113,PL95,12.0,Unknown,LOCAL,DAILY,Mumbai CSMT,Panvel,13:42,13:45,13,42,3,mansarovar -> khandeshwar,98113,LOCAL,Afternoon
HR,mansarovar,khandeshwar,2.3,DOWN,98115,PLVD19,12.0,Unknown,LOCAL,DAILY,Vadala Road,Panvel,13:46,13:49,13,46,3,mansarovar -> khandeshwar,98115,LOCAL,Afternoon
HR,mansarovar,khandeshwar,2.3,DOWN,98908,GNPL8,12.0,Unknown,LOCAL,DAILY,Goregaon,Panvel,13:56,13:59,13,56,3,mansarovar -> khandeshwar,98908,LOCAL,Afternoon
HR,mansarovar,khandeshwar,2.3,DOWN,98143,PL119,12.0,Unknown,LOCAL,NOT_SUN,Mumbai CSMT,Panvel,16:00,16:03,16,0,3,mansarovar -> khandeshwar,98143,LOCAL,Evening Peak
HR,mansarovar,khandeshwar,2.3,DOWN,99035,TPL35,12.0,Unknown,LOCAL,DAILY,Masjid,Panvel,16:04,16:07,16,4,3,mansarovar -> khandeshwar,99035,LOCAL,Evening Peak
HR,mansarovar,khandeshwar,2.3,DOWN,98145,PL121,12.0,Unknown,LOCAL,DAILY,Mumbai CSMT,Panvel,16:08,16:11,16,8,3,mansarovar -> khandeshwar,98145,LOCAL,Evening Peak
HR,mansarovar,khandeshwar,2.3,DOWN,98147,PLVD25,12.0,Unknown,LOCAL,DAILY,Vadala Road,Panvel,16:16,16:19,16,16,3,mansarovar -> khandeshwar,98147,LOCAL,Evening Peak
HR,mansarovar,khandeshwar,2.3,DOWN,98149,PL123,12.0,Unknown,LOCAL,DAILY,Mumbai CSMT,Panvel,16:20,16:23,16,20,3,mansarovar -> khandeshwar,98149,LOCAL,Evening Peak
HR,mansarovar,khandeshwar,2.3,DOWN,98151,PL125,12.0,Unknown,LOCAL,DAILY,Mumbai CSMT,Panvel,16:28,16:31,16,28,3,mansarovar -> khandeshwar,98151,LOCAL,Evening Peak
HR,mansarovar,khandeshwar,2.3,DOWN,98153,PL127,12.0,Unknown,LOCAL,DAILY,Mumbai CSMT,Panvel,16:36,16:39,16,36,3,mansarovar -> khandeshwar,98153,LOCAL,Evening Peak
HR,mansarovar,khandeshwar,2.3,DOWN,98155,PL129,12.0,Unknown,LOCAL,DAILY,Mumbai CSMT,Panvel,16:40,16:43,16,40,3,mansarovar -> khandeshwar,98155,LOCAL,Evening Peak
HR,mansarovar,khandeshwar,2.3,DOWN,99037,TPL37,12.0,Unknown,LOCAL,DAILY,Masjid,Panvel,16:44,16:47,16,44,3,mansarovar -> khandeshwar,99037,LOCAL,Evening Peak
HR,mansarovar,khandeshwar,2.3,DOWN,98157,PL131,12.0,Unknown,AC,DAILY,Mumbai CSMT,Panvel,16:48,16:51,16,48,3,mansarovar -> khandeshwar,98157,AC,Evening Peak
HR,mansarovar,khandeshwar,2.3,DOWN,98159,PL133,12.0,Unknown,LOCAL,DAILY,Mumbai CSMT,Panvel,16:56,16:59,16,56,3,mansarovar -> khandeshwar,98159,LOCAL,Evening Peak
HR,mansarovar,khandeshwar,2.3,DOWN,98161,PLVD27,12.0,Unknown,LOCAL,DAILY,Vadala Road,Panvel,17:02,17:05,17,2,3,mansarovar -> khandeshwar,98161,LOCAL,Evening Peak
HR,mansarovar,khandeshwar,2.3,DOWN,99039,TPL39,12.0,Unknown,LOCAL,DAILY,Masjid,Panvel,17:08,17:11,17,8,3,mansarovar -> khandeshwar,99039,LOCAL,Evening Peak
HR,mansarovar,khandeshwar,2.3,DOWN,98163,PL135,12.0,Unknown,LOCAL,DAILY,Mumbai CSMT,Panvel,17:12,17:15,17,12,3,mansarovar -> khandeshwar,98163,LOCAL,Evening Peak
HR,mansarovar,khandeshwar,2.3,DOWN,98165,PL137,12.0,Unknown,LOCAL,DAILY,Mumbai CSMT,Panvel,17:20,17:23,17,20,3,mansarovar -> khandeshwar,98165,LOCAL,Evening Peak
HR,mansarovar,khandeshwar,2.3,DOWN,98167,PLVD29,12.0,Unknown,LOCAL,NOT_SUN,Vadala Road,Panvel,17:28,17:31,17,28,3,mansarovar -> khandeshwar,98167,LOCAL,Evening Peak
HR,mansarovar,khandeshwar,2.3,DOWN,99041,TPL41,12.0,Unknown,LOCAL,DAILY,Masjid,Panvel,17:32,17:35,17,32,3,mansarovar -> khandeshwar,99041,LOCAL,Evening Peak
HR,mansarovar,khandeshwar,2.3,DOWN,98169,PL139,12.0,Unknown,LOCAL,DAILY,Mumbai CSMT,Panvel,17:36,17:39,17,36,3,mansarovar -> khandeshwar,98169,LOCAL,Evening Peak
HR,mansarovar,khandeshwar,2.3,DOWN,98171,PL141,12.0,Unknown,LOCAL,DAILY,Mumbai CSMT,Panvel,17:47,17:50,17,47,3,mansarovar -> khandeshwar,98171,LOCAL,Evening Peak
HR,mansarovar,khandeshwar,2.3,DOWN,98173,PLVD31,12.0,Unknown,LOCAL,NOT_SUN,Vadala Road,Panvel,17:55,17:58,17,55,3,mansarovar -> khandeshwar,98173,LOCAL,Evening Peak
HR,mansarovar,khandeshwar,2.3,DOWN,98910,GNPL10,12.0,Unknown,LOCAL,DAILY,Goregaon,Panvel,20:05,20:08,20,5,3,mansarovar -> khandeshwar,98910,LOCAL,Night
HR,mansarovar,khandeshwar,2.3,DOWN,98205,PL165,12.0,Unknown,LOCAL,NOT_SUN,Mumbai CSMT,Panvel,20:09,20:12,20,9,3,mansarovar -> khandeshwar,98205,LOCAL,Night
HR,mansarovar,khandeshwar,2.3,DOWN,98207,PL167,12.0,Unknown,LOCAL,DAILY,Mumbai CSMT,Panvel,20:17,20:20,20,17,3,mansarovar -> khandeshwar,98207,LOCAL,Night
HR,mansarovar,khandeshwar,2.3,DOWN,98209,PLVD41,12.0,Unknown,LOCAL,DAILY,Vadala Road,Panvel,20:21,20:24,20,21,3,mansarovar -> khandeshwar,98209,LOCAL,Night
HR,mansarovar,khandeshwar,2.3,DOWN,98211,PL169,12.0,Unknown,LOCAL,DAILY,Mumbai CSMT,Panvel,20:29,20:32,20,29,3,mansarovar -> khandeshwar,98211,LOCAL,Night
HR,mansarovar,khandeshwar,2.3,DOWN,99053,TPL53,12.0,Unknown,LOCAL,NOT_SUN,Masjid,Panvel,20:33,20:36,20,33,3,mansarovar -> khandeshwar,99053,LOCAL,Night
HR,mansarovar,khandeshwar,2.3,DOWN,98912,GNPL12,12.0,Unknown,LOCAL,DAILY,Goregaon,Panvel,20:38,20:41,20,38,3,mansarovar -> khandeshwar,98912,LOCAL,Night
HR,mansarovar,khandeshwar,2.3,DOWN,99055,TPL55,12.0,Unknown,LOCAL,DAILY,Masjid,Panvel,20:43,20:46,20,43,3,mansarovar -> khandeshwar,99055,LOCAL,Night
HR,mansarovar,khandeshwar,2.3,DOWN,98213,PL171,12.0,Unknown,LOCAL,DAILY,Mumbai CSMT,Panvel,20:47,20:50,20,47,3,mansarovar -> khandeshwar,98213,LOCAL,Night
HR,mansarovar,khandeshwar,2.3,DOWN,98215,PLVD43,12.0,Unknown,LOCAL,DAILY,Vadala Road,Panvel,20:53,20:56,20,53,3,mansarovar -> khandeshwar,98215,LOCAL,Night
HR,mansarovar,khandeshwar,2.3,DOWN,99057,TPL57,12.0,Unknown,LOCAL,DAILY,Masjid,Panvel,20:59,21:02,20,59,3,mansarovar -> khandeshwar,99057,LOCAL,Night
HR,mansarovar,khandeshwar,2.3,DOWN,98217,PL173,12.0,Unknown,LOCAL,DAILY,Mumbai CSMT,Panvel,21:03,21:06,21,3,3,mansarovar -> khandeshwar,98217,LOCAL,Night
HR,mansarovar,khandeshwar,2.3,DOWN,98219,PLVD45,12.0,Unknown,LOCAL,NOT_SUN,Vadala Road,Panvel,21:09,21:12,21,9,3,mansarovar -> khandeshwar,98219,LOCAL,Night
HR,mansarovar,khandeshwar,2.3,DOWN,98221,PL175,12.0,Unknown,AC,DAILY,Mumbai CSMT,Panvel,21:13,21:16,21,13,3,mansarovar -> khandeshwar,98221,AC,Night
HR,mansarovar,khandeshwar,2.3,DOWN,98914,GNPL14,12.0,Unknown,LOCAL,DAILY,Goregaon,Panvel,21:21,21:24,21,21,3,mansarovar -> khandeshwar,98914,LOCAL,Night
HR,mansarovar,khandeshwar,2.3,DOWN,98223,PL177,12.0,Unknown,LOCAL,DAILY,Mumbai CSMT,Panvel,21:29,21:32,21,29,3,mansarovar -> khandeshwar,98223,LOCAL,Night
HR,mansarovar,khandeshwar,2.3,DOWN,99059,TPL59,12.0,Unknown,LOCAL,DAILY,Masjid,Panvel,21:34,21:37,21,34,3,mansarovar -> khandeshwar,99059,LOCAL,Night
HR,mansarovar,khandeshwar,2.3,DOWN,98225,PL179,12.0,Unknown,LOCAL,DAILY,Mumbai CSMT,Panvel,21:45,21:48,21,45,3,mansarovar -> khandeshwar,98225,LOCAL,Night
HR,mansarovar,khandeshwar,2.3,DOWN,98227,PLVD47,12.0,Unknown,LOCAL,NOT_SUN,Vadala Road,Panvel,21:49,21:52,21,49,3,mansarovar -> khandeshwar,98227,LOCAL,Night
HR,mansarovar,khandeshwar,2.3,DOWN,99061,TPL61,12.0,Unknown,LOCAL,DAILY,Masjid,Panvel,21:54,21:57,21,54,3,mansarovar -> khandeshwar,99061,LOCAL,Night
HR,mansarovar,khandeshwar,2.3,DOWN,98916,GNPL16,12.0,Unknown,LOCAL,DAILY,Goregaon,Panvel,21:57,22:00,21,57,3,mansarovar -> khandeshwar,98916,LOCAL,Night
HR,khandeshwar,panvel,3.2,DOWN,99071,TPL71,12.0,Unknown,LOCAL,DAILY,Masjid,Panvel,00:01,00:06,0,1,5,khandeshwar -> panvel,99071,LOCAL,Late Night
HR,khandeshwar,panvel,3.2,DOWN,98251,PL199,12.0,Unknown,LOCAL,DAILY,Mumbai CSMT,Panvel,00:05,00:10,0,5,5,khandeshwar -> panvel,98251,LOCAL,Late Night
HR,khandeshwar,panvel,3.2,DOWN,98253,PL201,12.0,Unknown,LOCAL,DAILY,Mumbai CSMT,Panvel,00:13,00:18,0,13,5,khandeshwar -> panvel,98253,LOCAL,Late Night
HR,khandeshwar,panvel,3.2,DOWN,99073,TPL73,12.0,Unknown,LOCAL,DAILY,Masjid,Panvel,00:19,00:24,0,19,5,khandeshwar -> panvel,99073,LOCAL,Late Night
HR,khandeshwar,panvel,3.2,DOWN,98255,PL203,12.0,Unknown,LOCAL,DAILY,Mumbai CSMT,Panvel,00:29,00:34,0,29,5,khandeshwar -> panvel,98255,LOCAL,Late Night
HR,khandeshwar,panvel,3.2,DOWN,98257,PL205,12.0,Unknown,LOCAL,DAILY,Mumbai CSMT,Panvel,00:45,00:50,0,45,5,khandeshwar -> panvel,98257,LOCAL,Late Night
HR,khandeshwar,panvel,3.2,DOWN,99001,TPL1,12.0,Unknown,LOCAL,DAILY,Masjid,Panvel,00:52,00:57,0,52,5,khandeshwar -> panvel,99001,LOCAL,Late Night
HR,khandeshwar,panvel,3.2,DOWN,98003,PL3,12.0,Unknown,LOCAL,DAILY,Mumbai CSMT,Panvel,00:57,01:02,0,57,5,khandeshwar -> panvel,98003,LOCAL,Late Night
HR,khandeshwar,panvel,3.2,DOWN,98259,PL207,12.0,Unknown,LOCAL,DAILY,Mumbai CSMT,Panvel,01:07,01:13,1,7,6,khandeshwar -> panvel,98259,LOCAL,Late Night
HR,khandeshwar,panvel,3.2,DOWN,98001,PL1,12.0,Unknown,LOCAL,DAILY,Mumbai CSMT,Panvel,01:28,01:33,1,28,5,khandeshwar -> panvel,98001,LOCAL,Late Night
HR,khandeshwar,panvel,3.2,DOWN,98005,PL5,12.0,Unknown,LOCAL,DAILY,Mumbai CSMT,Panvel,01:55,02:00,1,55,5,khandeshwar -> panvel,98005,LOCAL,Late Night
HR,khandeshwar,panvel,3.2,DOWN,98007,PL7,12.0,Unknown,LOCAL,DAILY,Mumbai CSMT,Panvel,05:47,05:52,5,47,5,khandeshwar -> panvel,98007,LOCAL,Morning Peak
HR,khandeshwar,panvel,3.2,DOWN,99003,TPL3,12.0,Unknown,LOCAL,DAILY,Masjid,Panvel,05:59,06:04,5,59,5,khandeshwar -> panvel,99003,LOCAL,Morning Peak
HR,khandeshwar,panvel,3.2,DOWN,98039,PL33,12.0,Unknown,LOCAL,NOT_SUN,Mumbai CSMT,Panvel,08:10,08:15,8,10,5,khandeshwar -> panvel,98039,LOCAL,Morning Peak
HR,khandeshwar,panvel,3.2,DOWN,98041,PL35,12.0,Unknown,LOCAL,DAILY,Mumbai CSMT,Panvel,08:14,08:19,8,14,5,khandeshwar -> panvel,98041,LOCAL,Morning Peak
HR,khandeshwar,panvel,3.2,DOWN,98043,PL37,12.0,Unknown,LOCAL,DAILY,Mumbai CSMT,Panvel,08:24,08:29,8,24,5,khandeshwar -> panvel,98043,LOCAL,Morning Peak
HR,khandeshwar,panvel,3.2,DOWN,98045,PL39,12.0,Unknown,AC,DAILY,Mumbai CSMT,Panvel,08:32,08:37,8,32,5,khandeshwar -> panvel,98045,AC,Morning Peak
HR,khandeshwar,panvel,3.2,DOWN,98047,PLVD7,12.0,Unknown,LOCAL,NOT_SUN,Vadala Road,Panvel,08:36,08:41,8,36,5,khandeshwar -> panvel,98047,LOCAL,Morning Peak
HR,khandeshwar,panvel,3.2,DOWN,98049,PL41,12.0,Unknown,LOCAL,DAILY,Mumbai CSMT,Panvel,08:41,08:47,8,41,6,khandeshwar -> panvel,98049,LOCAL,Morning Peak
HR,khandeshwar,panvel,3.2,DOWN,99009,TPL9,12.0,Unknown,LOCAL,DAILY,Masjid,Panvel,08:51,08:56,8,51,5,khandeshwar -> panvel,99009,LOCAL,Morning Peak
HR,khandeshwar,panvel,3.2,DOWN,98051,PL43,12.0,Unknown,AC,DAILY,Mumbai CSMT,Panvel,08:55,09:00,8,55,5,khandeshwar -> panvel,98051,AC,Morning Peak
HR,khandeshwar,panvel,3.2,DOWN,98902,GNPL2,12.0,Unknown,LOCAL,DAILY,Goregaon,Panvel,09:07,09:12,9,7,5,khandeshwar -> panvel,98902,LOCAL,Late Morning
HR,khandeshwar,panvel,3.2,DOWN,98053,PL45,12.0,Unknown,LOCAL,DAILY,Mumbai CSMT,Panvel,09:11,09:16,9,11,5,khandeshwar -> panvel,98053,LOCAL,Late Morning
HR,khandeshwar,panvel,3.2,DOWN,98055,PL47,12.0,Unknown,LOCAL,NOT_SUN,Mumbai CSMT,Panvel,09:15,09:20,9,15,5,khandeshwar -> panvel,98055,LOCAL,Late Morning
HR,khandeshwar,panvel,3.2,DOWN,98057,PL49,12.0,Unknown,LOCAL,DAILY,Mumbai CSMT,Panvel,09:24,09:29,9,24,5,khandeshwar -> panvel,98057,LOCAL,Late Morning
HR,khandeshwar,panvel,3.2,DOWN,99011,TPL11,12.0,Unknown,LOCAL,DAILY,Masjid,Panvel,09:28,09:33,9,28,5,khandeshwar -> panvel,99011,LOCAL,Late Morning
HR,khandeshwar,panvel,3.2,DOWN,98059,PLVD9,12.0,Unknown,LOCAL,NOT_SUN,Vadala Road,Panvel,09:32,09:37,9,32,5,khandeshwar -> panvel,98059,LOCAL,Late Morning
HR,khandeshwar,panvel,3.2,DOWN,98061,PL51,12.0,Unknown,LOCAL,DAILY,Mumbai CSMT,Panvel,09:40,09:45,9,40,5,khandeshwar -> panvel,98061,LOCAL,Late Morning
HR,khandeshwar,panvel,3.2,DOWN,98063,PL53,12.0,Unknown,LOCAL,DAILY,Mumbai CSMT,Panvel,09:49,09:54,9,49,5,khandeshwar -> panvel,98063,LOCAL,Late Morning
HR,khandeshwar,panvel,3.2,DOWN,99021,TPL21,12.0,Unknown,LOCAL,DAILY,Masjid,Panvel,12:02,12:07,12,2,5,khandeshwar -> panvel,99021,LOCAL,Afternoon
HR,khandeshwar,panvel,3.2,DOWN,98093,PL77,12.0,Unknown,LOCAL,DAILY,Mumbai CSMT,Panvel,12:07,12:12,12,7,5,khandeshwar -> panvel,98093,LOCAL,Afternoon
HR,khandeshwar,panvel,3.2,DOWN,98095,PL79,12.0,Unknown,LOCAL,DAILY,Mumbai CSMT,Panvel,12:19,12:24,12,19,5,khandeshwar -> panvel,98095,LOCAL,Afternoon
HR,khandeshwar,panvel,3.2,DOWN,98097,PL81,12.0,Unknown,LOCAL,DAILY,Mumbai CSMT,Panvel,12:31,12:36,12,31,5,khandeshwar -> panvel,98097,LOCAL,Afternoon
HR,khandeshwar,panvel,3.2,DOWN,98099,PL83,12.0,Unknown,LOCAL,DAILY,Mumbai CSMT,Panvel,12:43,12:48,12,43,5,khandeshwar -> panvel,98099,LOCAL,Afternoon
HR,khandeshwar,panvel,3.2,DOWN,99023,TPL23,12.0,Unknown,LOCAL,DAILY,Masjid,Panvel,12:51,12:56,12,51,5,khandeshwar -> panvel,99023,LOCAL,Afternoon
HR,khandeshwar,panvel,3.2,DOWN,98101,PL85,12.0,Unknown,LOCAL,DAILY,Mumbai CSMT,Panvel,12:56,13:01,12,56,5,khandeshwar -> panvel,98101,LOCAL,Afternoon
HR,khandeshwar,panvel,3.2,DOWN,98103,PL87,12.0,Unknown,LOCAL,DAILY,Mumbai CSMT,Panvel,13:08,13:13,13,8,5,khandeshwar -> panvel,98103,LOCAL,Afternoon
HR,khandeshwar,panvel,3.2,DOWN,98105,PL89,12.0,Unknown,LOCAL,NOT_SUN,Mumbai CSMT,Panvel,13:12,13:17,13,12,5,khandeshwar -> panvel,98105,LOCAL,Afternoon
HR,khandeshwar,panvel,3.2,DOWN,98107,PLVD17,12.0,Unknown,LOCAL,NOT_SUN,Vadala Road,Panvel,13:15,13:20,13,15,5,khandeshwar -> panvel,98107,LOCAL,Afternoon
HR,khandeshwar,panvel,3.2,DOWN,98109,PL91,12.0,Unknown,LOCAL,DAILY,Mumbai CSMT,Panvel,13:24,13:29,13,24,5,khandeshwar -> panvel,98109,LOCAL,Afternoon
HR,khandeshwar,panvel,3.2,DOWN,98111,PL93,12.0,Unknown,LOCAL,NOT_SUN,Mumbai CSMT,Panvel,13:32,13:37,13,32,5,khandeshwar -> panvel,98111,LOCAL,Afternoon
HR,khandeshwar,panvel,3.2,DOWN,99025,TPL25,12.0,Unknown,LOCAL,DAILY,Masjid,Panvel,13:37,13:42,13,37,5,khandeshwar -> panvel,99025,LOCAL,Afternoon
HR,khandeshwar,panvel,3.2,DOWN,98113,PL95,12.0,Unknown,LOCAL,DAILY,Mumbai CSMT,Panvel,13:45,13:50,13,45,5,khandeshwar -> panvel,98113,LOCAL,Afternoon
HR,khandeshwar,panvel,3.2,DOWN,98115,PLVD19,12.0,Unknown,LOCAL,DAILY,Vadala Road,Panvel,13:49,13:54,13,49,5,khandeshwar -> panvel,98115,LOCAL,Afternoon
HR,khandeshwar,panvel,3.2,DOWN,98908,GNPL8,12.0,Unknown,LOCAL,DAILY,Goregaon,Panvel,13:59,14:04,13,59,5,khandeshwar -> panvel,98908,LOCAL,Afternoon
HR,khandeshwar,panvel,3.2,DOWN,98141,PL117,12.0,Unknown,LOCAL,DAILY,Mumbai CSMT,Panvel,16:00,16:05,16,0,5,khandeshwar -> panvel,98141,LOCAL,Evening Peak
HR,khandeshwar,panvel,3.2,DOWN,98143,PL119,12.0,Unknown,LOCAL,NOT_SUN,Mumbai CSMT,Panvel,16:03,16:08,16,3,5,khandeshwar -> panvel,98143,LOCAL,Evening Peak
HR,khandeshwar,panvel,3.2,DOWN,99035,TPL35,12.0,Unknown,LOCAL,DAILY,Masjid,Panvel,16:07,16:12,16,7,5,khandeshwar -> panvel,99035,LOCAL,Evening Peak
HR,khandeshwar,panvel,3.2,DOWN,98145,PL121,12.0,Unknown,LOCAL,DAILY,Mumbai CSMT,Panvel,16:11,16:16,16,11,5,khandeshwar -> panvel,98145,LOCAL,Evening Peak
HR,khandeshwar,panvel,3.2,DOWN,98147,PLVD25,12.0,Unknown,LOCAL,DAILY,Vadala Road,Panvel,16:19,16:24,16,19,5,khandeshwar -> panvel,98147,LOCAL,Evening Peak
HR,khandeshwar,panvel,3.2,DOWN,98149,PL123,12.0,Unknown,LOCAL,DAILY,Mumbai CSMT,Panvel,16:23,16:28,16,23,5,khandeshwar -> panvel,98149,LOCAL,Evening Peak
HR,khandeshwar,panvel,3.2,DOWN,98151,PL125,12.0,Unknown,LOCAL,DAILY,Mumbai CSMT,Panvel,16:31,16:36,16,31,5,khandeshwar -> panvel,98151,LOCAL,Evening Peak
HR,khandeshwar,panvel,3.2,DOWN,98153,PL127,12.0,Unknown,LOCAL,DAILY,Mumbai CSMT,Panvel,16:39,16:44,16,39,5,khandeshwar -> panvel,98153,LOCAL,Evening Peak
HR,khandeshwar,panvel,3.2,DOWN,98155,PL129,12.0,Unknown,LOCAL,DAILY,Mumbai CSMT,Panvel,16:43,16:48,16,43,5,khandeshwar -> panvel,98155,LOCAL,Evening Peak
HR,khandeshwar,panvel,3.2,DOWN,99037,TPL37,12.0,Unknown,LOCAL,DAILY,Masjid,Panvel,16:47,16:52,16,47,5,khandeshwar -> panvel,99037,LOCAL,Evening Peak
HR,khandeshwar,panvel,3.2,DOWN,98157,PL131,12.0,Unknown,AC,DAILY,Mumbai CSMT,Panvel,16:51,16:56,16,51,5,khandeshwar -> panvel,98157,AC,Evening Peak
HR,khandeshwar,panvel,3.2,DOWN,98159,PL133,12.0,Unknown,LOCAL,DAILY,Mumbai CSMT,Panvel,16:59,17:04,16,59,5,khandeshwar -> panvel,98159,LOCAL,Evening Peak
HR,khandeshwar,panvel,3.2,DOWN,98161,PLVD27,12.0,Unknown,LOCAL,DAILY,Vadala Road,Panvel,17:05,17:10,17,5,5,khandeshwar -> panvel,98161,LOCAL,Evening Peak
HR,khandeshwar,panvel,3.2,DOWN,99039,TPL39,12.0,Unknown,LOCAL,DAILY,Masjid,Panvel,17:11,17:16,17,11,5,khandeshwar -> panvel,99039,LOCAL,Evening Peak
HR,khandeshwar,panvel,3.2,DOWN,98163,PL135,12.0,Unknown,LOCAL,DAILY,Mumbai CSMT,Panvel,17:15,17:21,17,15,6,khandeshwar -> panvel,98163,LOCAL,Evening Peak
HR,khandeshwar,panvel,3.2,DOWN,98165,PL137,12.0,Unknown,LOCAL,DAILY,Mumbai CSMT,Panvel,17:23,17:28,17,23,5,khandeshwar -> panvel,98165,LOCAL,Evening Peak
HR,khandeshwar,panvel,3.2,DOWN,98167,PLVD29,12.0,Unknown,LOCAL,NOT_SUN,Vadala Road,Panvel,17:31,17:36,17,31,5,khandeshwar -> panvel,98167,LOCAL,Evening Peak
HR,khandeshwar,panvel,3.2,DOWN,99041,TPL41,12.0,Unknown,LOCAL,DAILY,Masjid,Panvel,17:35,17:40,17,35,5,khandeshwar -> panvel,99041,LOCAL,Evening Peak
HR,khandeshwar,panvel,3.2,DOWN,98169,PL139,12.0,Unknown,LOCAL,DAILY,Mumbai CSMT,Panvel,17:39,17:44,17,39,5,khandeshwar -> panvel,98169,LOCAL,Evening Peak
HR,khandeshwar,panvel,3.2,DOWN,98171,PL141,12.0,Unknown,LOCAL,DAILY,Mumbai CSMT,Panvel,17:50,17:55,17,50,5,khandeshwar -> panvel,98171,LOCAL,Evening Peak
HR,khandeshwar,panvel,3.2,DOWN,98173,PLVD31,12.0,Unknown,LOCAL,NOT_SUN,Vadala Road,Panvel,17:58,18:03,17,58,5,khandeshwar -> panvel,98173,LOCAL,Evening Peak
HR,khandeshwar,panvel,3.2,DOWN,99051,TPL51,12.0,Unknown,LOCAL,DAILY,Masjid,Panvel,20:01,20:06,20,1,5,khandeshwar -> panvel,99051,LOCAL,Night
HR,khandeshwar,panvel,3.2,DOWN,98910,GNPL10,12.0,Unknown,LOCAL,DAILY,Goregaon,Panvel,20:08,20:13,20,8,5,khandeshwar -> panvel,98910,LOCAL,Night
HR,khandeshwar,panvel,3.2,DOWN,98205,PL165,12.0,Unknown,LOCAL,NOT_SUN,Mumbai CSMT,Panvel,20:12,20:17,20,12,5,khandeshwar -> panvel,98205,LOCAL,Night
HR,khandeshwar,panvel,3.2,DOWN,98207,PL167,12.0,Unknown,LOCAL,DAILY,Mumbai CSMT,Panvel,20:20,20:25,20,20,5,khandeshwar -> panvel,98207,LOCAL,Night
HR,khandeshwar,panvel,3.2,DOWN,98209,PLVD41,12.0,Unknown,LOCAL,DAILY,Vadala Road,Panvel,20:24,20:29,20,24,5,khandeshwar -> panvel,98209,LOCAL,Night
HR,khandeshwar,panvel,3.2,DOWN,98211,PL169,12.0,Unknown,LOCAL,DAILY,Mumbai CSMT,Panvel,20:32,20:37,20,32,5,khandeshwar -> panvel,98211,LOCAL,Night
HR,khandeshwar,panvel,3.2,DOWN,99053,TPL53,12.0,Unknown,LOCAL,NOT_SUN,Masjid,Panvel,20:36,20:42,20,36,6,khandeshwar -> panvel,99053,LOCAL,Night
HR,khandeshwar,panvel,3.2,DOWN,98912,GNPL12,12.0,Unknown,LOCAL,DAILY,Goregaon,Panvel,20:41,20:46,20,41,5,khandeshwar -> panvel,98912,LOCAL,Night
HR,khandeshwar,panvel,3.2,DOWN,99055,TPL55,12.0,Unknown,LOCAL,DAILY,Masjid,Panvel,20:46,20:51,20,46,5,khandeshwar -> panvel,99055,LOCAL,Night
HR,khandeshwar,panvel,3.2,DOWN,98213,PL171,12.0,Unknown,LOCAL,DAILY,Mumbai CSMT,Panvel,20:50,20:55,20,50,5,khandeshwar -> panvel,98213,LOCAL,Night
HR,khandeshwar,panvel,3.2,DOWN,98215,PLVD43,12.0,Unknown,LOCAL,DAILY,Vadala Road,Panvel,20:56,21:01,20,56,5,khandeshwar -> panvel,98215,LOCAL,Night
HR,khandeshwar,panvel,3.2,DOWN,99057,TPL57,12.0,Unknown,LOCAL,DAILY,Masjid,Panvel,21:02,21:07,21,2,5,khandeshwar -> panvel,99057,LOCAL,Night
HR,khandeshwar,panvel,3.2,DOWN,98217,PL173,12.0,Unknown,LOCAL,DAILY,Mumbai CSMT,Panvel,21:06,21:11,21,6,5,khandeshwar -> panvel,98217,LOCAL,Night
HR,khandeshwar,panvel,3.2,DOWN,98219,PLVD45,12.0,Unknown,LOCAL,NOT_SUN,Vadala Road,Panvel,21:12,21:17,21,12,5,khandeshwar -> panvel,98219,LOCAL,Night
HR,khandeshwar,panvel,3.2,DOWN,98221,PL175,12.0,Unknown,AC,DAILY,Mumbai CSMT,Panvel,21:16,21:21,21,16,5,khandeshwar -> panvel,98221,AC,Night
HR,khandeshwar,panvel,3.2,DOWN,98914,GNPL14,12.0,Unknown,LOCAL,DAILY,Goregaon,Panvel,21:24,21:29,21,24,5,khandeshwar -> panvel,98914,LOCAL,Night
HR,khandeshwar,panvel,3.2,DOWN,98223,PL177,12.0,Unknown,LOCAL,DAILY,Mumbai CSMT,Panvel,21:32,21:37,21,32,5,khandeshwar -> panvel,98223,LOCAL,Night
HR,khandeshwar,panvel,3.2,DOWN,99059,TPL59,12.0,Unknown,LOCAL,DAILY,Masjid,Panvel,21:37,21:42,21,37,5,khandeshwar -> panvel,99059,LOCAL,Night
HR,khandeshwar,panvel,3.2,DOWN,98225,PL179,12.0,Unknown,LOCAL,DAILY,Mumbai CSMT,Panvel,21:48,21:53,21,48,5,khandeshwar -> panvel,98225,LOCAL,Night
HR,khandeshwar,panvel,3.2,DOWN,98227,PLVD47,12.0,Unknown,LOCAL,NOT_SUN,Vadala Road,Panvel,21:52,21:57,21,52,5,khandeshwar -> panvel,98227,LOCAL,Night
HR,khandeshwar,panvel,3.2,DOWN,99061,TPL61,12.0,Unknown,LOCAL,DAILY,Masjid,Panvel,21:57,22:02,21,57,5,khandeshwar -> panvel,99061,LOCAL,Night
HR,khandeshwar,panvel,3.2,DOWN,98916,GNPL16,12.0,Unknown,LOCAL,DAILY,Goregaon,Panvel,22:00,22:05,22,0,5,khandeshwar -> panvel,98916,LOCAL,Night
TH,thane_th,dighe,3.5,DOWN,99001,TPL1,,Unknown,LOCAL,DAILY,Thane,Panvel,00:05,00:10,0,5,5,thane_th -> dighe,99001,LOCAL,Late Night
TH,thane_th,dighe,3.5,DOWN,99003,TPL3,,Unknown,LOCAL,DAILY,Thane,Panvel,05:12,05:17,5,12,5,thane_th -> dighe,99003,LOCAL,Morning Peak
TH,thane_th,dighe,3.5,DOWN,99401,TV1,,Unknown,LOCAL,DAILY,Thane,Vashi,05:25,05:30,5,25,5,thane_th -> dighe,99401,LOCAL,Morning Peak
TH,thane_th,dighe,3.5,DOWN,99201,TNU1,,Unknown,LOCAL,DAILY,Thane,Nerul,05:40,05:45,5,40,5,thane_th -> dighe,99201,LOCAL,Morning Peak
TH,thane_th,dighe,3.5,DOWN,99403,TV3,,Unknown,LOCAL,DAILY,Thane,Vashi,05:53,05:58,5,53,5,thane_th -> dighe,99403,LOCAL,Morning Peak
TH,thane_th,dighe,3.5,DOWN,99009,TPL9,,Unknown,LOCAL,DAILY,Thane,Panvel,08:03,08:08,8,3,5,thane_th -> dighe,99009,LOCAL,Morning Peak
TH,thane_th,dighe,3.5,DOWN,99417,TV17,,Unknown,LOCAL,NOT_SUN,Thane,Vashi,08:07,08:12,8,7,5,thane_th -> dighe,99417,LOCAL,Morning Peak
TH,thane_th,dighe,3.5,DOWN,99211,TNU11,,Unknown,LOCAL,DAILY,Thane,Nerul,08:14,08:19,8,14,5,thane_th -> dighe,99211,LOCAL,Morning Peak
TH,thane_th,dighe,3.5,DOWN,99419,TV19,,Unknown,LOCAL,DAILY,Thane,Vashi,08:23,08:28,8,23,5,thane_th -> dighe,99419,LOCAL,Morning Peak
TH,thane_th,dighe,3.5,DOWN,99213,TNU13,,Unknown,LOCAL,DAILY,Thane,Nerul,08:31,08:36,8,31,5,thane_th -> dighe,99213,LOCAL,Morning Peak
TH,thane_th,dighe,3.5,DOWN,99421,TV21,,Unknown,LOCAL,DAILY,Thane,Vashi,08:36,08:41,8,36,5,thane_th -> dighe,99421,LOCAL,Morning Peak
TH,thane_th,dighe,3.5,DOWN,99011,TPL11,,Unknown,LOCAL,DAILY,Thane,Panvel,08:41,08:46,8,41,5,thane_th -> dighe,99011,LOCAL,Morning Peak
TH,thane_th,dighe,3.5,DOWN,99215,TNU15,,Unknown,LOCAL,DAILY,Thane,Nerul,08:51,08:56,8,51,5,thane_th -> dighe,99215,LOCAL,Morning Peak
TH,thane_th,dighe,3.5,DOWN,99423,TV23,,Unknown,LOCAL,DAILY,Thane,Vashi,08:56,09:01,8,56,5,thane_th -> dighe,99423,LOCAL,Morning Peak
TH,thane_th,dighe,3.5,DOWN,99217,TNU17,,Unknown,LOCAL,DAILY,Thane,Nerul,09:04,09:09,9,4,5,thane_th -> dighe,99217,LOCAL,Late Morning
TH,thane_th,dighe,3.5,DOWN,99425,TV25,,Unknown,LOCAL,DAILY,Thane,Vashi,09:09,09:14,9,9,5,thane_th -> dighe,99425,LOCAL,Late Morning
TH,thane_th,dighe,3.5,DOWN,99013,TPL13,,Unknown,LOCAL,DAILY,Thane,Panvel,09:14,09:19,9,14,5,thane_th -> dighe,99013,LOCAL,Late Morning
TH,thane_th,dighe,3.5,DOWN,99219,TNU19,,Unknown,LOCAL,NOT_SUN,Thane,Nerul,09:19,09:24,9,19,5,thane_th -> dighe,99219,LOCAL,Late Morning
TH,thane_th,dighe,3.5,DOWN,99427,TV27,,Unknown,LOCAL,DAILY,Thane,Vashi,09:30,09:35,9,30,5,thane_th -> dighe,99427,LOCAL,Late Morning
TH,thane_th,dighe,3.5,DOWN,99015,TPL15,,Unknown,LOCAL,DAILY,Thane,Panvel,09:39,09:44,9,39,5,thane_th -> dighe,99015,LOCAL,Late Morning
TH,thane_th,dighe,3.5,DOWN,99221,TNU21,,Unknown,LOCAL,DAILY,Thane,Nerul,09:47,09:52,9,47,5,thane_th -> dighe,99221,LOCAL,Late Morning
TH,thane_th,dighe,3.5,DOWN,99429,TV29,,Unknown,LOCAL,DAILY,Thane,Vashi,09:53,09:58,9,53,5,thane_th -> dighe,99429,LOCAL,Late Morning
TH,thane_th,dighe,3.5,DOWN,99023,TPL23,,Unknown,LOCAL,DAILY,Thane,Panvel,12:00,12:05,12,0,5,thane_th -> dighe,99023,LOCAL,Afternoon
TH,thane_th,dighe,3.5,DOWN,99447,TV47,,Unknown,LOCAL,DAILY,Thane,Vashi,12:06,12:11,12,6,5,thane_th -> dighe,99447,LOCAL,Afternoon
TH,thane_th,dighe,3.5,DOWN,99231,TNU31,,Unknown,LOCAL,DAILY,Thane,Nerul,12:12,12:17,12,12,5,thane_th -> dighe,99231,LOCAL,Afternoon
TH,thane_th,dighe,3.5,DOWN,99449,TV49,,Unknown,LOCAL,DAILY,Thane,Vashi,12:18,12:23,12,18,5,thane_th -> dighe,99449,LOCAL,Afternoon
TH,thane_th,dighe,3.5,DOWN,99233,TNU33,,Unknown,LOCAL,DAILY,Thane,Nerul,12:35,12:40,12,35,5,thane_th -> dighe,99233,LOCAL,Afternoon
TH,thane_th,dighe,3.5,DOWN,99451,TV51,,Unknown,LOCAL,DAILY,Thane,Vashi,12:41,12:46,12,41,5,thane_th -> dighe,99451,LOCAL,Afternoon
TH,thane_th,dighe,3.5,DOWN,99025,TPL25,,Unknown,LOCAL,DAILY,Thane,Panvel,12:49,12:54,12,49,5,thane_th -> dighe,99025,LOCAL,Afternoon
TH,thane_th,dighe,3.5,DOWN,99453,TV53,,Unknown,LOCAL,DAILY,Thane,Vashi,13:00,13:05,13,0,5,thane_th -> dighe,99453,LOCAL,Afternoon
TH,thane_th,dighe,3.5,DOWN,99235,TNU35,,Unknown,LOCAL,DAILY,Thane,Nerul,13:10,13:15,13,10,5,thane_th -> dighe,99235,LOCAL,Afternoon
TH,thane_th,dighe,3.5,DOWN,99027,TPL27,,Unknown,LOCAL,DAILY,Thane,Panvel,13:24,13:29,13,24,5,thane_th -> dighe,99027,LOCAL,Afternoon
TH,thane_th,dighe,3.5,DOWN,99455,TV55,,Unknown,LOCAL,DAILY,Thane,Vashi,13:30,13:35,13,30,5,thane_th -> dighe,99455,LOCAL,Afternoon
TH,thane_th,dighe,3.5,DOWN,99237,TNU37,,Unknown,LOCAL,DAILY,Thane,Nerul,13:37,13:42,13,37,5,thane_th -> dighe,99237,LOCAL,Afternoon
TH,thane_th,dighe,3.5,DOWN,99457,TV57,,Unknown,LOCAL,DAILY,Thane,Vashi,13:50,13:55,13,50,5,thane_th -> dighe,99457,LOCAL,Afternoon
TH,thane_th,dighe,3.5,DOWN,99037,TPL37,,Unknown,LOCAL,DAILY,Thane,Panvel,16:00,16:05,16,0,5,thane_th -> dighe,99037,LOCAL,Evening Peak
TH,thane_th,dighe,3.5,DOWN,99471,TV71,,Unknown,LOCAL,DAILY,Thane,Vashi,16:07,16:12,16,7,5,thane_th -> dighe,99471,LOCAL,Evening Peak
TH,thane_th,dighe,3.5,DOWN,99473,TV73,,Unknown,LOCAL,DAILY,Thane,Vashi,16:19,16:24,16,19,5,thane_th -> dighe,99473,LOCAL,Evening Peak
TH,thane_th,dighe,3.5,DOWN,99039,TPL39,,Unknown,LOCAL,DAILY,Thane,Panvel,16:24,16:29,16,24,5,thane_th -> dighe,99039,LOCAL,Evening Peak
TH,thane_th,dighe,3.5,DOWN,99245,TNU45,,Unknown,LOCAL,DAILY,Thane,Nerul,16:33,16:38,16,33,5,thane_th -> dighe,99245,LOCAL,Evening Peak
TH,thane_th,dighe,3.5,DOWN,99475,TV75,,Unknown,LOCAL,DAILY,Thane,Vashi,16:40,16:45,16,40,5,thane_th -> dighe,99475,LOCAL,Evening Peak
TH,thane_th,dighe,3.5,DOWN,99041,TPL41,,Unknown,LOCAL,DAILY,Thane,Panvel,16:48,16:53,16,48,5,thane_th -> dighe,99041,LOCAL,Evening Peak
TH,thane_th,dighe,3.5,DOWN,99477,TV77,,Unknown,LOCAL,DAILY,Thane,Vashi,16:55,17:00,16,55,5,thane_th -> dighe,99477,LOCAL,Evening Peak
TH,thane_th,dighe,3.5,DOWN,99247,TNU47,,Unknown,LOCAL,DAILY,Thane,Nerul,17:00,17:05,17,0,5,thane_th -> dighe,99247,LOCAL,Evening Peak
TH,thane_th,dighe,3.5,DOWN,99479,TV79,,Unknown,LOCAL,DAILY,Thane,Vashi,17:08,17:13,17,8,5,thane_th -> dighe,99479,LOCAL,Evening Peak
TH,thane_th,dighe,3.5,DOWN,99249,TNU49,,Unknown,LOCAL,NOT_SUN,Thane,Nerul,17:14,17:19,17,14,5,thane_th -> dighe,99249,LOCAL,Evening Peak
TH,thane_th,dighe,3.5,DOWN,99043,TPL43,,Unknown,LOCAL,DAILY,Thane,Panvel,17:23,17:28,17,23,5,thane_th -> dighe,99043,LOCAL,Evening Peak
TH,thane_th,dighe,3.5,DOWN,99481,TV81,,Unknown,LOCAL,DAILY,Thane,Vashi,17:28,17:33,17,28,5,thane_th -> dighe,99481,LOCAL,Evening Peak
TH,thane_th,dighe,3.5,DOWN,99251,TNU51,,Unknown,LOCAL,DAILY,Thane,Nerul,17:34,17:39,17,34,5,thane_th -> dighe,99251,LOCAL,Evening Peak
TH,thane_th,dighe,3.5,DOWN,99483,TV83,,Unknown,LOCAL,DAILY,Thane,Vashi,17:46,17:51,17,46,5,thane_th -> dighe,99483,LOCAL,Evening Peak
TH,thane_th,dighe,3.5,DOWN,99045,TPL45,,Unknown,LOCAL,DAILY,Thane,Panvel,17:54,17:59,17,54,5,thane_th -> dighe,99045,LOCAL,Evening Peak
TH,thane_th,dighe,3.5,DOWN,99499,TV99,,Unknown,LOCAL,DAILY,Thane,Vashi,20:05,20:10,20,5,5,thane_th -> dighe,99499,LOCAL,Night
TH,thane_th,dighe,3.5,DOWN,99057,TPL57,,Unknown,LOCAL,DAILY,Thane,Panvel,20:15,20:20,20,15,5,thane_th -> dighe,99057,LOCAL,Night
TH,thane_th,dighe,3.5,DOWN,99263,TNU63,,Unknown,LOCAL,DAILY,Thane,Nerul,20:20,20:25,20,20,5,thane_th -> dighe,99263,LOCAL,Night
TH,thane_th,dighe,3.5,DOWN,99501,TV101,,Unknown,LOCAL,DAILY,Thane,Vashi,20:28,20:33,20,28,5,thane_th -> dighe,99501,LOCAL,Night
TH,thane_th,dighe,3.5,DOWN,99265,TNU65,,Unknown,LOCAL,DAILY,Thane,Nerul,20:33,20:38,20,33,5,thane_th -> dighe,99265,LOCAL,Night
TH,thane_th,dighe,3.5,DOWN,99503,TV103,,Unknown,LOCAL,DAILY,Thane,Vashi,20:43,20:48,20,43,5,thane_th -> dighe,99503,LOCAL,Night
TH,thane_th,dighe,3.5,DOWN,99059,TPL59,,Unknown,LOCAL,DAILY,Thane,Panvel,20:50,20:55,20,50,5,thane_th -> dighe,99059,LOCAL,Night
TH,thane_th,dighe,3.5,DOWN,99505,TV105,,Unknown,LOCAL,DAILY,Thane,Vashi,21:00,21:05,21,0,5,thane_th -> dighe,99505,LOCAL,Night
TH,thane_th,dighe,3.5,DOWN,99061,TPL61,,Unknown,LOCAL,DAILY,Thane,Panvel,21:11,21:16,21,11,5,thane_th -> dighe,99061,LOCAL,Night
TH,thane_th,dighe,3.5,DOWN,99507,TV107,,Unknown,LOCAL,DAILY,Thane,Vashi,21:20,21:25,21,20,5,thane_th -> dighe,99507,LOCAL,Night
TH,thane_th,dighe,3.5,DOWN,99267,TNU67,,Unknown,LOCAL,DAILY,Thane,Nerul,21:30,21:35,21,30,5,thane_th -> dighe,99267,LOCAL,Night
TH,thane_th,dighe,3.5,DOWN,99063,TPL63,,Unknown,LOCAL,DAILY,Thane,Panvel,21:36,21:41,21,36,5,thane_th -> dighe,99063,LOCAL,Night
TH,thane_th,dighe,3.5,DOWN,99509,TV109,,Unknown,LOCAL,DAILY,Thane,Vashi,21:41,21:46,21,41,5,thane_th -> dighe,99509,LOCAL,Night
TH,thane_th,dighe,3.5,DOWN,99065,TPL65,,Unknown,LOCAL,NOT_SUN,Thane,Panvel,21:52,21:57,21,52,5,thane_th -> dighe,99065,LOCAL,Night
TH,dighe,airoli,2.3,DOWN,99001,TPL1,,Unknown,LOCAL,DAILY,Thane,Panvel,00:10,00:13,0,10,3,dighe -> airoli,99001,LOCAL,Late Night
TH,dighe,airoli,2.3,DOWN,99003,TPL3,,Unknown,LOCAL,DAILY,Thane,Panvel,05:17,05:20,5,17,3,dighe -> airoli,99003,LOCAL,Morning Peak
TH,dighe,airoli,2.3,DOWN,99401,TV1,,Unknown,LOCAL,DAILY,Thane,Vashi,05:30,05:33,5,30,3,dighe -> airoli,99401,LOCAL,Morning Peak
TH,dighe,airoli,2.3,DOWN,99201,TNU1,,Unknown,LOCAL,DAILY,Thane,Nerul,05:45,05:48,5,45,3,dighe -> airoli,99201,LOCAL,Morning Peak
TH,dighe,airoli,2.3,DOWN,99403,TV3,,Unknown,LOCAL,DAILY,Thane,Vashi,05:58,06:01,5,58,3,dighe -> airoli,99403,LOCAL,Morning Peak
TH,dighe,airoli,2.3,DOWN,99009,TPL9,,Unknown,LOCAL,DAILY,Thane,Panvel,08:08,08:11,8,8,3,dighe -> airoli,99009,LOCAL,Morning Peak
TH,dighe,airoli,2.3,DOWN,99417,TV17,,Unknown,LOCAL,NOT_SUN,Thane,Vashi,08:12,08:15,8,12,3,dighe -> airoli,99417,LOCAL,Morning Peak
TH,dighe,airoli,2.3,DOWN,99211,TNU11,,Unknown,LOCAL,DAILY,Thane,Nerul,08:19,08:22,8,19,3,dighe -> airoli,99211,LOCAL,Morning Peak
TH,dighe,airoli,2.3,DOWN,99419,TV19,,Unknown,LOCAL,DAILY,Thane,Vashi,08:28,08:31,8,28,3,dighe -> airoli,99419,LOCAL,Morning Peak
TH,dighe,airoli,2.3,DOWN,99213,TNU13,,Unknown,LOCAL,DAILY,Thane,Nerul,08:36,08:39,8,36,3,dighe -> airoli,99213,LOCAL,Morning Peak
TH,dighe,airoli,2.3,DOWN,99421,TV21,,Unknown,LOCAL,DAILY,Thane,Vashi,08:41,08:44,8,41,3,dighe -> airoli,99421,LOCAL,Morning Peak
TH,dighe,airoli,2.3,DOWN,99011,TPL11,,Unknown,LOCAL,DAILY,Thane,Panvel,08:46,08:49,8,46,3,dighe -> airoli,99011,LOCAL,Morning Peak
TH,dighe,airoli,2.3,DOWN,99215,TNU15,,Unknown,LOCAL,DAILY,Thane,Nerul,08:56,08:59,8,56,3,dighe -> airoli,99215,LOCAL,Morning Peak
TH,dighe,airoli,2.3,DOWN,99423,TV23,,Unknown,LOCAL,DAILY,Thane,Vashi,09:01,09:04,9,1,3,dighe -> airoli,99423,LOCAL,Late Morning
TH,dighe,airoli,2.3,DOWN,99217,TNU17,,Unknown,LOCAL,DAILY,Thane,Nerul,09:09,09:12,9,9,3,dighe -> airoli,99217,LOCAL,Late Morning
TH,dighe,airoli,2.3,DOWN,99425,TV25,,Unknown,LOCAL,DAILY,Thane,Vashi,09:14,09:17,9,14,3,dighe -> airoli,99425,LOCAL,Late Morning
TH,dighe,airoli,2.3,DOWN,99013,TPL13,,Unknown,LOCAL,DAILY,Thane,Panvel,09:19,09:22,9,19,3,dighe -> airoli,99013,LOCAL,Late Morning
TH,dighe,airoli,2.3,DOWN,99219,TNU19,,Unknown,LOCAL,NOT_SUN,Thane,Nerul,09:24,09:27,9,24,3,dighe -> airoli,99219,LOCAL,Late Morning
TH,dighe,airoli,2.3,DOWN,99427,TV27,,Unknown,LOCAL,DAILY,Thane,Vashi,09:35,09:38,9,35,3,dighe -> airoli,99427,LOCAL,Late Morning
TH,dighe,airoli,2.3,DOWN,99015,TPL15,,Unknown,LOCAL,DAILY,Thane,Panvel,09:44,09:47,9,44,3,dighe -> airoli,99015,LOCAL,Late Morning
TH,dighe,airoli,2.3,DOWN,99221,TNU21,,Unknown,LOCAL,DAILY,Thane,Nerul,09:52,09:55,9,52,3,dighe -> airoli,99221,LOCAL,Late Morning
TH,dighe,airoli,2.3,DOWN,99429,TV29,,Unknown,LOCAL,DAILY,Thane,Vashi,09:58,10:01,9,58,3,dighe -> airoli,99429,LOCAL,Late Morning
TH,dighe,airoli,2.3,DOWN,99023,TPL23,,Unknown,LOCAL,DAILY,Thane,Panvel,12:05,12:09,12,5,4,dighe -> airoli,99023,LOCAL,Afternoon
TH,dighe,airoli,2.3,DOWN,99447,TV47,,Unknown,LOCAL,DAILY,Thane,Vashi,12:11,12:14,12,11,3,dighe -> airoli,99447,LOCAL,Afternoon
TH,dighe,airoli,2.3,DOWN,99231,TNU31,,Unknown,LOCAL,DAILY,Thane,Nerul,12:17,12:20,12,17,3,dighe -> airoli,99231,LOCAL,Afternoon
TH,dighe,airoli,2.3,DOWN,99449,TV49,,Unknown,LOCAL,DAILY,Thane,Vashi,12:23,12:26,12,23,3,dighe -> airoli,99449,LOCAL,Afternoon
TH,dighe,airoli,2.3,DOWN,99233,TNU33,,Unknown,LOCAL,DAILY,Thane,Nerul,12:40,12:43,12,40,3,dighe -> airoli,99233,LOCAL,Afternoon
TH,dighe,airoli,2.3,DOWN,99451,TV51,,Unknown,LOCAL,DAILY,Thane,Vashi,12:46,12:49,12,46,3,dighe -> airoli,99451,LOCAL,Afternoon
TH,dighe,airoli,2.3,DOWN,99025,TPL25,,Unknown,LOCAL,DAILY,Thane,Panvel,12:54,12:57,12,54,3,dighe -> airoli,99025,LOCAL,Afternoon
TH,dighe,airoli,2.3,DOWN,99453,TV53,,Unknown,LOCAL,DAILY,Thane,Vashi,13:05,13:08,13,5,3,dighe -> airoli,99453,LOCAL,Afternoon
TH,dighe,airoli,2.3,DOWN,99235,TNU35,,Unknown,LOCAL,DAILY,Thane,Nerul,13:15,13:18,13,15,3,dighe -> airoli,99235,LOCAL,Afternoon
TH,dighe,airoli,2.3,DOWN,99027,TPL27,,Unknown,LOCAL,DAILY,Thane,Panvel,13:29,13:32,13,29,3,dighe -> airoli,99027,LOCAL,Afternoon
TH,dighe,airoli,2.3,DOWN,99455,TV55,,Unknown,LOCAL,DAILY,Thane,Vashi,13:35,13:38,13,35,3,dighe -> airoli,99455,LOCAL,Afternoon
TH,dighe,airoli,2.3,DOWN,99237,TNU37,,Unknown,LOCAL,DAILY,Thane,Nerul,13:42,13:45,13,42,3,dighe -> airoli,99237,LOCAL,Afternoon
TH,dighe,airoli,2.3,DOWN,99457,TV57,,Unknown,LOCAL,DAILY,Thane,Vashi,13:55,13:58,13,55,3,dighe -> airoli,99457,LOCAL,Afternoon
TH,dighe,airoli,2.3,DOWN,99037,TPL37,,Unknown,LOCAL,DAILY,Thane,Panvel,16:05,16:08,16,5,3,dighe -> airoli,99037,LOCAL,Evening Peak
TH,dighe,airoli,2.3,DOWN,99471,TV71,,Unknown,LOCAL,DAILY,Thane,Vashi,16:12,16:15,16,12,3,dighe -> airoli,99471,LOCAL,Evening Peak
TH,dighe,airoli,2.3,DOWN,99473,TV73,,Unknown,LOCAL,DAILY,Thane,Vashi,16:24,16:27,16,24,3,dighe -> airoli,99473,LOCAL,Evening Peak
TH,dighe,airoli,2.3,DOWN,99039,TPL39,,Unknown,LOCAL,DAILY,Thane,Panvel,16:29,16:32,16,29,3,dighe -> airoli,99039,LOCAL,Evening Peak
TH,dighe,airoli,2.3,DOWN,99245,TNU45,,Unknown,LOCAL,DAILY,Thane,Nerul,16:38,16:41,16,38,3,dighe -> airoli,99245,LOCAL,Evening Peak
TH,dighe,airoli,2.3,DOWN,99475,TV75,,Unknown,LOCAL,DAILY,Thane,Vashi,16:45,16:48,16,45,3,dighe -> airoli,99475,LOCAL,Evening Peak
TH,dighe,airoli,2.3,DOWN,99041,TPL41,,Unknown,LOCAL,DAILY,Thane,Panvel,16:53,16:56,16,53,3,dighe -> airoli,99041,LOCAL,Evening Peak
TH,dighe,airoli,2.3,DOWN,99477,TV77,,Unknown,LOCAL,DAILY,Thane,Vashi,17:00,17:03,17,0,3,dighe -> airoli,99477,LOCAL,Evening Peak
TH,dighe,airoli,2.3,DOWN,99247,TNU47,,Unknown,LOCAL,DAILY,Thane,Nerul,17:05,17:08,17,5,3,dighe -> airoli,99247,LOCAL,Evening Peak
TH,dighe,airoli,2.3,DOWN,99479,TV79,,Unknown,LOCAL,DAILY,Thane,Vashi,17:13,17:16,17,13,3,dighe -> airoli,99479,LOCAL,Evening Peak
TH,dighe,airoli,2.3,DOWN,99249,TNU49,,Unknown,LOCAL,NOT_SUN,Thane,Nerul,17:19,17:22,17,19,3,dighe -> airoli,99249,LOCAL,Evening Peak
TH,dighe,airoli,2.3,DOWN,99043,TPL43,,Unknown,LOCAL,DAILY,Thane,Panvel,17:28,17:31,17,28,3,dighe -> airoli,99043,LOCAL,Evening Peak
TH,dighe,airoli,2.3,DOWN,99481,TV81,,Unknown,LOCAL,DAILY,Thane,Vashi,17:33,17:36,17,33,3,dighe -> airoli,99481,LOCAL,Evening Peak
TH,dighe,airoli,2.3,DOWN,99251,TNU51,,Unknown,LOCAL,DAILY,Thane,Nerul,17:39,17:42,17,39,3,dighe -> airoli,99251,LOCAL,Evening Peak
TH,dighe,airoli,2.3,DOWN,99483,TV83,,Unknown,LOCAL,DAILY,Thane,Vashi,17:51,17:54,17,51,3,dighe -> airoli,99483,LOCAL,Evening Peak
TH,dighe,airoli,2.3,DOWN,99045,TPL45,,Unknown,LOCAL,DAILY,Thane,Panvel,17:59,18:02,17,59,3,dighe -> airoli,99045,LOCAL,Evening Peak
TH,dighe,airoli,2.3,DOWN,99055,TPL55,,Unknown,LOCAL,DAILY,Thane,Panvel,20:04,20:07,20,4,3,dighe -> airoli,99055,LOCAL,Night
TH,dighe,airoli,2.3,DOWN,99499,TV99,,Unknown,LOCAL,DAILY,Thane,Vashi,20:10,20:13,20,10,3,dighe -> airoli,99499,LOCAL,Night
TH,dighe,airoli,2.3,DOWN,99057,TPL57,,Unknown,LOCAL,DAILY,Thane,Panvel,20:20,20:23,20,20,3,dighe -> airoli,99057,LOCAL,Night
TH,dighe,airoli,2.3,DOWN,99263,TNU63,,Unknown,LOCAL,DAILY,Thane,Nerul,20:25,20:28,20,25,3,dighe -> airoli,99263,LOCAL,Night
TH,dighe,airoli,2.3,DOWN,99501,TV101,,Unknown,LOCAL,DAILY,Thane,Vashi,20:33,20:36,20,33,3,dighe -> airoli,99501,LOCAL,Night
TH,dighe,airoli,2.3,DOWN,99265,TNU65,,Unknown,LOCAL,DAILY,Thane,Nerul,20:38,20:41,20,38,3,dighe -> airoli,99265,LOCAL,Night
TH,dighe,airoli,2.3,DOWN,99503,TV103,,Unknown,LOCAL,DAILY,Thane,Vashi,20:48,20:51,20,48,3,dighe -> airoli,99503,LOCAL,Night
TH,dighe,airoli,2.3,DOWN,99059,TPL59,,Unknown,LOCAL,DAILY,Thane,Panvel,20:55,20:58,20,55,3,dighe -> airoli,99059,LOCAL,Night
TH,dighe,airoli,2.3,DOWN,99505,TV105,,Unknown,LOCAL,DAILY,Thane,Vashi,21:05,21:08,21,5,3,dighe -> airoli,99505,LOCAL,Night
TH,dighe,airoli,2.3,DOWN,99061,TPL61,,Unknown,LOCAL,DAILY,Thane,Panvel,21:16,21:19,21,16,3,dighe -> airoli,99061,LOCAL,Night
TH,dighe,airoli,2.3,DOWN,99507,TV107,,Unknown,LOCAL,DAILY,Thane,Vashi,21:25,21:28,21,25,3,dighe -> airoli,99507,LOCAL,Night
TH,dighe,airoli,2.3,DOWN,99267,TNU67,,Unknown,LOCAL,DAILY,Thane,Nerul,21:35,21:38,21,35,3,dighe -> airoli,99267,LOCAL,Night
TH,dighe,airoli,2.3,DOWN,99063,TPL63,,Unknown,LOCAL,DAILY,Thane,Panvel,21:41,21:44,21,41,3,dighe -> airoli,99063,LOCAL,Night
TH,dighe,airoli,2.3,DOWN,99509,TV109,,Unknown,LOCAL,DAILY,Thane,Vashi,21:46,21:49,21,46,3,dighe -> airoli,99509,LOCAL,Night
TH,dighe,airoli,2.3,DOWN,99065,TPL65,,Unknown,LOCAL,NOT_SUN,Thane,Panvel,21:57,22:00,21,57,3,dighe -> airoli,99065,LOCAL,Night
TH,airoli,rabale,2.5,DOWN,99001,TPL1,,Unknown,LOCAL,DAILY,Thane,Panvel,00:13,00:16,0,13,3,airoli -> rabale,99001,LOCAL,Late Night
TH,airoli,rabale,2.5,DOWN,99003,TPL3,,Unknown,LOCAL,DAILY,Thane,Panvel,05:20,05:23,5,20,3,airoli -> rabale,99003,LOCAL,Morning Peak
TH,airoli,rabale,2.5,DOWN,99401,TV1,,Unknown,LOCAL,DAILY,Thane,Vashi,05:33,05:36,5,33,3,airoli -> rabale,99401,LOCAL,Morning Peak
TH,airoli,rabale,2.5,DOWN,99201,TNU1,,Unknown,LOCAL,DAILY,Thane,Nerul,05:48,05:51,5,48,3,airoli -> rabale,99201,LOCAL,Morning Peak
TH,airoli,rabale,2.5,DOWN,99415,TV15,,Unknown,LOCAL,DAILY,Thane,Vashi,08:01,08:04,8,1,3,airoli -> rabale,99415,LOCAL,Morning Peak
TH,airoli,rabale,2.5,DOWN,99009,TPL9,,Unknown,LOCAL,DAILY,Thane,Panvel,08:11,08:14,8,11,3,airoli -> rabale,99009,LOCAL,Morning Peak
TH,airoli,rabale,2.5,DOWN,99417,TV17,,Unknown,LOCAL,NOT_SUN,Thane,Vashi,08:15,08:18,8,15,3,airoli -> rabale,99417,LOCAL,Morning Peak
TH,airoli,rabale,2.5,DOWN,99211,TNU11,,Unknown,LOCAL,DAILY,Thane,Nerul,08:22,08:25,8,22,3,airoli -> rabale,99211,LOCAL,Morning Peak
TH,airoli,rabale,2.5,DOWN,99419,TV19,,Unknown,LOCAL,DAILY,Thane,Vashi,08:31,08:34,8,31,3,airoli -> rabale,99419,LOCAL,Morning Peak
TH,airoli,rabale,2.5,DOWN,99213,TNU13,,Unknown,LOCAL,DAILY,Thane,Nerul,08:39,08:42,8,39,3,airoli -> rabale,99213,LOCAL,Morning Peak
TH,airoli,rabale,2.5,DOWN,99421,TV21,,Unknown,LOCAL,DAILY,Thane,Vashi,08:44,08:47,8,44,3,airoli -> rabale,99421,LOCAL,Morning Peak
TH,airoli,rabale,2.5,DOWN,99011,TPL11,,Unknown,LOCAL,DAILY,Thane,Panvel,08:49,08:52,8,49,3,airoli -> rabale,99011,LOCAL,Morning Peak
TH,airoli,rabale,2.5,DOWN,99215,TNU15,,Unknown,LOCAL,DAILY,Thane,Nerul,08:59,09:02,8,59,3,airoli -> rabale,99215,LOCAL,Morning Peak
TH,airoli,rabale,2.5,DOWN,99423,TV23,,Unknown,LOCAL,DAILY,Thane,Vashi,09:04,09:07,9,4,3,airoli -> rabale,99423,LOCAL,Late Morning
TH,airoli,rabale,2.5,DOWN,99217,TNU17,,Unknown,LOCAL,DAILY,Thane,Nerul,09:12,09:15,9,12,3,airoli -> rabale,99217,LOCAL,Late Morning
TH,airoli,rabale,2.5,DOWN,99425,TV25,,Unknown,LOCAL,DAILY,Thane,Vashi,09:17,09:20,9,17,3,airoli -> rabale,99425,LOCAL,Late Morning
TH,airoli,rabale,2.5,DOWN,99013,TPL13,,Unknown,LOCAL,DAILY,Thane,Panvel,09:22,09:25,9,22,3,airoli -> rabale,99013,LOCAL,Late Morning
TH,airoli,rabale,2.5,DOWN,99219,TNU19,,Unknown,LOCAL,NOT_SUN,Thane,Nerul,09:27,09:30,9,27,3,airoli -> rabale,99219,LOCAL,Late Morning
TH,airoli,rabale,2.5,DOWN,99427,TV27,,Unknown,LOCAL,DAILY,Thane,Vashi,09:38,09:41,9,38,3,airoli -> rabale,99427,LOCAL,Late Morning
TH,airoli,rabale,2.5,DOWN,99015,TPL15,,Unknown,LOCAL,DAILY,Thane,Panvel,09:47,09:50,9,47,3,airoli -> rabale,99015,LOCAL,Late Morning
TH,airoli,rabale,2.5,DOWN,99221,TNU21,,Unknown,LOCAL,DAILY,Thane,Nerul,09:55,09:58,9,55,3,airoli -> rabale,99221,LOCAL,Late Morning
TH,airoli,rabale,2.5,DOWN,99023,TPL23,,Unknown,LOCAL,DAILY,Thane,Panvel,12:09,12:13,12,9,4,airoli -> rabale,99023,LOCAL,Afternoon
TH,airoli,rabale,2.5,DOWN,99447,TV47,,Unknown,LOCAL,DAILY,Thane,Vashi,12:14,12:17,12,14,3,airoli -> rabale,99447,LOCAL,Afternoon
TH,airoli,rabale,2.5,DOWN,99231,TNU31,,Unknown,LOCAL,DAILY,Thane,Nerul,12:20,12:23,12,20,3,airoli -> rabale,99231,LOCAL,Afternoon
TH,airoli,rabale,2.5,DOWN,99449,TV49,,Unknown,LOCAL,DAILY,Thane,Vashi,12:26,12:29,12,26,3,airoli -> rabale,99449,LOCAL,Afternoon
TH,airoli,rabale,2.5,DOWN,99233,TNU33,,Unknown,LOCAL,DAILY,Thane,Nerul,12:43,12:46,12,43,3,airoli -> rabale,99233,LOCAL,Afternoon
TH,airoli,rabale,2.5,DOWN,99451,TV51,,Unknown,LOCAL,DAILY,Thane,Vashi,12:49,12:52,12,49,3,airoli -> rabale,99451,LOCAL,Afternoon
TH,airoli,rabale,2.5,DOWN,99025,TPL25,,Unknown,LOCAL,DAILY,Thane,Panvel,12:57,13:00,12,57,3,airoli -> rabale,99025,LOCAL,Afternoon
TH,airoli,rabale,2.5,DOWN,99453,TV53,,Unknown,LOCAL,DAILY,Thane,Vashi,13:08,13:11,13,8,3,airoli -> rabale,99453,LOCAL,Afternoon
TH,airoli,rabale,2.5,DOWN,99235,TNU35,,Unknown,LOCAL,DAILY,Thane,Nerul,13:18,13:21,13,18,3,airoli -> rabale,99235,LOCAL,Afternoon
TH,airoli,rabale,2.5,DOWN,99027,TPL27,,Unknown,LOCAL,DAILY,Thane,Panvel,13:32,13:35,13,32,3,airoli -> rabale,99027,LOCAL,Afternoon
TH,airoli,rabale,2.5,DOWN,99455,TV55,,Unknown,LOCAL,DAILY,Thane,Vashi,13:38,13:41,13,38,3,airoli -> rabale,99455,LOCAL,Afternoon
TH,airoli,rabale,2.5,DOWN,99237,TNU37,,Unknown,LOCAL,DAILY,Thane,Nerul,13:45,13:48,13,45,3,airoli -> rabale,99237,LOCAL,Afternoon
TH,airoli,rabale,2.5,DOWN,99457,TV57,,Unknown,LOCAL,DAILY,Thane,Vashi,13:58,14:01,13,58,3,airoli -> rabale,99457,LOCAL,Afternoon
TH,airoli,rabale,2.5,DOWN,99469,TV69,,Unknown,LOCAL,DAILY,Thane,Vashi,16:00,16:03,16,0,3,airoli -> rabale,99469,LOCAL,Evening Peak
TH,airoli,rabale,2.5,DOWN,99037,TPL37,,Unknown,LOCAL,DAILY,Thane,Panvel,16:08,16:11,16,8,3,airoli -> rabale,99037,LOCAL,Evening Peak
TH,airoli,rabale,2.5,DOWN,99471,TV71,,Unknown,LOCAL,DAILY,Thane,Vashi,16:15,16:18,16,15,3,airoli -> rabale,99471,LOCAL,Evening Peak
TH,airoli,rabale,2.5,DOWN,99473,TV73,,Unknown,LOCAL,DAILY,Thane,Vashi,16:27,16:30,16,27,3,airoli -> rabale,99473,LOCAL,Evening Peak
TH,airoli,rabale,2.5,DOWN,99039,TPL39,,Unknown,LOCAL,DAILY,Thane,Panvel,16:32,16:35,16,32,3,airoli -> rabale,99039,LOCAL,Evening Peak
TH,airoli,rabale,2.5,DOWN,99245,TNU45,,Unknown,LOCAL,DAILY,Thane,Nerul,16:41,16:44,16,41,3,airoli -> rabale,99245,LOCAL,Evening Peak
TH,airoli,rabale,2.5,DOWN,99475,TV75,,Unknown,LOCAL,DAILY,Thane,Vashi,16:48,16:51,16,48,3,airoli -> rabale,99475,LOCAL,Evening Peak
TH,airoli,rabale,2.5,DOWN,99041,TPL41,,Unknown,LOCAL,DAILY,Thane,Panvel,16:56,16:59,16,56,3,airoli -> rabale,99041,LOCAL,Evening Peak
TH,airoli,rabale,2.5,DOWN,99477,TV77,,Unknown,LOCAL,DAILY,Thane,Vashi,17:03,17:06,17,3,3,airoli -> rabale,99477,LOCAL,Evening Peak
TH,airoli,rabale,2.5,DOWN,99247,TNU47,,Unknown,LOCAL,DAILY,Thane,Nerul,17:08,17:11,17,8,3,airoli -> rabale,99247,LOCAL,Evening Peak
TH,airoli,rabale,2.5,DOWN,99479,TV79,,Unknown,LOCAL,DAILY,Thane,Vashi,17:16,17:19,17,16,3,airoli -> rabale,99479,LOCAL,Evening Peak
TH,airoli,rabale,2.5,DOWN,99249,TNU49,,Unknown,LOCAL,NOT_SUN,Thane,Nerul,17:22,17:25,17,22,3,airoli -> rabale,99249,LOCAL,Evening Peak
TH,airoli,rabale,2.5,DOWN,99043,TPL43,,Unknown,LOCAL,DAILY,Thane,Panvel,17:31,17:34,17,31,3,airoli -> rabale,99043,LOCAL,Evening Peak
TH,airoli,rabale,2.5,DOWN,99481,TV81,,Unknown,LOCAL,DAILY,Thane,Vashi,17:36,17:39,17,36,3,airoli -> rabale,99481,LOCAL,Evening Peak
TH,airoli,rabale,2.5,DOWN,99251,TNU51,,Unknown,LOCAL,DAILY,Thane,Nerul,17:42,17:45,17,42,3,airoli -> rabale,99251,LOCAL,Evening Peak
TH,airoli,rabale,2.5,DOWN,99483,TV83,,Unknown,LOCAL,DAILY,Thane,Vashi,17:54,17:57,17,54,3,airoli -> rabale,99483,LOCAL,Evening Peak
TH,airoli,rabale,2.5,DOWN,99497,TV97,,Unknown,LOCAL,DAILY,Thane,Vashi,20:02,20:05,20,2,3,airoli -> rabale,99497,LOCAL,Night
TH,airoli,rabale,2.5,DOWN,99055,TPL55,,Unknown,LOCAL,DAILY,Thane,Panvel,20:07,20:10,20,7,3,airoli -> rabale,99055,LOCAL,Night
TH,airoli,rabale,2.5,DOWN,99499,TV99,,Unknown,LOCAL,DAILY,Thane,Vashi,20:13,20:16,20,13,3,airoli -> rabale,99499,LOCAL,Night
TH,airoli,rabale,2.5,DOWN,99057,TPL57,,Unknown,LOCAL,DAILY,Thane,Panvel,20:23,20:26,20,23,3,airoli -> rabale,99057,LOCAL,Night
TH,airoli,rabale,2.5,DOWN,99263,TNU63,,Unknown,LOCAL,DAILY,Thane,Nerul,20:28,20:31,20,28,3,airoli -> rabale,99263,LOCAL,Night
TH,airoli,rabale,2.5,DOWN,99501,TV101,,Unknown,LOCAL,DAILY,Thane,Vashi,20:36,20:39,20,36,3,airoli -> rabale,99501,LOCAL,Night
TH,airoli,rabale,2.5,DOWN,99265,TNU65,,Unknown,LOCAL,DAILY,Thane,Nerul,20:41,20:44,20,41,3,airoli -> rabale,99265,LOCAL,Night
TH,airoli,rabale,2.5,DOWN,99503,TV103,,Unknown,LOCAL,DAILY,Thane,Vashi,20:51,20:54,20,51,3,airoli -> rabale,99503,LOCAL,Night
TH,airoli,rabale,2.5,DOWN,99059,TPL59,,Unknown,LOCAL,DAILY,Thane,Panvel,20:58,21:01,20,58,3,airoli -> rabale,99059,LOCAL,Night
TH,airoli,rabale,2.5,DOWN,99505,TV105,,Unknown,LOCAL,DAILY,Thane,Vashi,21:08,21:11,21,8,3,airoli -> rabale,99505,LOCAL,Night
TH,airoli,rabale,2.5,DOWN,99061,TPL61,,Unknown,LOCAL,DAILY,Thane,Panvel,21:19,21:22,21,19,3,airoli -> rabale,99061,LOCAL,Night
TH,airoli,rabale,2.5,DOWN,99507,TV107,,Unknown,LOCAL,DAILY,Thane,Vashi,21:28,21:31,21,28,3,airoli -> rabale,99507,LOCAL,Night
TH,airoli,rabale,2.5,DOWN,99267,TNU67,,Unknown,LOCAL,DAILY,Thane,Nerul,21:38,21:41,21,38,3,airoli -> rabale,99267,LOCAL,Night
TH,airoli,rabale,2.5,DOWN,99063,TPL63,,Unknown,LOCAL,DAILY,Thane,Panvel,21:44,21:47,21,44,3,airoli -> rabale,99063,LOCAL,Night
TH,airoli,rabale,2.5,DOWN,99509,TV109,,Unknown,LOCAL,DAILY,Thane,Vashi,21:49,21:52,21,49,3,airoli -> rabale,99509,LOCAL,Night
TH,airoli,rabale,2.5,DOWN,99065,TPL65,,Unknown,LOCAL,NOT_SUN,Thane,Panvel,22:00,22:03,22,0,3,airoli -> rabale,99065,LOCAL,Night
TH,rabale,ghansoli,2.3,DOWN,99001,TPL1,,Unknown,LOCAL,DAILY,Thane,Panvel,00:16,00:19,0,16,3,rabale -> ghansoli,99001,LOCAL,Late Night
TH,rabale,ghansoli,2.3,DOWN,99003,TPL3,,Unknown,LOCAL,DAILY,Thane,Panvel,05:23,05:26,5,23,3,rabale -> ghansoli,99003,LOCAL,Morning Peak
TH,rabale,ghansoli,2.3,DOWN,99401,TV1,,Unknown,LOCAL,DAILY,Thane,Vashi,05:36,05:39,5,36,3,rabale -> ghansoli,99401,LOCAL,Morning Peak
TH,rabale,ghansoli,2.3,DOWN,99201,TNU1,,Unknown,LOCAL,DAILY,Thane,Nerul,05:51,05:54,5,51,3,rabale -> ghansoli,99201,LOCAL,Morning Peak
TH,rabale,ghansoli,2.3,DOWN,99415,TV15,,Unknown,LOCAL,DAILY,Thane,Vashi,08:04,08:07,8,4,3,rabale -> ghansoli,99415,LOCAL,Morning Peak
TH,rabale,ghansoli,2.3,DOWN,99009,TPL9,,Unknown,LOCAL,DAILY,Thane,Panvel,08:14,08:17,8,14,3,rabale -> ghansoli,99009,LOCAL,Morning Peak
TH,rabale,ghansoli,2.3,DOWN,99417,TV17,,Unknown,LOCAL,NOT_SUN,Thane,Vashi,08:18,08:21,8,18,3,rabale -> ghansoli,99417,LOCAL,Morning Peak
TH,rabale,ghansoli,2.3,DOWN,99211,TNU11,,Unknown,LOCAL,DAILY,Thane,Nerul,08:25,08:28,8,25,3,rabale -> ghansoli,99211,LOCAL,Morning Peak
TH,rabale,ghansoli,2.3,DOWN,99419,TV19,,Unknown,LOCAL,DAILY,Thane,Vashi,08:34,08:37,8,34,3,rabale -> ghansoli,99419,LOCAL,Morning Peak
TH,rabale,ghansoli,2.3,DOWN,99213,TNU13,,Unknown,LOCAL,DAILY,Thane,Nerul,08:42,08:45,8,42,3,rabale -> ghansoli,99213,LOCAL,Morning Peak
TH,rabale,ghansoli,2.3,DOWN,99421,TV21,,Unknown,LOCAL,DAILY,Thane,Vashi,08:47,08:50,8,47,3,rabale -> ghansoli,99421,LOCAL,Morning Peak
TH,rabale,ghansoli,2.3,DOWN,99011,TPL11,,Unknown,LOCAL,DAILY,Thane,Panvel,08:52,08:55,8,52,3,rabale -> ghansoli,99011,LOCAL,Morning Peak
TH,rabale,ghansoli,2.3,DOWN,99215,TNU15,,Unknown,LOCAL,DAILY,Thane,Nerul,09:02,09:05,9,2,3,rabale -> ghansoli,99215,LOCAL,Late Morning
TH,rabale,ghansoli,2.3,DOWN,99423,TV23,,Unknown,LOCAL,DAILY,Thane,Vashi,09:07,09:10,9,7,3,rabale -> ghansoli,99423,LOCAL,Late Morning
TH,rabale,ghansoli,2.3,DOWN,99217,TNU17,,Unknown,LOCAL,DAILY,Thane,Nerul,09:15,09:18,9,15,3,rabale -> ghansoli,99217,LOCAL,Late Morning
TH,rabale,ghansoli,2.3,DOWN,99425,TV25,,Unknown,LOCAL,DAILY,Thane,Vashi,09:20,09:23,9,20,3,rabale -> ghansoli,99425,LOCAL,Late Morning
TH,rabale,ghansoli,2.3,DOWN,99013,TPL13,,Unknown,LOCAL,DAILY,Thane,Panvel,09:25,09:28,9,25,3,rabale -> ghansoli,99013,LOCAL,Late Morning
TH,rabale,ghansoli,2.3,DOWN,99219,TNU19,,Unknown,LOCAL,NOT_SUN,Thane,Nerul,09:30,09:33,9,30,3,rabale -> ghansoli,99219,LOCAL,Late Morning
TH,rabale,ghansoli,2.3,DOWN,99427,TV27,,Unknown,LOCAL,DAILY,Thane,Vashi,09:41,09:44,9,41,3,rabale -> ghansoli,99427,LOCAL,Late Morning
TH,rabale,ghansoli,2.3,DOWN,99015,TPL15,,Unknown,LOCAL,DAILY,Thane,Panvel,09:50,09:53,9,50,3,rabale -> ghansoli,99015,LOCAL,Late Morning
TH,rabale,ghansoli,2.3,DOWN,99221,TNU21,,Unknown,LOCAL,DAILY,Thane,Nerul,09:58,10:01,9,58,3,rabale -> ghansoli,99221,LOCAL,Late Morning
TH,rabale,ghansoli,2.3,DOWN,99023,TPL23,,Unknown,LOCAL,DAILY,Thane,Panvel,12:13,12:16,12,13,3,rabale -> ghansoli,99023,LOCAL,Afternoon
TH,rabale,ghansoli,2.3,DOWN,99447,TV47,,Unknown,LOCAL,DAILY,Thane,Vashi,12:17,12:20,12,17,3,rabale -> ghansoli,99447,LOCAL,Afternoon
TH,rabale,ghansoli,2.3,DOWN,99231,TNU31,,Unknown,LOCAL,DAILY,Thane,Nerul,12:23,12:26,12,23,3,rabale -> ghansoli,99231,LOCAL,Afternoon
TH,rabale,ghansoli,2.3,DOWN,99449,TV49,,Unknown,LOCAL,DAILY,Thane,Vashi,12:29,12:32,12,29,3,rabale -> ghansoli,99449,LOCAL,Afternoon
TH,rabale,ghansoli,2.3,DOWN,99233,TNU33,,Unknown,LOCAL,DAILY,Thane,Nerul,12:46,12:49,12,46,3,rabale -> ghansoli,99233,LOCAL,Afternoon
TH,rabale,ghansoli,2.3,DOWN,99451,TV51,,Unknown,LOCAL,DAILY,Thane,Vashi,12:52,12:55,12,52,3,rabale -> ghansoli,99451,LOCAL,Afternoon
TH,rabale,ghansoli,2.3,DOWN,99025,TPL25,,Unknown,LOCAL,DAILY,Thane,Panvel,13:00,13:03,13,0,3,rabale -> ghansoli,99025,LOCAL,Afternoon
TH,rabale,ghansoli,2.3,DOWN,99453,TV53,,Unknown,LOCAL,DAILY,Thane,Vashi,13:11,13:14,13,11,3,rabale -> ghansoli,99453,LOCAL,Afternoon
TH,rabale,ghansoli,2.3,DOWN,99235,TNU35,,Unknown,LOCAL,DAILY,Thane,Nerul,13:21,13:24,13,21,3,rabale -> ghansoli,99235,LOCAL,Afternoon
TH,rabale,ghansoli,2.3,DOWN,99027,TPL27,,Unknown,LOCAL,DAILY,Thane,Panvel,13:35,13:38,13,35,3,rabale -> ghansoli,99027,LOCAL,Afternoon
TH,rabale,ghansoli,2.3,DOWN,99455,TV55,,Unknown,LOCAL,DAILY,Thane,Vashi,13:41,13:44,13,41,3,rabale -> ghansoli,99455,LOCAL,Afternoon
TH,rabale,ghansoli,2.3,DOWN,99237,TNU37,,Unknown,LOCAL,DAILY,Thane,Nerul,13:48,13:51,13,48,3,rabale -> ghansoli,99237,LOCAL,Afternoon
TH,rabale,ghansoli,2.3,DOWN,99469,TV69,,Unknown,LOCAL,DAILY,Thane,Vashi,16:03,16:06,16,3,3,rabale -> ghansoli,99469,LOCAL,Evening Peak
TH,rabale,ghansoli,2.3,DOWN,99037,TPL37,,Unknown,LOCAL,DAILY,Thane,Panvel,16:11,16:14,16,11,3,rabale -> ghansoli,99037,LOCAL,Evening Peak
TH,rabale,ghansoli,2.3,DOWN,99471,TV71,,Unknown,LOCAL,DAILY,Thane,Vashi,16:18,16:21,16,18,3,rabale -> ghansoli,99471,LOCAL,Evening Peak
TH,rabale,ghansoli,2.3,DOWN,99473,TV73,,Unknown,LOCAL,DAILY,Thane,Vashi,16:30,16:33,16,30,3,rabale -> ghansoli,99473,LOCAL,Evening Peak
TH,rabale,ghansoli,2.3,DOWN,99039,TPL39,,Unknown,LOCAL,DAILY,Thane,Panvel,16:35,16:38,16,35,3,rabale -> ghansoli,99039,LOCAL,Evening Peak
TH,rabale,ghansoli,2.3,DOWN,99245,TNU45,,Unknown,LOCAL,DAILY,Thane,Nerul,16:44,16:47,16,44,3,rabale -> ghansoli,99245,LOCAL,Evening Peak
TH,rabale,ghansoli,2.3,DOWN,99475,TV75,,Unknown,LOCAL,DAILY,Thane,Vashi,16:51,16:54,16,51,3,rabale -> ghansoli,99475,LOCAL,Evening Peak
TH,rabale,ghansoli,2.3,DOWN,99041,TPL41,,Unknown,LOCAL,DAILY,Thane,Panvel,16:59,17:02,16,59,3,rabale -> ghansoli,99041,LOCAL,Evening Peak
TH,rabale,ghansoli,2.3,DOWN,99477,TV77,,Unknown,LOCAL,DAILY,Thane,Vashi,17:06,17:09,17,6,3,rabale -> ghansoli,99477,LOCAL,Evening Peak
TH,rabale,ghansoli,2.3,DOWN,99247,TNU47,,Unknown,LOCAL,DAILY,Thane,Nerul,17:11,17:14,17,11,3,rabale -> ghansoli,99247,LOCAL,Evening Peak
TH,rabale,ghansoli,2.3,DOWN,99479,TV79,,Unknown,LOCAL,DAILY,Thane,Vashi,17:19,17:22,17,19,3,rabale -> ghansoli,99479,LOCAL,Evening Peak
TH,rabale,ghansoli,2.3,DOWN,99249,TNU49,,Unknown,LOCAL,NOT_SUN,Thane,Nerul,17:25,17:28,17,25,3,rabale -> ghansoli,99249,LOCAL,Evening Peak
TH,rabale,ghansoli,2.3,DOWN,99043,TPL43,,Unknown,LOCAL,DAILY,Thane,Panvel,17:34,17:37,17,34,3,rabale -> ghansoli,99043,LOCAL,Evening Peak
TH,rabale,ghansoli,2.3,DOWN,99481,TV81,,Unknown,LOCAL,DAILY,Thane,Vashi,17:39,17:42,17,39,3,rabale -> ghansoli,99481,LOCAL,Evening Peak
TH,rabale,ghansoli,2.3,DOWN,99251,TNU51,,Unknown,LOCAL,DAILY,Thane,Nerul,17:45,17:48,17,45,3,rabale -> ghansoli,99251,LOCAL,Evening Peak
TH,rabale,ghansoli,2.3,DOWN,99483,TV83,,Unknown,LOCAL,DAILY,Thane,Vashi,17:57,18:00,17,57,3,rabale -> ghansoli,99483,LOCAL,Evening Peak
TH,rabale,ghansoli,2.3,DOWN,99497,TV97,,Unknown,LOCAL,DAILY,Thane,Vashi,20:05,20:08,20,5,3,rabale -> ghansoli,99497,LOCAL,Night
TH,rabale,ghansoli,2.3,DOWN,99055,TPL55,,Unknown,LOCAL,DAILY,Thane,Panvel,20:10,20:13,20,10,3,rabale -> ghansoli,99055,LOCAL,Night
TH,rabale,ghansoli,2.3,DOWN,99499,TV99,,Unknown,LOCAL,DAILY,Thane,Vashi,20:16,20:19,20,16,3,rabale -> ghansoli,99499,LOCAL,Night
TH,rabale,ghansoli,2.3,DOWN,99057,TPL57,,Unknown,LOCAL,DAILY,Thane,Panvel,20:26,20:29,20,26,3,rabale -> ghansoli,99057,LOCAL,Night
TH,rabale,ghansoli,2.3,DOWN,99263,TNU63,,Unknown,LOCAL,DAILY,Thane,Nerul,20:31,20:34,20,31,3,rabale -> ghansoli,99263,LOCAL,Night
TH,rabale,ghansoli,2.3,DOWN,99501,TV101,,Unknown,LOCAL,DAILY,Thane,Vashi,20:39,20:42,20,39,3,rabale -> ghansoli,99501,LOCAL,Night
TH,rabale,ghansoli,2.3,DOWN,99265,TNU65,,Unknown,LOCAL,DAILY,Thane,Nerul,20:44,20:47,20,44,3,rabale -> ghansoli,99265,LOCAL,Night
TH,rabale,ghansoli,2.3,DOWN,99503,TV103,,Unknown,LOCAL,DAILY,Thane,Vashi,20:54,20:57,20,54,3,rabale -> ghansoli,99503,LOCAL,Night
TH,rabale,ghansoli,2.3,DOWN,99059,TPL59,,Unknown,LOCAL,DAILY,Thane,Panvel,21:01,21:04,21,1,3,rabale -> ghansoli,99059,LOCAL,Night
TH,rabale,ghansoli,2.3,DOWN,99505,TV105,,Unknown,LOCAL,DAILY,Thane,Vashi,21:11,21:14,21,11,3,rabale -> ghansoli,99505,LOCAL,Night
TH,rabale,ghansoli,2.3,DOWN,99061,TPL61,,Unknown,LOCAL,DAILY,Thane,Panvel,21:22,21:25,21,22,3,rabale -> ghansoli,99061,LOCAL,Night
TH,rabale,ghansoli,2.3,DOWN,99507,TV107,,Unknown,LOCAL,DAILY,Thane,Vashi,21:31,21:34,21,31,3,rabale -> ghansoli,99507,LOCAL,Night
TH,rabale,ghansoli,2.3,DOWN,99267,TNU67,,Unknown,LOCAL,DAILY,Thane,Nerul,21:41,21:44,21,41,3,rabale -> ghansoli,99267,LOCAL,Night
TH,rabale,ghansoli,2.3,DOWN,99063,TPL63,,Unknown,LOCAL,DAILY,Thane,Panvel,21:47,21:50,21,47,3,rabale -> ghansoli,99063,LOCAL,Night
TH,rabale,ghansoli,2.3,DOWN,99509,TV109,,Unknown,LOCAL,DAILY,Thane,Vashi,21:52,21:55,21,52,3,rabale -> ghansoli,99509,LOCAL,Night
TH,ghansoli,kopar_khairane,1.5,DOWN,99001,TPL1,,Unknown,LOCAL,DAILY,Thane,Panvel,00:19,00:22,0,19,3,ghansoli -> kopar_khairane,99001,LOCAL,Late Night
TH,ghansoli,kopar_khairane,1.5,DOWN,99003,TPL3,,Unknown,LOCAL,DAILY,Thane,Panvel,05:26,05:29,5,26,3,ghansoli -> kopar_khairane,99003,LOCAL,Morning Peak
TH,ghansoli,kopar_khairane,1.5,DOWN,99401,TV1,,Unknown,LOCAL,DAILY,Thane,Vashi,05:39,05:42,5,39,3,ghansoli -> kopar_khairane,99401,LOCAL,Morning Peak
TH,ghansoli,kopar_khairane,1.5,DOWN,99201,TNU1,,Unknown,LOCAL,DAILY,Thane,Nerul,05:54,05:57,5,54,3,ghansoli -> kopar_khairane,99201,LOCAL,Morning Peak
TH,ghansoli,kopar_khairane,1.5,DOWN,99415,TV15,,Unknown,LOCAL,DAILY,Thane,Vashi,08:07,08:10,8,7,3,ghansoli -> kopar_khairane,99415,LOCAL,Morning Peak
TH,ghansoli,kopar_khairane,1.5,DOWN,99009,TPL9,,Unknown,LOCAL,DAILY,Thane,Panvel,08:17,08:20,8,17,3,ghansoli -> kopar_khairane,99009,LOCAL,Morning Peak
TH,ghansoli,kopar_khairane,1.5,DOWN,99417,TV17,,Unknown,LOCAL,NOT_SUN,Thane,Vashi,08:21,08:24,8,21,3,ghansoli -> kopar_khairane,99417,LOCAL,Morning Peak
TH,ghansoli,kopar_khairane,1.5,DOWN,99211,TNU11,,Unknown,LOCAL,DAILY,Thane,Nerul,08:28,08:31,8,28,3,ghansoli -> kopar_khairane,99211,LOCAL,Morning Peak
TH,ghansoli,kopar_khairane,1.5,DOWN,99419,TV19,,Unknown,LOCAL,DAILY,Thane,Vashi,08:37,08:40,8,37,3,ghansoli -> kopar_khairane,99419,LOCAL,Morning Peak
TH,ghansoli,kopar_khairane,1.5,DOWN,99213,TNU13,,Unknown,LOCAL,DAILY,Thane,Nerul,08:45,08:48,8,45,3,ghansoli -> kopar_khairane,99213,LOCAL,Morning Peak
TH,ghansoli,kopar_khairane,1.5,DOWN,99421,TV21,,Unknown,LOCAL,DAILY,Thane,Vashi,08:50,08:53,8,50,3,ghansoli -> kopar_khairane,99421,LOCAL,Morning Peak
TH,ghansoli,kopar_khairane,1.5,DOWN,99011,TPL11,,Unknown,LOCAL,DAILY,Thane,Panvel,08:55,08:58,8,55,3,ghansoli -> kopar_khairane,99011,LOCAL,Morning Peak
TH,ghansoli,kopar_khairane,1.5,DOWN,99215,TNU15,,Unknown,LOCAL,DAILY,Thane,Nerul,09:05,09:08,9,5,3,ghansoli -> kopar_khairane,99215,LOCAL,Late Morning
TH,ghansoli,kopar_khairane,1.5,DOWN,99423,TV23,,Unknown,LOCAL,DAILY,Thane,Vashi,09:10,09:13,9,10,3,ghansoli -> kopar_khairane,99423,LOCAL,Late Morning
TH,ghansoli,kopar_khairane,1.5,DOWN,99217,TNU17,,Unknown,LOCAL,DAILY,Thane,Nerul,09:18,09:21,9,18,3,ghansoli -> kopar_khairane,99217,LOCAL,Late Morning
TH,ghansoli,kopar_khairane,1.5,DOWN,99425,TV25,,Unknown,LOCAL,DAILY,Thane,Vashi,09:23,09:26,9,23,3,ghansoli -> kopar_khairane,99425,LOCAL,Late Morning
TH,ghansoli,kopar_khairane,1.5,DOWN,99013,TPL13,,Unknown,LOCAL,DAILY,Thane,Panvel,09:28,09:31,9,28,3,ghansoli -> kopar_khairane,99013,LOCAL,Late Morning
TH,ghansoli,kopar_khairane,1.5,DOWN,99219,TNU19,,Unknown,LOCAL,NOT_SUN,Thane,Nerul,09:33,09:36,9,33,3,ghansoli -> kopar_khairane,99219,LOCAL,Late Morning
TH,ghansoli,kopar_khairane,1.5,DOWN,99427,TV27,,Unknown,LOCAL,DAILY,Thane,Vashi,09:44,09:47,9,44,3,ghansoli -> kopar_khairane,99427,LOCAL,Late Morning
TH,ghansoli,kopar_khairane,1.5,DOWN,99015,TPL15,,Unknown,LOCAL,DAILY,Thane,Panvel,09:53,09:56,9,53,3,ghansoli -> kopar_khairane,99015,LOCAL,Late Morning
TH,ghansoli,kopar_khairane,1.5,DOWN,99445,TV45,,Unknown,LOCAL,DAILY,Thane,Vashi,12:02,12:05,12,2,3,ghansoli -> kopar_khairane,99445,LOCAL,Afternoon
TH,ghansoli,kopar_khairane,1.5,DOWN,99023,TPL23,,Unknown,LOCAL,DAILY,Thane,Panvel,12:16,12:19,12,16,3,ghansoli -> kopar_khairane,99023,LOCAL,Afternoon
TH,ghansoli,kopar_khairane,1.5,DOWN,99447,TV47,,Unknown,LOCAL,DAILY,Thane,Vashi,12:20,12:23,12,20,3,ghansoli -> kopar_khairane,99447,LOCAL,Afternoon
TH,ghansoli,kopar_khairane,1.5,DOWN,99231,TNU31,,Unknown,LOCAL,DAILY,Thane,Nerul,12:26,12:29,12,26,3,ghansoli -> kopar_khairane,99231,LOCAL,Afternoon
TH,ghansoli,kopar_khairane,1.5,DOWN,99449,TV49,,Unknown,LOCAL,DAILY,Thane,Vashi,12:32,12:35,12,32,3,ghansoli -> kopar_khairane,99449,LOCAL,Afternoon
TH,ghansoli,kopar_khairane,1.5,DOWN,99233,TNU33,,Unknown,LOCAL,DAILY,Thane,Nerul,12:49,12:52,12,49,3,ghansoli -> kopar_khairane,99233,LOCAL,Afternoon
TH,ghansoli,kopar_khairane,1.5,DOWN,99451,TV51,,Unknown,LOCAL,DAILY,Thane,Vashi,12:55,12:58,12,55,3,ghansoli -> kopar_khairane,99451,LOCAL,Afternoon
TH,ghansoli,kopar_khairane,1.5,DOWN,99025,TPL25,,Unknown,LOCAL,DAILY,Thane,Panvel,13:03,13:06,13,3,3,ghansoli -> kopar_khairane,99025,LOCAL,Afternoon
TH,ghansoli,kopar_khairane,1.5,DOWN,99453,TV53,,Unknown,LOCAL,DAILY,Thane,Vashi,13:14,13:17,13,14,3,ghansoli -> kopar_khairane,99453,LOCAL,Afternoon
TH,ghansoli,kopar_khairane,1.5,DOWN,99235,TNU35,,Unknown,LOCAL,DAILY,Thane,Nerul,13:24,13:27,13,24,3,ghansoli -> kopar_khairane,99235,LOCAL,Afternoon
TH,ghansoli,kopar_khairane,1.5,DOWN,99027,TPL27,,Unknown,LOCAL,DAILY,Thane,Panvel,13:38,13:41,13,38,3,ghansoli -> kopar_khairane,99027,LOCAL,Afternoon
TH,ghansoli,kopar_khairane,1.5,DOWN,99455,TV55,,Unknown,LOCAL,DAILY,Thane,Vashi,13:44,13:47,13,44,3,ghansoli -> kopar_khairane,99455,LOCAL,Afternoon
TH,ghansoli,kopar_khairane,1.5,DOWN,99237,TNU37,,Unknown,LOCAL,DAILY,Thane,Nerul,13:51,13:54,13,51,3,ghansoli -> kopar_khairane,99237,LOCAL,Afternoon
TH,ghansoli,kopar_khairane,1.5,DOWN,99469,TV69,,Unknown,LOCAL,DAILY,Thane,Vashi,16:06,16:09,16,6,3,ghansoli -> kopar_khairane,99469,LOCAL,Evening Peak
TH,ghansoli,kopar_khairane,1.5,DOWN,99037,TPL37,,Unknown,LOCAL,DAILY,Thane,Panvel,16:14,16:17,16,14,3,ghansoli -> kopar_khairane,99037,LOCAL,Evening Peak
TH,ghansoli,kopar_khairane,1.5,DOWN,99471,TV71,,Unknown,LOCAL,DAILY,Thane,Vashi,16:21,16:24,16,21,3,ghansoli -> kopar_khairane,99471,LOCAL,Evening Peak
TH,ghansoli,kopar_khairane,1.5,DOWN,99473,TV73,,Unknown,LOCAL,DAILY,Thane,Vashi,16:33,16:36,16,33,3,ghansoli -> kopar_khairane,99473,LOCAL,Evening Peak
TH,ghansoli,kopar_khairane,1.5,DOWN,99039,TPL39,,Unknown,LOCAL,DAILY,Thane,Panvel,16:38,16:41,16,38,3,ghansoli -> kopar_khairane,99039,LOCAL,Evening Peak
TH,ghansoli,kopar_khairane,1.5,DOWN,99245,TNU45,,Unknown,LOCAL,DAILY,Thane,Nerul,16:47,16:50,16,47,3,ghansoli -> kopar_khairane,99245,LOCAL,Evening Peak
TH,ghansoli,kopar_khairane,1.5,DOWN,99475,TV75,,Unknown,LOCAL,DAILY,Thane,Vashi,16:54,16:57,16,54,3,ghansoli -> kopar_khairane,99475,LOCAL,Evening Peak
TH,ghansoli,kopar_khairane,1.5,DOWN,99041,TPL41,,Unknown,LOCAL,DAILY,Thane,Panvel,17:02,17:05,17,2,3,ghansoli -> kopar_khairane,99041,LOCAL,Evening Peak
TH,ghansoli,kopar_khairane,1.5,DOWN,99477,TV77,,Unknown,LOCAL,DAILY,Thane,Vashi,17:09,17:12,17,9,3,ghansoli -> kopar_khairane,99477,LOCAL,Evening Peak
TH,ghansoli,kopar_khairane,1.5,DOWN,99247,TNU47,,Unknown,LOCAL,DAILY,Thane,Nerul,17:14,17:17,17,14,3,ghansoli -> kopar_khairane,99247,LOCAL,Evening Peak
TH,ghansoli,kopar_khairane,1.5,DOWN,99479,TV79,,Unknown,LOCAL,DAILY,Thane,Vashi,17:22,17:25,17,22,3,ghansoli -> kopar_khairane,99479,LOCAL,Evening Peak
TH,ghansoli,kopar_khairane,1.5,DOWN,99249,TNU49,,Unknown,LOCAL,NOT_SUN,Thane,Nerul,17:28,17:31,17,28,3,ghansoli -> kopar_khairane,99249,LOCAL,Evening Peak
TH,ghansoli,kopar_khairane,1.5,DOWN,99043,TPL43,,Unknown,LOCAL,DAILY,Thane,Panvel,17:37,17:40,17,37,3,ghansoli -> kopar_khairane,99043,LOCAL,Evening Peak
TH,ghansoli,kopar_khairane,1.5,DOWN,99481,TV81,,Unknown,LOCAL,DAILY,Thane,Vashi,17:42,17:45,17,42,3,ghansoli -> kopar_khairane,99481,LOCAL,Evening Peak
TH,ghansoli,kopar_khairane,1.5,DOWN,99251,TNU51,,Unknown,LOCAL,DAILY,Thane,Nerul,17:48,17:51,17,48,3,ghansoli -> kopar_khairane,99251,LOCAL,Evening Peak
TH,ghansoli,kopar_khairane,1.5,DOWN,99483,TV83,,Unknown,LOCAL,DAILY,Thane,Vashi,18:00,18:03,18,0,3,ghansoli -> kopar_khairane,99483,LOCAL,Evening Peak
TH,ghansoli,kopar_khairane,1.5,DOWN,99053,TPL53,,Unknown,LOCAL,NOT_SUN,Thane,Panvel,20:02,20:05,20,2,3,ghansoli -> kopar_khairane,99053,LOCAL,Night
TH,ghansoli,kopar_khairane,1.5,DOWN,99497,TV97,,Unknown,LOCAL,DAILY,Thane,Vashi,20:08,20:11,20,8,3,ghansoli -> kopar_khairane,99497,LOCAL,Night
TH,ghansoli,kopar_khairane,1.5,DOWN,99055,TPL55,,Unknown,LOCAL,DAILY,Thane,Panvel,20:13,20:16,20,13,3,ghansoli -> kopar_khairane,99055,LOCAL,Night
TH,ghansoli,kopar_khairane,1.5,DOWN,99499,TV99,,Unknown,LOCAL,DAILY,Thane,Vashi,20:19,20:22,20,19,3,ghansoli -> kopar_khairane,99499,LOCAL,Night
TH,ghansoli,kopar_khairane,1.5,DOWN,99057,TPL57,,Unknown,LOCAL,DAILY,Thane,Panvel,20:29,20:32,20,29,3,ghansoli -> kopar_khairane,99057,LOCAL,Night
TH,ghansoli,kopar_khairane,1.5,DOWN,99263,TNU63,,Unknown,LOCAL,DAILY,Thane,Nerul,20:34,20:37,20,34,3,ghansoli -> kopar_khairane,99263,LOCAL,Night
TH,ghansoli,kopar_khairane,1.5,DOWN,99501,TV101,,Unknown,LOCAL,DAILY,Thane,Vashi,20:42,20:45,20,42,3,ghansoli -> kopar_khairane,99501,LOCAL,Night
TH,ghansoli,kopar_khairane,1.5,DOWN,99265,TNU65,,Unknown,LOCAL,DAILY,Thane,Nerul,20:47,20:50,20,47,3,ghansoli -> kopar_khairane,99265,LOCAL,Night
TH,ghansoli,kopar_khairane,1.5,DOWN,99503,TV103,,Unknown,LOCAL,DAILY,Thane,Vashi,20:57,21:00,20,57,3,ghansoli -> kopar_khairane,99503,LOCAL,Night
TH,ghansoli,kopar_khairane,1.5,DOWN,99059,TPL59,,Unknown,LOCAL,DAILY,Thane,Panvel,21:04,21:07,21,4,3,ghansoli -> kopar_khairane,99059,LOCAL,Night
TH,ghansoli,kopar_khairane,1.5,DOWN,99505,TV105,,Unknown,LOCAL,DAILY,Thane,Vashi,21:14,21:17,21,14,3,ghansoli -> kopar_khairane,99505,LOCAL,Night
TH,ghansoli,kopar_khairane,1.5,DOWN,99061,TPL61,,Unknown,LOCAL,DAILY,Thane,Panvel,21:25,21:28,21,25,3,ghansoli -> kopar_khairane,99061,LOCAL,Night
TH,ghansoli,kopar_khairane,1.5,DOWN,99507,TV107,,Unknown,LOCAL,DAILY,Thane,Vashi,21:34,21:37,21,34,3,ghansoli -> kopar_khairane,99507,LOCAL,Night
TH,ghansoli,kopar_khairane,1.5,DOWN,99267,TNU67,,Unknown,LOCAL,DAILY,Thane,Nerul,21:44,21:47,21,44,3,ghansoli -> kopar_khairane,99267,LOCAL,Night
TH,ghansoli,kopar_khairane,1.5,DOWN,99063,TPL63,,Unknown,LOCAL,DAILY,Thane,Panvel,21:50,21:53,21,50,3,ghansoli -> kopar_khairane,99063,LOCAL,Night
TH,ghansoli,kopar_khairane,1.5,DOWN,99509,TV109,,Unknown,LOCAL,DAILY,Thane,Vashi,21:55,21:58,21,55,3,ghansoli -> kopar_khairane,99509,LOCAL,Night
TH,kopar_khairane,turbhe,3.2,DOWN,99519,TV119,,Unknown,LOCAL,DAILY,Thane,Vashi,00:02,00:06,0,2,4,kopar_khairane -> turbhe,99519,LOCAL,Late Night
TH,kopar_khairane,turbhe,3.2,DOWN,99001,TPL1,,Unknown,LOCAL,DAILY,Thane,Panvel,00:22,00:26,0,22,4,kopar_khairane -> turbhe,99001,LOCAL,Late Night
TH,kopar_khairane,turbhe,3.2,DOWN,99003,TPL3,,Unknown,LOCAL,DAILY,Thane,Panvel,05:29,05:33,5,29,4,kopar_khairane -> turbhe,99003,LOCAL,Morning Peak
TH,kopar_khairane,turbhe,3.2,DOWN,99401,TV1,,Unknown,LOCAL,DAILY,Thane,Vashi,05:42,05:46,5,42,4,kopar_khairane -> turbhe,99401,LOCAL,Morning Peak
TH,kopar_khairane,turbhe,3.2,DOWN,99201,TNU1,,Unknown,LOCAL,DAILY,Thane,Nerul,05:57,06:01,5,57,4,kopar_khairane -> turbhe,99201,LOCAL,Morning Peak
TH,kopar_khairane,turbhe,3.2,DOWN,99209,TNU9,,Unknown,LOCAL,DAILY,Thane,Nerul,08:00,08:04,8,0,4,kopar_khairane -> turbhe,99209,LOCAL,Morning Peak
TH,kopar_khairane,turbhe,3.2,DOWN,99415,TV15,,Unknown,LOCAL,DAILY,Thane,Vashi,08:10,08:14,8,10,4,kopar_khairane -> turbhe,99415,LOCAL,Morning Peak
TH,kopar_khairane,turbhe,3.2,DOWN,99009,TPL9,,Unknown,LOCAL,DAILY,Thane,Panvel,08:20,08:24,8,20,4,kopar_khairane -> turbhe,99009,LOCAL,Morning Peak
TH,kopar_khairane,turbhe,3.2,DOWN,99417,TV17,,Unknown,LOCAL,NOT_SUN,Thane,Vashi,08:24,08:28,8,24,4,kopar_khairane -> turbhe,99417,LOCAL,Morning Peak
TH,kopar_khairane,turbhe,3.2,DOWN,99211,TNU11,,Unknown,LOCAL,DAILY,Thane,Nerul,08:31,08:35,8,31,4,kopar_khairane -> turbhe,99211,LOCAL,Morning Peak
TH,kopar_khairane,turbhe,3.2,DOWN,99419,TV19,,Unknown,LOCAL,DAILY,Thane,Vashi,08:40,08:44,8,40,4,kopar_khairane -> turbhe,99419,LOCAL,Morning Peak
TH,kopar_khairane,turbhe,3.2,DOWN,99213,TNU13,,Unknown,LOCAL,DAILY,Thane,Nerul,08:48,08:52,8,48,4,kopar_khairane -> turbhe,99213,LOCAL,Morning Peak
TH,kopar_khairane,turbhe,3.2,DOWN,99421,TV21,,Unknown,LOCAL,DAILY,Thane,Vashi,08:53,08:57,8,53,4,kopar_khairane -> turbhe,99421,LOCAL,Morning Peak
TH,kopar_khairane,turbhe,3.2,DOWN,99011,TPL11,,Unknown,LOCAL,DAILY,Thane,Panvel,08:58,09:02,8,58,4,kopar_khairane -> turbhe,99011,LOCAL,Morning Peak
TH,kopar_khairane,turbhe,3.2,DOWN,99215,TNU15,,Unknown,LOCAL,DAILY,Thane,Nerul,09:08,09:12,9,8,4,kopar_khairane -> turbhe,99215,LOCAL,Late Morning
TH,kopar_khairane,turbhe,3.2,DOWN,99423,TV23,,Unknown,LOCAL,DAILY,Thane,Vashi,09:13,09:17,9,13,4,kopar_khairane -> turbhe,99423,LOCAL,Late Morning
TH,kopar_khairane,turbhe,3.2,DOWN,99217,TNU17,,Unknown,LOCAL,DAILY,Thane,Nerul,09:21,09:25,9,21,4,kopar_khairane -> turbhe,99217,LOCAL,Late Morning
TH,kopar_khairane,turbhe,3.2,DOWN,99425,TV25,,Unknown,LOCAL,DAILY,Thane,Vashi,09:26,09:30,9,26,4,kopar_khairane -> turbhe,99425,LOCAL,Late Morning
TH,kopar_khairane,turbhe,3.2,DOWN,99013,TPL13,,Unknown,LOCAL,DAILY,Thane,Panvel,09:31,09:35,9,31,4,kopar_khairane -> turbhe,99013,LOCAL,Late Morning
TH,kopar_khairane,turbhe,3.2,DOWN,99219,TNU19,,Unknown,LOCAL,NOT_SUN,Thane,Nerul,09:36,09:40,9,36,4,kopar_khairane -> turbhe,99219,LOCAL,Late Morning
TH,kopar_khairane,turbhe,3.2,DOWN,99427,TV27,,Unknown,LOCAL,DAILY,Thane,Vashi,09:47,09:51,9,47,4,kopar_khairane -> turbhe,99427,LOCAL,Late Morning
TH,kopar_khairane,turbhe,3.2,DOWN,99015,TPL15,,Unknown,LOCAL,DAILY,Thane,Panvel,09:56,10:00,9,56,4,kopar_khairane -> turbhe,99015,LOCAL,Late Morning
TH,kopar_khairane,turbhe,3.2,DOWN,99445,TV45,,Unknown,LOCAL,DAILY,Thane,Vashi,12:05,12:09,12,5,4,kopar_khairane -> turbhe,99445,LOCAL,Afternoon
TH,kopar_khairane,turbhe,3.2,DOWN,99023,TPL23,,Unknown,LOCAL,DAILY,Thane,Panvel,12:19,12:23,12,19,4,kopar_khairane -> turbhe,99023,LOCAL,Afternoon
TH,kopar_khairane,turbhe,3.2,DOWN,99447,TV47,,Unknown,LOCAL,DAILY,Thane,Vashi,12:23,12:27,12,23,4,kopar_khairane -> turbhe,99447,LOCAL,Afternoon
TH,kopar_khairane,turbhe,3.2,DOWN,99231,TNU31,,Unknown,LOCAL,DAILY,Thane,Nerul,12:29,12:33,12,29,4,kopar_khairane -> turbhe,99231,LOCAL,Afternoon
TH,kopar_khairane,turbhe,3.2,DOWN,99449,TV49,,Unknown,LOCAL,DAILY,Thane,Vashi,12:35,12:39,12,35,4,kopar_khairane -> turbhe,99449,LOCAL,Afternoon
TH,kopar_khairane,turbhe,3.2,DOWN,99233,TNU33,,Unknown,LOCAL,DAILY,Thane,Nerul,12:52,12:56,12,52,4,kopar_khairane -> turbhe,99233,LOCAL,Afternoon
TH,kopar_khairane,turbhe,3.2,DOWN,99451,TV51,,Unknown,LOCAL,DAILY,Thane,Vashi,12:58,13:02,12,58,4,kopar_khairane -> turbhe,99451,LOCAL,Afternoon
TH,kopar_khairane,turbhe,3.2,DOWN,99025,TPL25,,Unknown,LOCAL,DAILY,Thane,Panvel,13:06,13:10,13,6,4,kopar_khairane -> turbhe,99025,LOCAL,Afternoon
TH,kopar_khairane,turbhe,3.2,DOWN,99453,TV53,,Unknown,LOCAL,DAILY,Thane,Vashi,13:17,13:21,13,17,4,kopar_khairane -> turbhe,99453,LOCAL,Afternoon
TH,kopar_khairane,turbhe,3.2,DOWN,99235,TNU35,,Unknown,LOCAL,DAILY,Thane,Nerul,13:27,13:31,13,27,4,kopar_khairane -> turbhe,99235,LOCAL,Afternoon
TH,kopar_khairane,turbhe,3.2,DOWN,99027,TPL27,,Unknown,LOCAL,DAILY,Thane,Panvel,13:41,13:45,13,41,4,kopar_khairane -> turbhe,99027,LOCAL,Afternoon
TH,kopar_khairane,turbhe,3.2,DOWN,99455,TV55,,Unknown,LOCAL,DAILY,Thane,Vashi,13:47,13:51,13,47,4,kopar_khairane -> turbhe,99455,LOCAL,Afternoon
TH,kopar_khairane,turbhe,3.2,DOWN,99237,TNU37,,Unknown,LOCAL,DAILY,Thane,Nerul,13:54,13:58,13,54,4,kopar_khairane -> turbhe,99237,LOCAL,Afternoon
TH,kopar_khairane,turbhe,3.2,DOWN,99469,TV69,,Unknown,LOCAL,DAILY,Thane,Vashi,16:09,16:13,16,9,4,kopar_khairane -> turbhe,99469,LOCAL,Evening Peak
TH,kopar_khairane,turbhe,3.2,DOWN,99037,TPL37,,Unknown,LOCAL,DAILY,Thane,Panvel,16:17,16:21,16,17,4,kopar_khairane -> turbhe,99037,LOCAL,Evening Peak
TH,kopar_khairane,turbhe,3.2,DOWN,99471,TV71,,Unknown,LOCAL,DAILY,Thane,Vashi,16:24,16:28,16,24,4,kopar_khairane -> turbhe,99471,LOCAL,Evening Peak
TH,kopar_khairane,turbhe,3.2,DOWN,99473,TV73,,Unknown,LOCAL,DAILY,Thane,Vashi,16:36,16:40,16,36,4,kopar_khairane -> turbhe,99473,LOCAL,Evening Peak
TH,kopar_khairane,turbhe,3.2,DOWN,99039,TPL39,,Unknown,LOCAL,DAILY,Thane,Panvel,16:41,16:45,16,41,4,kopar_khairane -> turbhe,99039,LOCAL,Evening Peak
TH,kopar_khairane,turbhe,3.2,DOWN,99245,TNU45,,Unknown,LOCAL,DAILY,Thane,Nerul,16:50,16:54,16,50,4,kopar_khairane -> turbhe,99245,LOCAL,Evening Peak
TH,kopar_khairane,turbhe,3.2,DOWN,99475,TV75,,Unknown,LOCAL,DAILY,Thane,Vashi,16:57,17:01,16,57,4,kopar_khairane -> turbhe,99475,LOCAL,Evening Peak
TH,kopar_khairane,turbhe,3.2,DOWN,99041,TPL41,,Unknown,LOCAL,DAILY,Thane,Panvel,17:05,17:09,17,5,4,kopar_khairane -> turbhe,99041,LOCAL,Evening Peak
TH,kopar_khairane,turbhe,3.2,DOWN,99477,TV77,,Unknown,LOCAL,DAILY,Thane,Vashi,17:12,17:16,17,12,4,kopar_khairane -> turbhe,99477,LOCAL,Evening Peak
TH,kopar_khairane,turbhe,3.2,DOWN,99247,TNU47,,Unknown,LOCAL,DAILY,Thane,Nerul,17:17,17:21,17,17,4,kopar_khairane -> turbhe,99247,LOCAL,Evening Peak
TH,kopar_khairane,turbhe,3.2,DOWN,99479,TV79,,Unknown,LOCAL,DAILY,Thane,Vashi,17:25,17:29,17,25,4,kopar_khairane -> turbhe,99479,LOCAL,Evening Peak
TH,kopar_khairane,turbhe,3.2,DOWN,99249,TNU49,,Unknown,LOCAL,NOT_SUN,Thane,Nerul,17:31,17:35,17,31,4,kopar_khairane -> turbhe,99249,LOCAL,Evening Peak
TH,kopar_khairane,turbhe,3.2,DOWN,99043,TPL43,,Unknown,LOCAL,DAILY,Thane,Panvel,17:40,17:44,17,40,4,kopar_khairane -> turbhe,99043,LOCAL,Evening Peak
TH,kopar_khairane,turbhe,3.2,DOWN,99481,TV81,,Unknown,LOCAL,DAILY,Thane,Vashi,17:45,17:49,17,45,4,kopar_khairane -> turbhe,99481,LOCAL,Evening Peak
TH,kopar_khairane,turbhe,3.2,DOWN,99251,TNU51,,Unknown,LOCAL,DAILY,Thane,Nerul,17:51,17:55,17,51,4,kopar_khairane -> turbhe,99251,LOCAL,Evening Peak
TH,kopar_khairane,turbhe,3.2,DOWN,99053,TPL53,,Unknown,LOCAL,NOT_SUN,Thane,Panvel,20:05,20:09,20,5,4,kopar_khairane -> turbhe,99053,LOCAL,Night
TH,kopar_khairane,turbhe,3.2,DOWN,99497,TV97,,Unknown,LOCAL,DAILY,Thane,Vashi,20:11,20:15,20,11,4,kopar_khairane -> turbhe,99497,LOCAL,Night
TH,kopar_khairane,turbhe,3.2,DOWN,99055,TPL55,,Unknown,LOCAL,DAILY,Thane,Panvel,20:16,20:20,20,16,4,kopar_khairane -> turbhe,99055,LOCAL,Night
TH,kopar_khairane,turbhe,3.2,DOWN,99499,TV99,,Unknown,LOCAL,DAILY,Thane,Vashi,20:22,20:26,20,22,4,kopar_khairane -> turbhe,99499,LOCAL,Night
TH,kopar_khairane,turbhe,3.2,DOWN,99057,TPL57,,Unknown,LOCAL,DAILY,Thane,Panvel,20:32,20:36,20,32,4,kopar_khairane -> turbhe,99057,LOCAL,Night
TH,kopar_khairane,turbhe,3.2,DOWN,99263,TNU63,,Unknown,LOCAL,DAILY,Thane,Nerul,20:37,20:41,20,37,4,kopar_khairane -> turbhe,99263,LOCAL,Night
TH,kopar_khairane,turbhe,3.2,DOWN,99501,TV101,,Unknown,LOCAL,DAILY,Thane,Vashi,20:45,20:49,20,45,4,kopar_khairane -> turbhe,99501,LOCAL,Night
TH,kopar_khairane,turbhe,3.2,DOWN,99265,TNU65,,Unknown,LOCAL,DAILY,Thane,Nerul,20:50,20:54,20,50,4,kopar_khairane -> turbhe,99265,LOCAL,Night
TH,kopar_khairane,turbhe,3.2,DOWN,99503,TV103,,Unknown,LOCAL,DAILY,Thane,Vashi,21:00,21:04,21,0,4,kopar_khairane -> turbhe,99503,LOCAL,Night
TH,kopar_khairane,turbhe,3.2,DOWN,99059,TPL59,,Unknown,LOCAL,DAILY,Thane,Panvel,21:07,21:11,21,7,4,kopar_khairane -> turbhe,99059,LOCAL,Night
TH,kopar_khairane,turbhe,3.2,DOWN,99505,TV105,,Unknown,LOCAL,DAILY,Thane,Vashi,21:17,21:21,21,17,4,kopar_khairane -> turbhe,99505,LOCAL,Night
TH,kopar_khairane,turbhe,3.2,DOWN,99061,TPL61,,Unknown,LOCAL,DAILY,Thane,Panvel,21:28,21:32,21,28,4,kopar_khairane -> turbhe,99061,LOCAL,Night
TH,kopar_khairane,turbhe,3.2,DOWN,99507,TV107,,Unknown,LOCAL,DAILY,Thane,Vashi,21:37,21:41,21,37,4,kopar_khairane -> turbhe,99507,LOCAL,Night
TH,kopar_khairane,turbhe,3.2,DOWN,99267,TNU67,,Unknown,LOCAL,DAILY,Thane,Nerul,21:47,21:51,21,47,4,kopar_khairane -> turbhe,99267,LOCAL,Night
TH,kopar_khairane,turbhe,3.2,DOWN,99063,TPL63,,Unknown,LOCAL,DAILY,Thane,Panvel,21:53,21:57,21,53,4,kopar_khairane -> turbhe,99063,LOCAL,Night
TH,kopar_khairane,turbhe,3.2,DOWN,99509,TV109,,Unknown,LOCAL,DAILY,Thane,Vashi,21:58,22:02,21,58,4,kopar_khairane -> turbhe,99509,LOCAL,Night
TH,turbhe,sanpada_th,2.0,DOWN,99519,TV119,,Unknown,LOCAL,DAILY,Thane,Vashi,00:06,00:10,0,6,4,turbhe -> sanpada_th,99519,LOCAL,Late Night
TH,turbhe,sanpada_th,2.0,DOWN,99401,TV1,,Unknown,LOCAL,DAILY,Thane,Vashi,05:46,05:50,5,46,4,turbhe -> sanpada_th,99401,LOCAL,Morning Peak
TH,turbhe,sanpada_th,2.0,DOWN,99415,TV15,,Unknown,LOCAL,DAILY,Thane,Vashi,08:14,08:18,8,14,4,turbhe -> sanpada_th,99415,LOCAL,Morning Peak
TH,turbhe,sanpada_th,2.0,DOWN,99417,TV17,,Unknown,LOCAL,NOT_SUN,Thane,Vashi,08:28,08:32,8,28,4,turbhe -> sanpada_th,99417,LOCAL,Morning Peak
TH,turbhe,sanpada_th,2.0,DOWN,99419,TV19,,Unknown,LOCAL,DAILY,Thane,Vashi,08:44,08:48,8,44,4,turbhe -> sanpada_th,99419,LOCAL,Morning Peak
TH,turbhe,sanpada_th,2.0,DOWN,99421,TV21,,Unknown,LOCAL,DAILY,Thane,Vashi,08:57,09:01,8,57,4,turbhe -> sanpada_th,99421,LOCAL,Morning Peak
TH,turbhe,sanpada_th,2.0,DOWN,99423,TV23,,Unknown,LOCAL,DAILY,Thane,Vashi,09:17,09:21,9,17,4,turbhe -> sanpada_th,99423,LOCAL,Late Morning
TH,turbhe,sanpada_th,2.0,DOWN,99425,TV25,,Unknown,LOCAL,DAILY,Thane,Vashi,09:30,09:34,9,30,4,turbhe -> sanpada_th,99425,LOCAL,Late Morning
TH,turbhe,sanpada_th,2.0,DOWN,99427,TV27,,Unknown,LOCAL,DAILY,Thane,Vashi,09:51,09:55,9,51,4,turbhe -> sanpada_th,99427,LOCAL,Late Morning
TH,turbhe,sanpada_th,2.0,DOWN,99445,TV45,,Unknown,LOCAL,DAILY,Thane,Vashi,12:09,12:13,12,9,4,turbhe -> sanpada_th,99445,LOCAL,Afternoon
TH,turbhe,sanpada_th,2.0,DOWN,99447,TV47,,Unknown,LOCAL,DAILY,Thane,Vashi,12:27,12:31,12,27,4,turbhe -> sanpada_th,99447,LOCAL,Afternoon
TH,turbhe,sanpada_th,2.0,DOWN,99449,TV49,,Unknown,LOCAL,DAILY,Thane,Vashi,12:39,12:43,12,39,4,turbhe -> sanpada_th,99449,LOCAL,Afternoon
TH,turbhe,sanpada_th,2.0,DOWN,99451,TV51,,Unknown,LOCAL,DAILY,Thane,Vashi,13:02,13:06,13,2,4,turbhe -> sanpada_th,99451,LOCAL,Afternoon
TH,turbhe,sanpada_th,2.0,DOWN,99453,TV53,,Unknown,LOCAL,DAILY,Thane,Vashi,13:21,13:25,13,21,4,turbhe -> sanpada_th,99453,LOCAL,Afternoon
TH,turbhe,sanpada_th,2.0,DOWN,99455,TV55,,Unknown,LOCAL,DAILY,Thane,Vashi,13:51,13:55,13,51,4,turbhe -> sanpada_th,99455,LOCAL,Afternoon
TH,turbhe,sanpada_th,2.0,DOWN,99467,TV67,,Unknown,LOCAL,DAILY,Thane,Vashi,16:01,16:05,16,1,4,turbhe -> sanpada_th,99467,LOCAL,Evening Peak
TH,turbhe,sanpada_th,2.0,DOWN,99469,TV69,,Unknown,LOCAL,DAILY,Thane,Vashi,16:13,16:17,16,13,4,turbhe -> sanpada_th,99469,LOCAL,Evening Peak
TH,turbhe,sanpada_th,2.0,DOWN,99471,TV71,,Unknown,LOCAL,DAILY,Thane,Vashi,16:28,16:32,16,28,4,turbhe -> sanpada_th,99471,LOCAL,Evening Peak
TH,turbhe,sanpada_th,2.0,DOWN,99473,TV73,,Unknown,LOCAL,DAILY,Thane,Vashi,16:40,16:44,16,40,4,turbhe -> sanpada_th,99473,LOCAL,Evening Peak
TH,turbhe,sanpada_th,2.0,DOWN,99475,TV75,,Unknown,LOCAL,DAILY,Thane,Vashi,17:01,17:06,17,1,5,turbhe -> sanpada_th,99475,LOCAL,Evening Peak
TH,turbhe,sanpada_th,2.0,DOWN,99477,TV77,,Unknown,LOCAL,DAILY,Thane,Vashi,17:16,17:20,17,16,4,turbhe -> sanpada_th,99477,LOCAL,Evening Peak
TH,turbhe,sanpada_th,2.0,DOWN,99479,TV79,,Unknown,LOCAL,DAILY,Thane,Vashi,17:29,17:33,17,29,4,turbhe -> sanpada_th,99479,LOCAL,Evening Peak
TH,turbhe,sanpada_th,2.0,DOWN,99481,TV81,,Unknown,LOCAL,DAILY,Thane,Vashi,17:49,17:53,17,49,4,turbhe -> sanpada_th,99481,LOCAL,Evening Peak
TH,turbhe,sanpada_th,2.0,DOWN,99497,TV97,,Unknown,LOCAL,DAILY,Thane,Vashi,20:15,20:19,20,15,4,turbhe -> sanpada_th,99497,LOCAL,Night
TH,turbhe,sanpada_th,2.0,DOWN,99499,TV99,,Unknown,LOCAL,DAILY,Thane,Vashi,20:26,20:30,20,26,4,turbhe -> sanpada_th,99499,LOCAL,Night
TH,turbhe,sanpada_th,2.0,DOWN,99501,TV101,,Unknown,LOCAL,DAILY,Thane,Vashi,20:49,20:53,20,49,4,turbhe -> sanpada_th,99501,LOCAL,Night
TH,turbhe,sanpada_th,2.0,DOWN,99503,TV103,,Unknown,LOCAL,DAILY,Thane,Vashi,21:04,21:08,21,4,4,turbhe -> sanpada_th,99503,LOCAL,Night
TH,turbhe,sanpada_th,2.0,DOWN,99505,TV105,,Unknown,LOCAL,DAILY,Thane,Vashi,21:21,21:25,21,21,4,turbhe -> sanpada_th,99505,LOCAL,Night
TH,turbhe,sanpada_th,2.0,DOWN,99507,TV107,,Unknown,LOCAL,DAILY,Thane,Vashi,21:41,21:45,21,41,4,turbhe -> sanpada_th,99507,LOCAL,Night
TH,sanpada_th,vashi_th,1.2,DOWN,99519,TV119,,Unknown,LOCAL,DAILY,Thane,Vashi,00:10,00:14,0,10,4,sanpada_th -> vashi_th,99519,LOCAL,Late Night
TH,sanpada_th,vashi_th,1.2,DOWN,99401,TV1,,Unknown,LOCAL,DAILY,Thane,Vashi,05:50,05:54,5,50,4,sanpada_th -> vashi_th,99401,LOCAL,Morning Peak
TH,sanpada_th,vashi_th,1.2,DOWN,99413,TV13,,Unknown,LOCAL,DAILY,Thane,Vashi,08:00,08:04,8,0,4,sanpada_th -> vashi_th,99413,LOCAL,Morning Peak
TH,sanpada_th,vashi_th,1.2,DOWN,99415,TV15,,Unknown,LOCAL,DAILY,Thane,Vashi,08:18,08:22,8,18,4,sanpada_th -> vashi_th,99415,LOCAL,Morning Peak
TH,sanpada_th,vashi_th,1.2,DOWN,99417,TV17,,Unknown,LOCAL,NOT_SUN,Thane,Vashi,08:32,08:37,8,32,5,sanpada_th -> vashi_th,99417,LOCAL,Morning Peak
TH,sanpada_th,vashi_th,1.2,DOWN,99419,TV19,,Unknown,LOCAL,DAILY,Thane,Vashi,08:48,08:52,8,48,4,sanpada_th -> vashi_th,99419,LOCAL,Morning Peak
TH,sanpada_th,vashi_th,1.2,DOWN,99421,TV21,,Unknown,LOCAL,DAILY,Thane,Vashi,09:01,09:05,9,1,4,sanpada_th -> vashi_th,99421,LOCAL,Late Morning
TH,sanpada_th,vashi_th,1.2,DOWN,99423,TV23,,Unknown,LOCAL,DAILY,Thane,Vashi,09:21,09:25,9,21,4,sanpada_th -> vashi_th,99423,LOCAL,Late Morning
TH,sanpada_th,vashi_th,1.2,DOWN,99425,TV25,,Unknown,LOCAL,DAILY,Thane,Vashi,09:34,09:39,9,34,5,sanpada_th -> vashi_th,99425,LOCAL,Late Morning
TH,sanpada_th,vashi_th,1.2,DOWN,99427,TV27,,Unknown,LOCAL,DAILY,Thane,Vashi,09:55,09:59,9,55,4,sanpada_th -> vashi_th,99427,LOCAL,Late Morning
TH,sanpada_th,vashi_th,1.2,DOWN,99443,TV43,,Unknown,LOCAL,DAILY,Thane,Vashi,12:00,12:04,12,0,4,sanpada_th -> vashi_th,99443,LOCAL,Afternoon
TH,sanpada_th,vashi_th,1.2,DOWN,99445,TV45,,Unknown,LOCAL,DAILY,Thane,Vashi,12:13,12:17,12,13,4,sanpada_th -> vashi_th,99445,LOCAL,Afternoon
TH,sanpada_th,vashi_th,1.2,DOWN,99447,TV47,,Unknown,LOCAL,DAILY,Thane,Vashi,12:31,12:35,12,31,4,sanpada_th -> vashi_th,99447,LOCAL,Afternoon
TH,sanpada_th,vashi_th,1.2,DOWN,99449,TV49,,Unknown,LOCAL,DAILY,Thane,Vashi,12:43,12:47,12,43,4,sanpada_th -> vashi_th,99449,LOCAL,Afternoon
TH,sanpada_th,vashi_th,1.2,DOWN,99451,TV51,,Unknown,LOCAL,DAILY,Thane,Vashi,13:06,13:10,13,6,4,sanpada_th -> vashi_th,99451,LOCAL,Afternoon
TH,sanpada_th,vashi_th,1.2,DOWN,99453,TV53,,Unknown,LOCAL,DAILY,Thane,Vashi,13:25,13:29,13,25,4,sanpada_th -> vashi_th,99453,LOCAL,Afternoon
TH,sanpada_th,vashi_th,1.2,DOWN,99455,TV55,,Unknown,LOCAL,DAILY,Thane,Vashi,13:55,13:59,13,55,4,sanpada_th -> vashi_th,99455,LOCAL,Afternoon
TH,sanpada_th,vashi_th,1.2,DOWN,99467,TV67,,Unknown,LOCAL,DAILY,Thane,Vashi,16:05,16:09,16,5,4,sanpada_th -> vashi_th,99467,LOCAL,Evening Peak
TH,sanpada_th,vashi_th,1.2,DOWN,99469,TV69,,Unknown,LOCAL,DAILY,Thane,Vashi,16:17,16:23,16,17,6,sanpada_th -> vashi_th,99469,LOCAL,Evening Peak
TH,sanpada_th,vashi_th,1.2,DOWN,99471,TV71,,Unknown,LOCAL,DAILY,Thane,Vashi,16:32,16:36,16,32,4,sanpada_th -> vashi_th,99471,LOCAL,Evening Peak
TH,sanpada_th,vashi_th,1.2,DOWN,99473,TV73,,Unknown,LOCAL,DAILY,Thane,Vashi,16:44,16:48,16,44,4,sanpada_th -> vashi_th,99473,LOCAL,Evening Peak
TH,sanpada_th,vashi_th,1.2,DOWN,99475,TV75,,Unknown,LOCAL,DAILY,Thane,Vashi,17:06,17:11,17,6,5,sanpada_th -> vashi_th,99475,LOCAL,Evening Peak
TH,sanpada_th,vashi_th,1.2,DOWN,99477,TV77,,Unknown,LOCAL,DAILY,Thane,Vashi,17:20,17:24,17,20,4,sanpada_th -> vashi_th,99477,LOCAL,Evening Peak
TH,sanpada_th,vashi_th,1.2,DOWN,99479,TV79,,Unknown,LOCAL,DAILY,Thane,Vashi,17:33,17:37,17,33,4,sanpada_th -> vashi_th,99479,LOCAL,Evening Peak
TH,sanpada_th,vashi_th,1.2,DOWN,99481,TV81,,Unknown,LOCAL,DAILY,Thane,Vashi,17:53,17:57,17,53,4,sanpada_th -> vashi_th,99481,LOCAL,Evening Peak
TH,sanpada_th,vashi_th,1.2,DOWN,99497,TV97,,Unknown,LOCAL,DAILY,Thane,Vashi,20:19,20:23,20,19,4,sanpada_th -> vashi_th,99497,LOCAL,Night
TH,sanpada_th,vashi_th,1.2,DOWN,99499,TV99,,Unknown,LOCAL,DAILY,Thane,Vashi,20:30,20:35,20,30,5,sanpada_th -> vashi_th,99499,LOCAL,Night
TH,sanpada_th,vashi_th,1.2,DOWN,99501,TV101,,Unknown,LOCAL,DAILY,Thane,Vashi,20:53,20:57,20,53,4,sanpada_th -> vashi_th,99501,LOCAL,Night
TH,sanpada_th,vashi_th,1.2,DOWN,99503,TV103,,Unknown,LOCAL,DAILY,Thane,Vashi,21:08,21:12,21,8,4,sanpada_th -> vashi_th,99503,LOCAL,Night
TH,sanpada_th,vashi_th,1.2,DOWN,99505,TV105,,Unknown,LOCAL,DAILY,Thane,Vashi,21:25,21:29,21,25,4,sanpada_th -> vashi_th,99505,LOCAL,Night
TH,sanpada_th,vashi_th,1.2,DOWN,99507,TV107,,Unknown,LOCAL,DAILY,Thane,Vashi,21:45,21:49,21,45,4,sanpada_th -> vashi_th,99507,LOCAL,Night
TH,juinagar_th,nerul_th,2.0,DOWN,99001,TPL1,,Unknown,LOCAL,DAILY,Thane,Panvel,00:30,00:34,0,30,4,juinagar_th -> nerul_th,99001,LOCAL,Late Night
TH,juinagar_th,nerul_th,2.0,DOWN,99003,TPL3,,Unknown,LOCAL,DAILY,Thane,Panvel,05:37,05:41,5,37,4,juinagar_th -> nerul_th,99003,LOCAL,Morning Peak
TH,juinagar_th,nerul_th,2.0,DOWN,99209,TNU9,,Unknown,LOCAL,DAILY,Thane,Nerul,08:08,08:13,8,8,5,juinagar_th -> nerul_th,99209,LOCAL,Morning Peak
TH,juinagar_th,nerul_th,2.0,DOWN,99009,TPL9,,Unknown,LOCAL,DAILY,Thane,Panvel,08:28,08:33,8,28,5,juinagar_th -> nerul_th,99009,LOCAL,Morning Peak
TH,juinagar_th,nerul_th,2.0,DOWN,99211,TNU11,,Unknown,LOCAL,DAILY,Thane,Nerul,08:39,08:44,8,39,5,juinagar_th -> nerul_th,99211,LOCAL,Morning Peak
TH,juinagar_th,nerul_th,2.0,DOWN,99213,TNU13,,Unknown,LOCAL,DAILY,Thane,Nerul,08:56,09:01,8,56,5,juinagar_th -> nerul_th,99213,LOCAL,Morning Peak
TH,juinagar_th,nerul_th,2.0,DOWN,99011,TPL11,,Unknown,LOCAL,DAILY,Thane,Panvel,09:06,09:10,9,6,4,juinagar_th -> nerul_th,99011,LOCAL,Late Morning
TH,juinagar_th,nerul_th,2.0,DOWN,99215,TNU15,,Unknown,LOCAL,DAILY,Thane,Nerul,09:16,09:21,9,16,5,juinagar_th -> nerul_th,99215,LOCAL,Late Morning
TH,juinagar_th,nerul_th,2.0,DOWN,99217,TNU17,,Unknown,LOCAL,DAILY,Thane,Nerul,09:29,09:34,9,29,5,juinagar_th -> nerul_th,99217,LOCAL,Late Morning
TH,juinagar_th,nerul_th,2.0,DOWN,99013,TPL13,,Unknown,LOCAL,DAILY,Thane,Panvel,09:39,09:43,9,39,4,juinagar_th -> nerul_th,99013,LOCAL,Late Morning
TH,juinagar_th,nerul_th,2.0,DOWN,99219,TNU19,,Unknown,LOCAL,NOT_SUN,Thane,Nerul,09:44,09:51,9,44,7,juinagar_th -> nerul_th,99219,LOCAL,Late Morning
TH,juinagar_th,nerul_th,2.0,DOWN,99229,TNU29,,Unknown,LOCAL,DAILY,Thane,Nerul,12:07,12:12,12,7,5,juinagar_th -> nerul_th,99229,LOCAL,Afternoon
TH,juinagar_th,nerul_th,2.0,DOWN,99023,TPL23,,Unknown,LOCAL,DAILY,Thane,Panvel,12:28,12:33,12,28,5,juinagar_th -> nerul_th,99023,LOCAL,Afternoon
TH,juinagar_th,nerul_th,2.0,DOWN,99231,TNU31,,Unknown,LOCAL,DAILY,Thane,Nerul,12:37,12:42,12,37,5,juinagar_th -> nerul_th,99231,LOCAL,Afternoon
TH,juinagar_th,nerul_th,2.0,DOWN,99233,TNU33,,Unknown,LOCAL,DAILY,Thane,Nerul,13:00,13:05,13,0,5,juinagar_th -> nerul_th,99233,LOCAL,Afternoon
TH,juinagar_th,nerul_th,2.0,DOWN,99025,TPL25,,Unknown,LOCAL,DAILY,Thane,Panvel,13:14,13:19,13,14,5,juinagar_th -> nerul_th,99025,LOCAL,Afternoon
TH,juinagar_th,nerul_th,2.0,DOWN,99235,TNU35,,Unknown,LOCAL,DAILY,Thane,Nerul,13:35,13:40,13,35,5,juinagar_th -> nerul_th,99235,LOCAL,Afternoon
TH,juinagar_th,nerul_th,2.0,DOWN,99027,TPL27,,Unknown,LOCAL,DAILY,Thane,Panvel,13:49,13:53,13,49,4,juinagar_th -> nerul_th,99027,LOCAL,Afternoon
TH,juinagar_th,nerul_th,2.0,DOWN,99037,TPL37,,Unknown,LOCAL,DAILY,Thane,Panvel,16:25,16:29,16,25,4,juinagar_th -> nerul_th,99037,LOCAL,Evening Peak
TH,juinagar_th,nerul_th,2.0,DOWN,99039,TPL39,,Unknown,LOCAL,DAILY,Thane,Panvel,16:49,16:53,16,49,4,juinagar_th -> nerul_th,99039,LOCAL,Evening Peak
TH,juinagar_th,nerul_th,2.0,DOWN,99245,TNU45,,Unknown,LOCAL,DAILY,Thane,Nerul,16:58,17:03,16,58,5,juinagar_th -> nerul_th,99245,LOCAL,Evening Peak
TH,juinagar_th,nerul_th,2.0,DOWN,99041,TPL41,,Unknown,LOCAL,DAILY,Thane,Panvel,17:13,17:17,17,13,4,juinagar_th -> nerul_th,99041,LOCAL,Evening Peak
TH,juinagar_th,nerul_th,2.0,DOWN,99247,TNU47,,Unknown,LOCAL,DAILY,Thane,Nerul,17:25,17:30,17,25,5,juinagar_th -> nerul_th,99247,LOCAL,Evening Peak
TH,juinagar_th,nerul_th,2.0,DOWN,99249,TNU49,,Unknown,LOCAL,NOT_SUN,Thane,Nerul,17:39,17:46,17,39,7,juinagar_th -> nerul_th,99249,LOCAL,Evening Peak
TH,juinagar_th,nerul_th,2.0,DOWN,99043,TPL43,,Unknown,LOCAL,DAILY,Thane,Panvel,17:48,17:52,17,48,4,juinagar_th -> nerul_th,99043,LOCAL,Evening Peak
TH,juinagar_th,nerul_th,2.0,DOWN,99251,TNU51,,Unknown,LOCAL,DAILY,Thane,Nerul,17:59,18:04,17,59,5,juinagar_th -> nerul_th,99251,LOCAL,Evening Peak
TH,juinagar_th,nerul_th,2.0,DOWN,99261,TNU61,,Unknown,LOCAL,DAILY,Thane,Nerul,20:03,20:08,20,3,5,juinagar_th -> nerul_th,99261,LOCAL,Night
TH,juinagar_th,nerul_th,2.0,DOWN,99053,TPL53,,Unknown,LOCAL,NOT_SUN,Thane,Panvel,20:13,20:18,20,13,5,juinagar_th -> nerul_th,99053,LOCAL,Night
TH,juinagar_th,nerul_th,2.0,DOWN,99055,TPL55,,Unknown,LOCAL,DAILY,Thane,Panvel,20:24,20:28,20,24,4,juinagar_th -> nerul_th,99055,LOCAL,Night
TH,juinagar_th,nerul_th,2.0,DOWN,99057,TPL57,,Unknown,LOCAL,DAILY,Thane,Panvel,20:40,20:44,20,40,4,juinagar_th -> nerul_th,99057,LOCAL,Night
TH,juinagar_th,nerul_th,2.0,DOWN,99263,TNU63,,Unknown,LOCAL,DAILY,Thane,Nerul,20:45,20:50,20,45,5,juinagar_th -> nerul_th,99263,LOCAL,Night
TH,juinagar_th,nerul_th,2.0,DOWN,99265,TNU65,,Unknown,LOCAL,DAILY,Thane,Nerul,20:58,21:03,20,58,5,juinagar_th -> nerul_th,99265,LOCAL,Night
TH,juinagar_th,nerul_th,2.0,DOWN,99059,TPL59,,Unknown,LOCAL,DAILY,Thane,Panvel,21:15,21:19,21,15,4,juinagar_th -> nerul_th,99059,LOCAL,Night
TH,juinagar_th,nerul_th,2.0,DOWN,99061,TPL61,,Unknown,LOCAL,DAILY,Thane,Panvel,21:36,21:40,21,36,4,juinagar_th -> nerul_th,99061,LOCAL,Night
TH,juinagar_th,nerul_th,2.0,DOWN,99267,TNU67,,Unknown,LOCAL,DAILY,Thane,Nerul,21:56,22:02,21,56,6,juinagar_th -> nerul_th,99267,LOCAL,Night
TH,nerul_th,seawoods_th,2.0,DOWN,99073,TPL73,,Unknown,LOCAL,DAILY,Thane,Panvel,00:01,00:05,0,1,4,nerul_th -> seawoods_th,99073,LOCAL,Late Night
TH,nerul_th,seawoods_th,2.0,DOWN,99001,TPL1,,Unknown,LOCAL,DAILY,Thane,Panvel,00:34,00:38,0,34,4,nerul_th -> seawoods_th,99001,LOCAL,Late Night
TH,nerul_th,seawoods_th,2.0,DOWN,99003,TPL3,,Unknown,LOCAL,DAILY,Thane,Panvel,05:41,05:45,5,41,4,nerul_th -> seawoods_th,99003,LOCAL,Morning Peak
TH,nerul_th,seawoods_th,2.0,DOWN,99009,TPL9,,Unknown,LOCAL,DAILY,Thane,Panvel,08:33,08:37,8,33,4,nerul_th -> seawoods_th,99009,LOCAL,Morning Peak
TH,nerul_th,seawoods_th,2.0,DOWN,99011,TPL11,,Unknown,LOCAL,DAILY,Thane,Panvel,09:10,09:14,9,10,4,nerul_th -> seawoods_th,99011,LOCAL,Late Morning
TH,nerul_th,seawoods_th,2.0,DOWN,99013,TPL13,,Unknown,LOCAL,DAILY,Thane,Panvel,09:43,09:47,9,43,4,nerul_th -> seawoods_th,99013,LOCAL,Late Morning
TH,nerul_th,seawoods_th,2.0,DOWN,99023,TPL23,,Unknown,LOCAL,DAILY,Thane,Panvel,12:33,12:37,12,33,4,nerul_th -> seawoods_th,99023,LOCAL,Afternoon
TH,nerul_th,seawoods_th,2.0,DOWN,99025,TPL25,,Unknown,LOCAL,DAILY,Thane,Panvel,13:19,13:23,13,19,4,nerul_th -> seawoods_th,99025,LOCAL,Afternoon
TH,nerul_th,seawoods_th,2.0,DOWN,99027,TPL27,,Unknown,LOCAL,DAILY,Thane,Panvel,13:53,13:57,13,53,4,nerul_th -> seawoods_th,99027,LOCAL,Afternoon
TH,nerul_th,seawoods_th,2.0,DOWN,99037,TPL37,,Unknown,LOCAL,DAILY,Thane,Panvel,16:29,16:33,16,29,4,nerul_th -> seawoods_th,99037,LOCAL,Evening Peak
TH,nerul_th,seawoods_th,2.0,DOWN,99039,TPL39,,Unknown,LOCAL,DAILY,Thane,Panvel,16:53,16:57,16,53,4,nerul_th -> seawoods_th,99039,LOCAL,Evening Peak
TH,nerul_th,seawoods_th,2.0,DOWN,99041,TPL41,,Unknown,LOCAL,DAILY,Thane,Panvel,17:17,17:21,17,17,4,nerul_th -> seawoods_th,99041,LOCAL,Evening Peak
TH,nerul_th,seawoods_th,2.0,DOWN,99043,TPL43,,Unknown,LOCAL,DAILY,Thane,Panvel,17:52,17:56,17,52,4,nerul_th -> seawoods_th,99043,LOCAL,Evening Peak
TH,nerul_th,seawoods_th,2.0,DOWN,99053,TPL53,,Unknown,LOCAL,NOT_SUN,Thane,Panvel,20:18,20:22,20,18,4,nerul_th -> seawoods_th,99053,LOCAL,Night
TH,nerul_th,seawoods_th,2.0,DOWN,99055,TPL55,,Unknown,LOCAL,DAILY,Thane,Panvel,20:28,20:32,20,28,4,nerul_th -> seawoods_th,99055,LOCAL,Night
TH,nerul_th,seawoods_th,2.0,DOWN,99057,TPL57,,Unknown,LOCAL,DAILY,Thane,Panvel,20:44,20:48,20,44,4,nerul_th -> seawoods_th,99057,LOCAL,Night
TH,nerul_th,seawoods_th,2.0,DOWN,99059,TPL59,,Unknown,LOCAL,DAILY,Thane,Panvel,21:19,21:23,21,19,4,nerul_th -> seawoods_th,99059,LOCAL,Night
TH,nerul_th,seawoods_th,2.0,DOWN,99061,TPL61,,Unknown,LOCAL,DAILY,Thane,Panvel,21:40,21:43,21,40,3,nerul_th -> seawoods_th,99061,LOCAL,Night
TH,seawoods_th,belapur_th,2.5,DOWN,99073,TPL73,,Unknown,LOCAL,DAILY,Thane,Panvel,00:05,00:09,0,5,4,seawoods_th -> belapur_th,99073,LOCAL,Late Night
TH,seawoods_th,belapur_th,2.5,DOWN,99001,TPL1,,Unknown,LOCAL,DAILY,Thane,Panvel,00:38,00:42,0,38,4,seawoods_th -> belapur_th,99001,LOCAL,Late Night
TH,seawoods_th,belapur_th,2.5,DOWN,99003,TPL3,,Unknown,LOCAL,DAILY,Thane,Panvel,05:45,05:49,5,45,4,seawoods_th -> belapur_th,99003,LOCAL,Morning Peak
TH,seawoods_th,belapur_th,2.5,DOWN,99009,TPL9,,Unknown,LOCAL,DAILY,Thane,Panvel,08:37,08:41,8,37,4,seawoods_th -> belapur_th,99009,LOCAL,Morning Peak
TH,seawoods_th,belapur_th,2.5,DOWN,99011,TPL11,,Unknown,LOCAL,DAILY,Thane,Panvel,09:14,09:18,9,14,4,seawoods_th -> belapur_th,99011,LOCAL,Late Morning
TH,seawoods_th,belapur_th,2.5,DOWN,99013,TPL13,,Unknown,LOCAL,DAILY,Thane,Panvel,09:47,09:51,9,47,4,seawoods_th -> belapur_th,99013,LOCAL,Late Morning
TH,seawoods_th,belapur_th,2.5,DOWN,99023,TPL23,,Unknown,LOCAL,DAILY,Thane,Panvel,12:37,12:41,12,37,4,seawoods_th -> belapur_th,99023,LOCAL,Afternoon
TH,seawoods_th,belapur_th,2.5,DOWN,99025,TPL25,,Unknown,LOCAL,DAILY,Thane,Panvel,13:23,13:27,13,23,4,seawoods_th -> belapur_th,99025,LOCAL,Afternoon
TH,seawoods_th,belapur_th,2.5,DOWN,99027,TPL27,,Unknown,LOCAL,DAILY,Thane,Panvel,13:57,14:01,13,57,4,seawoods_th -> belapur_th,99027,LOCAL,Afternoon
TH,seawoods_th,belapur_th,2.5,DOWN,99037,TPL37,,Unknown,LOCAL,DAILY,Thane,Panvel,16:33,16:37,16,33,4,seawoods_th -> belapur_th,99037,LOCAL,Evening Peak
TH,seawoods_th,belapur_th,2.5,DOWN,99039,TPL39,,Unknown,LOCAL,DAILY,Thane,Panvel,16:57,17:01,16,57,4,seawoods_th -> belapur_th,99039,LOCAL,Evening Peak
TH,seawoods_th,belapur_th,2.5,DOWN,99041,TPL41,,Unknown,LOCAL,DAILY,Thane,Panvel,17:21,17:25,17,21,4,seawoods_th -> belapur_th,99041,LOCAL,Evening Peak
TH,seawoods_th,belapur_th,2.5,DOWN,99043,TPL43,,Unknown,LOCAL,DAILY,Thane,Panvel,17:56,18:00,17,56,4,seawoods_th -> belapur_th,99043,LOCAL,Evening Peak
TH,seawoods_th,belapur_th,2.5,DOWN,99053,TPL53,,Unknown,LOCAL,NOT_SUN,Thane,Panvel,20:22,20:26,20,22,4,seawoods_th -> belapur_th,99053,LOCAL,Night
TH,seawoods_th,belapur_th,2.5,DOWN,99055,TPL55,,Unknown,LOCAL,DAILY,Thane,Panvel,20:32,20:36,20,32,4,seawoods_th -> belapur_th,99055,LOCAL,Night
TH,seawoods_th,belapur_th,2.5,DOWN,99057,TPL57,,Unknown,LOCAL,DAILY,Thane,Panvel,20:48,20:52,20,48,4,seawoods_th -> belapur_th,99057,LOCAL,Night
TH,seawoods_th,belapur_th,2.5,DOWN,99059,TPL59,,Unknown,LOCAL,DAILY,Thane,Panvel,21:23,21:27,21,23,4,seawoods_th -> belapur_th,99059,LOCAL,Night
TH,seawoods_th,belapur_th,2.5,DOWN,99061,TPL61,,Unknown,LOCAL,DAILY,Thane,Panvel,21:43,21:47,21,43,4,seawoods_th -> belapur_th,99061,LOCAL,Night
TH,belapur_th,kharghar_th,2.5,DOWN,99073,TPL73,,Unknown,LOCAL,DAILY,Thane,Panvel,00:09,00:13,0,9,4,belapur_th -> kharghar_th,99073,LOCAL,Late Night
TH,belapur_th,kharghar_th,2.5,DOWN,99001,TPL1,,Unknown,LOCAL,DAILY,Thane,Panvel,00:42,00:46,0,42,4,belapur_th -> kharghar_th,99001,LOCAL,Late Night
TH,belapur_th,kharghar_th,2.5,DOWN,99003,TPL3,,Unknown,LOCAL,DAILY,Thane,Panvel,05:49,05:53,5,49,4,belapur_th -> kharghar_th,99003,LOCAL,Morning Peak
TH,belapur_th,kharghar_th,2.5,DOWN,99009,TPL9,,Unknown,LOCAL,DAILY,Thane,Panvel,08:41,08:45,8,41,4,belapur_th -> kharghar_th,99009,LOCAL,Morning Peak
TH,belapur_th,kharghar_th,2.5,DOWN,99011,TPL11,,Unknown,LOCAL,DAILY,Thane,Panvel,09:18,09:22,9,18,4,belapur_th -> kharghar_th,99011,LOCAL,Late Morning
TH,belapur_th,kharghar_th,2.5,DOWN,99013,TPL13,,Unknown,LOCAL,DAILY,Thane,Panvel,09:51,09:55,9,51,4,belapur_th -> kharghar_th,99013,LOCAL,Late Morning
TH,belapur_th,kharghar_th,2.5,DOWN,99023,TPL23,,Unknown,LOCAL,DAILY,Thane,Panvel,12:41,12:45,12,41,4,belapur_th -> kharghar_th,99023,LOCAL,Afternoon
TH,belapur_th,kharghar_th,2.5,DOWN,99025,TPL25,,Unknown,LOCAL,DAILY,Thane,Panvel,13:27,13:31,13,27,4,belapur_th -> kharghar_th,99025,LOCAL,Afternoon
TH,belapur_th,kharghar_th,2.5,DOWN,99037,TPL37,,Unknown,LOCAL,DAILY,Thane,Panvel,16:37,16:41,16,37,4,belapur_th -> kharghar_th,99037,LOCAL,Evening Peak
TH,belapur_th,kharghar_th,2.5,DOWN,99039,TPL39,,Unknown,LOCAL,DAILY,Thane,Panvel,17:01,17:05,17,1,4,belapur_th -> kharghar_th,99039,LOCAL,Evening Peak
TH,belapur_th,kharghar_th,2.5,DOWN,99041,TPL41,,Unknown,LOCAL,DAILY,Thane,Panvel,17:25,17:29,17,25,4,belapur_th -> kharghar_th,99041,LOCAL,Evening Peak
TH,belapur_th,kharghar_th,2.5,DOWN,99043,TPL43,,Unknown,LOCAL,DAILY,Thane,Panvel,18:00,18:04,18,0,4,belapur_th -> kharghar_th,99043,LOCAL,Evening Peak
TH,belapur_th,kharghar_th,2.5,DOWN,99053,TPL53,,Unknown,LOCAL,NOT_SUN,Thane,Panvel,20:26,20:30,20,26,4,belapur_th -> kharghar_th,99053,LOCAL,Night
TH,belapur_th,kharghar_th,2.5,DOWN,99055,TPL55,,Unknown,LOCAL,DAILY,Thane,Panvel,20:36,20:40,20,36,4,belapur_th -> kharghar_th,99055,LOCAL,Night
TH,belapur_th,kharghar_th,2.5,DOWN,99057,TPL57,,Unknown,LOCAL,DAILY,Thane,Panvel,20:52,20:56,20,52,4,belapur_th -> kharghar_th,99057,LOCAL,Night
TH,belapur_th,kharghar_th,2.5,DOWN,99059,TPL59,,Unknown,LOCAL,DAILY,Thane,Panvel,21:27,21:31,21,27,4,belapur_th -> kharghar_th,99059,LOCAL,Night
TH,belapur_th,kharghar_th,2.5,DOWN,99061,TPL61,,Unknown,LOCAL,DAILY,Thane,Panvel,21:47,21:51,21,47,4,belapur_th -> kharghar_th,99061,LOCAL,Night
TH,kharghar_th,mansarovar_th,2.5,DOWN,99073,TPL73,,Unknown,LOCAL,DAILY,Thane,Panvel,00:13,00:16,0,13,3,kharghar_th -> mansarovar_th,99073,LOCAL,Late Night
TH,kharghar_th,mansarovar_th,2.5,DOWN,99001,TPL1,,Unknown,LOCAL,DAILY,Thane,Panvel,00:46,00:49,0,46,3,kharghar_th -> mansarovar_th,99001,LOCAL,Late Night
TH,kharghar_th,mansarovar_th,2.5,DOWN,99003,TPL3,,Unknown,LOCAL,DAILY,Thane,Panvel,05:53,05:56,5,53,3,kharghar_th -> mansarovar_th,99003,LOCAL,Morning Peak
TH,kharghar_th,mansarovar_th,2.5,DOWN,99009,TPL9,,Unknown,LOCAL,DAILY,Thane,Panvel,08:45,08:48,8,45,3,kharghar_th -> mansarovar_th,99009,LOCAL,Morning Peak
TH,kharghar_th,mansarovar_th,2.5,DOWN,99011,TPL11,,Unknown,LOCAL,DAILY,Thane,Panvel,09:22,09:25,9,22,3,kharghar_th -> mansarovar_th,99011,LOCAL,Late Morning
TH,kharghar_th,mansarovar_th,2.5,DOWN,99013,TPL13,,Unknown,LOCAL,DAILY,Thane,Panvel,09:55,09:58,9,55,3,kharghar_th -> mansarovar_th,99013,LOCAL,Late Morning
TH,kharghar_th,mansarovar_th,2.5,DOWN,99023,TPL23,,Unknown,LOCAL,DAILY,Thane,Panvel,12:45,12:48,12,45,3,kharghar_th -> mansarovar_th,99023,LOCAL,Afternoon
TH,kharghar_th,mansarovar_th,2.5,DOWN,99025,TPL25,,Unknown,LOCAL,DAILY,Thane,Panvel,13:31,13:34,13,31,3,kharghar_th -> mansarovar_th,99025,LOCAL,Afternoon
TH,kharghar_th,mansarovar_th,2.5,DOWN,99035,TPL35,,Unknown,LOCAL,DAILY,Thane,Panvel,16:01,16:04,16,1,3,kharghar_th -> mansarovar_th,99035,LOCAL,Evening Peak
TH,kharghar_th,mansarovar_th,2.5,DOWN,99037,TPL37,,Unknown,LOCAL,DAILY,Thane,Panvel,16:41,16:44,16,41,3,kharghar_th -> mansarovar_th,99037,LOCAL,Evening Peak
TH,kharghar_th,mansarovar_th,2.5,DOWN,99039,TPL39,,Unknown,LOCAL,DAILY,Thane,Panvel,17:05,17:08,17,5,3,kharghar_th -> mansarovar_th,99039,LOCAL,Evening Peak
TH,kharghar_th,mansarovar_th,2.5,DOWN,99041,TPL41,,Unknown,LOCAL,DAILY,Thane,Panvel,17:29,17:32,17,29,3,kharghar_th -> mansarovar_th,99041,LOCAL,Evening Peak
TH,kharghar_th,mansarovar_th,2.5,DOWN,99053,TPL53,,Unknown,LOCAL,NOT_SUN,Thane,Panvel,20:30,20:33,20,30,3,kharghar_th -> mansarovar_th,99053,LOCAL,Night
TH,kharghar_th,mansarovar_th,2.5,DOWN,99055,TPL55,,Unknown,LOCAL,DAILY,Thane,Panvel,20:40,20:43,20,40,3,kharghar_th -> mansarovar_th,99055,LOCAL,Night
TH,kharghar_th,mansarovar_th,2.5,DOWN,99057,TPL57,,Unknown,LOCAL,DAILY,Thane,Panvel,20:56,20:59,20,56,3,kharghar_th -> mansarovar_th,99057,LOCAL,Night
TH,kharghar_th,mansarovar_th,2.5,DOWN,99059,TPL59,,Unknown,LOCAL,DAILY,Thane,Panvel,21:31,21:34,21,31,3,kharghar_th -> mansarovar_th,99059,LOCAL,Night
TH,kharghar_th,mansarovar_th,2.5,DOWN,99061,TPL61,,Unknown,LOCAL,DAILY,Thane,Panvel,21:51,21:54,21,51,3,kharghar_th -> mansarovar_th,99061,LOCAL,Night
TH,mansarovar_th,khandeshwar_th,2.5,DOWN,99073,TPL73,,Unknown,LOCAL,DAILY,Thane,Panvel,00:16,00:19,0,16,3,mansarovar_th -> khandeshwar_th,99073,LOCAL,Late Night
TH,mansarovar_th,khandeshwar_th,2.5,DOWN,99001,TPL1,,Unknown,LOCAL,DAILY,Thane,Panvel,00:49,00:52,0,49,3,mansarovar_th -> khandeshwar_th,99001,LOCAL,Late Night
TH,mansarovar_th,khandeshwar_th,2.5,DOWN,99003,TPL3,,Unknown,LOCAL,DAILY,Thane,Panvel,05:56,05:59,5,56,3,mansarovar_th -> khandeshwar_th,99003,LOCAL,Morning Peak
TH,mansarovar_th,khandeshwar_th,2.5,DOWN,99009,TPL9,,Unknown,LOCAL,DAILY,Thane,Panvel,08:48,08:51,8,48,3,mansarovar_th -> khandeshwar_th,99009,LOCAL,Morning Peak
TH,mansarovar_th,khandeshwar_th,2.5,DOWN,99011,TPL11,,Unknown,LOCAL,DAILY,Thane,Panvel,09:25,09:28,9,25,3,mansarovar_th -> khandeshwar_th,99011,LOCAL,Late Morning
TH,mansarovar_th,khandeshwar_th,2.5,DOWN,99013,TPL13,,Unknown,LOCAL,DAILY,Thane,Panvel,09:58,10:01,9,58,3,mansarovar_th -> khandeshwar_th,99013,LOCAL,Late Morning
TH,mansarovar_th,khandeshwar_th,2.5,DOWN,99023,TPL23,,Unknown,LOCAL,DAILY,Thane,Panvel,12:48,12:51,12,48,3,mansarovar_th -> khandeshwar_th,99023,LOCAL,Afternoon
TH,mansarovar_th,khandeshwar_th,2.5,DOWN,99025,TPL25,,Unknown,LOCAL,DAILY,Thane,Panvel,13:34,13:37,13,34,3,mansarovar_th -> khandeshwar_th,99025,LOCAL,Afternoon
TH,mansarovar_th,khandeshwar_th,2.5,DOWN,99035,TPL35,,Unknown,LOCAL,DAILY,Thane,Panvel,16:04,16:07,16,4,3,mansarovar_th -> khandeshwar_th,99035,LOCAL,Evening Peak
TH,mansarovar_th,khandeshwar_th,2.5,DOWN,99037,TPL37,,Unknown,LOCAL,DAILY,Thane,Panvel,16:44,16:47,16,44,3,mansarovar_th -> khandeshwar_th,99037,LOCAL,Evening Peak
TH,mansarovar_th,khandeshwar_th,2.5,DOWN,99039,TPL39,,Unknown,LOCAL,DAILY,Thane,Panvel,17:08,17:11,17,8,3,mansarovar_th -> khandeshwar_th,99039,LOCAL,Evening Peak
TH,mansarovar_th,khandeshwar_th,2.5,DOWN,99041,TPL41,,Unknown,LOCAL,DAILY,Thane,Panvel,17:32,17:35,17,32,3,mansarovar_th -> khandeshwar_th,99041,LOCAL,Evening Peak
TH,mansarovar_th,khandeshwar_th,2.5,DOWN,99053,TPL53,,Unknown,LOCAL,NOT_SUN,Thane,Panvel,20:33,20:36,20,33,3,mansarovar_th -> khandeshwar_th,99053,LOCAL,Night
TH,mansarovar_th,khandeshwar_th,2.5,DOWN,99055,TPL55,,Unknown,LOCAL,DAILY,Thane,Panvel,20:43,20:46,20,43,3,mansarovar_th -> khandeshwar_th,99055,LOCAL,Night
TH,mansarovar_th,khandeshwar_th,2.5,DOWN,99057,TPL57,,Unknown,LOCAL,DAILY,Thane,Panvel,20:59,21:02,20,59,3,mansarovar_th -> khandeshwar_th,99057,LOCAL,Night
TH,mansarovar_th,khandeshwar_th,2.5,DOWN,99059,TPL59,,Unknown,LOCAL,DAILY,Thane,Panvel,21:34,21:37,21,34,3,mansarovar_th -> khandeshwar_th,99059,LOCAL,Night
TH,mansarovar_th,khandeshwar_th,2.5,DOWN,99061,TPL61,,Unknown,LOCAL,DAILY,Thane,Panvel,21:54,21:57,21,54,3,mansarovar_th -> khandeshwar_th,99061,LOCAL,Night
TH,khandeshwar_th,panvel_th,2.5,DOWN,99071,TPL71,,Unknown,LOCAL,DAILY,Thane,Panvel,00:01,00:06,0,1,5,khandeshwar_th -> panvel_th,99071,LOCAL,Late Night
TH,khandeshwar_th,panvel_th,2.5,DOWN,99073,TPL73,,Unknown,LOCAL,DAILY,Thane,Panvel,00:19,00:24,0,19,5,khandeshwar_th -> panvel_th,99073,LOCAL,Late Night
TH,khandeshwar_th,panvel_th,2.5,DOWN,99001,TPL1,,Unknown,LOCAL,DAILY,Thane,Panvel,00:52,00:57,0,52,5,khandeshwar_th -> panvel_th,99001,LOCAL,Late Night
TH,khandeshwar_th,panvel_th,2.5,DOWN,99003,TPL3,,Unknown,LOCAL,DAILY,Thane,Panvel,05:59,06:04,5,59,5,khandeshwar_th -> panvel_th,99003,LOCAL,Morning Peak
TH,khandeshwar_th,panvel_th,2.5,DOWN,99009,TPL9,,Unknown,LOCAL,DAILY,Thane,Panvel,08:51,08:56,8,51,5,khandeshwar_th -> panvel_th,99009,LOCAL,Morning Peak
TH,khandeshwar_th,panvel_th,2.5,DOWN,99011,TPL11,,Unknown,LOCAL,DAILY,Thane,Panvel,09:28,09:33,9,28,5,khandeshwar_th -> panvel_th,99011,LOCAL,Late Morning
TH,khandeshwar_th,panvel_th,2.5,DOWN,99021,TPL21,,Unknown,LOCAL,DAILY,Thane,Panvel,12:02,12:07,12,2,5,khandeshwar_th -> panvel_th,99021,LOCAL,Afternoon
TH,khandeshwar_th,panvel_th,2.5,DOWN,99023,TPL23,,Unknown,LOCAL,DAILY,Thane,Panvel,12:51,12:56,12,51,5,khandeshwar_th -> panvel_th,99023,LOCAL,Afternoon
TH,khandeshwar_th,panvel_th,2.5,DOWN,99025,TPL25,,Unknown,LOCAL,DAILY,Thane,Panvel,13:37,13:42,13,37,5,khandeshwar_th -> panvel_th,99025,LOCAL,Afternoon
TH,khandeshwar_th,panvel_th,2.5,DOWN,99035,TPL35,,Unknown,LOCAL,DAILY,Thane,Panvel,16:07,16:12,16,7,5,khandeshwar_th -> panvel_th,99035,LOCAL,Evening Peak
TH,khandeshwar_th,panvel_th,2.5,DOWN,99037,TPL37,,Unknown,LOCAL,DAILY,Thane,Panvel,16:47,16:52,16,47,5,khandeshwar_th -> panvel_th,99037,LOCAL,Evening Peak
TH,khandeshwar_th,panvel_th,2.5,DOWN,99039,TPL39,,Unknown,LOCAL,DAILY,Thane,Panvel,17:11,17:16,17,11,5,khandeshwar_th -> panvel_th,99039,LOCAL,Evening Peak
TH,khandeshwar_th,panvel_th,2.5,DOWN,99041,TPL41,,Unknown,LOCAL,DAILY,Thane,Panvel,17:35,17:40,17,35,5,khandeshwar_th -> panvel_th,99041,LOCAL,Evening Peak
TH,khandeshwar_th,panvel_th,2.5,DOWN,99051,TPL51,,Unknown,LOCAL,DAILY,Thane,Panvel,20:01,20:06,20,1,5,khandeshwar_th -> panvel_th,99051,LOCAL,Night
TH,khandeshwar_th,panvel_th,2.5,DOWN,99053,TPL53,,Unknown,LOCAL,NOT_SUN,Thane,Panvel,20:36,20:42,20,36,6,khandeshwar_th -> panvel_th,99053,LOCAL,Night
TH,khandeshwar_th,panvel_th,2.5,DOWN,99055,TPL55,,Unknown,LOCAL,DAILY,Thane,Panvel,20:46,20:51,20,46,5,khandeshwar_th -> panvel_th,99055,LOCAL,Night
TH,khandeshwar_th,panvel_th,2.5,DOWN,99057,TPL57,,Unknown,LOCAL,DAILY,Thane,Panvel,21:02,21:07,21,2,5,khandeshwar_th -> panvel_th,99057,LOCAL,Night
TH,khandeshwar_th,panvel_th,2.5,DOWN,99059,TPL59,,Unknown,LOCAL,DAILY,Thane,Panvel,21:37,21:42,21,37,5,khandeshwar_th -> panvel_th,99059,LOCAL,Night
TH,khandeshwar_th,panvel_th,2.5,DOWN,99061,TPL61,,Unknown,LOCAL,DAILY,Thane,Panvel,21:57,22:02,21,57,5,khandeshwar_th -> panvel_th,99061,LOCAL,Night
PL,nerul,seawoods,1.4,DOWN,99605,UNU5,12.0,Unknown,LOCAL,DAILY,Nerul,Uran,08:15,08:19,8,15,4,nerul -> seawoods,99605,LOCAL,Morning Peak
PL,nerul,seawoods,1.4,DOWN,99607,UNU7,12.0,Unknown,LOCAL,DAILY,Nerul,Uran,09:15,09:19,9,15,4,nerul -> seawoods,99607,LOCAL,Late Morning
PL,nerul,seawoods,1.4,DOWN,99611,UNU11,12.0,Unknown,LOCAL,DAILY,Nerul,Uran,13:45,13:49,13,45,4,nerul -> seawoods,99611,LOCAL,Afternoon
PL,nerul,seawoods,1.4,DOWN,99615,UNU15,12.0,Unknown,LOCAL,DAILY,Nerul,Uran,17:30,17:34,17,30,4,nerul -> seawoods,99615,LOCAL,Evening Peak
PL,nerul,seawoods,1.4,DOWN,99617,UNU17,12.0,Unknown,LOCAL,DAILY,Nerul,Uran,18:00,18:04,18,0,4,nerul -> seawoods,99617,LOCAL,Evening Peak
PL,nerul,seawoods,1.4,DOWN,99621,UNU21,12.0,Unknown,LOCAL,DAILY,Nerul,Uran,20:00,20:04,20,0,4,nerul -> seawoods,99621,LOCAL,Night
PL,nerul,seawoods,1.4,DOWN,99623,UNU23,12.0,Unknown,LOCAL,DAILY,Nerul,Uran,21:30,21:34,21,30,4,nerul -> seawoods,99623,LOCAL,Night
PL,belapur,targhar,1.4,DOWN,99701,UBR1,12.0,Unknown,LOCAL,DAILY,Belapur CBD,Uran,05:30,05:39,5,30,9,belapur -> targhar,99701,LOCAL,Morning Peak
PL,belapur,targhar,1.4,DOWN,99707,UBR7,12.0,Unknown,LOCAL,DAILY,Belapur CBD,Uran,08:45,08:54,8,45,9,belapur -> targhar,99707,LOCAL,Morning Peak
PL,belapur,targhar,1.4,DOWN,99709,UBR9,12.0,Unknown,LOCAL,DAILY,Belapur CBD,Uran,09:45,09:54,9,45,9,belapur -> targhar,99709,LOCAL,Late Morning
PL,belapur,targhar,1.4,DOWN,99713,UBR13,12.0,Unknown,LOCAL,DAILY,Belapur CBD,Uran,13:00,13:09,13,0,9,belapur -> targhar,99713,LOCAL,Afternoon
PL,belapur,targhar,1.4,DOWN,99717,UBR17,12.0,Unknown,LOCAL,DAILY,Belapur CBD,Uran,17:00,17:09,17,0,9,belapur -> targhar,99717,LOCAL,Evening Peak
PL,belapur,targhar,1.4,DOWN,99723,UBR23,12.0,Unknown,LOCAL,DAILY,Belapur CBD,Uran,20:45,20:54,20,45,9,belapur -> targhar,99723,LOCAL,Night
PL,targhar,bamandongri,1.8,DOWN,99701,UBR1,12.0,Unknown,LOCAL,DAILY,Belapur CBD,Uran,05:39,05:42,5,39,3,targhar -> bamandongri,99701,LOCAL,Morning Peak
PL,targhar,bamandongri,1.8,DOWN,99605,UNU5,12.0,Unknown,LOCAL,DAILY,Nerul,Uran,08:25,08:28,8,25,3,targhar -> bamandongri,99605,LOCAL,Morning Peak
PL,targhar,bamandongri,1.8,DOWN,99707,UBR7,12.0,Unknown,LOCAL,DAILY,Belapur CBD,Uran,08:54,08:57,8,54,3,targhar -> bamandongri,99707,LOCAL,Morning Peak
PL,targhar,bamandongri,1.8,DOWN,99607,UNU7,12.0,Unknown,LOCAL,DAILY,Nerul,Uran,09:25,09:28,9,25,3,targhar -> bamandongri,99607,LOCAL,Late Morning
PL,targhar,bamandongri,1.8,DOWN,99709,UBR9,12.0,Unknown,LOCAL,DAILY,Belapur CBD,Uran,09:54,09:57,9,54,3,targhar -> bamandongri,99709,LOCAL,Late Morning
PL,targhar,bamandongri,1.8,DOWN,99713,UBR13,12.0,Unknown,LOCAL,DAILY,Belapur CBD,Uran,13:09,13:12,13,9,3,targhar -> bamandongri,99713,LOCAL,Afternoon
PL,targhar,bamandongri,1.8,DOWN,99611,UNU11,12.0,Unknown,LOCAL,DAILY,Nerul,Uran,13:55,13:58,13,55,3,targhar -> bamandongri,99611,LOCAL,Afternoon
PL,targhar,bamandongri,1.8,DOWN,99717,UBR17,12.0,Unknown,LOCAL,DAILY,Belapur CBD,Uran,17:09,17:12,17,9,3,targhar -> bamandongri,99717,LOCAL,Evening Peak
PL,targhar,bamandongri,1.8,DOWN,99615,UNU15,12.0,Unknown,LOCAL,DAILY,Nerul,Uran,17:40,17:43,17,40,3,targhar -> bamandongri,99615,LOCAL,Evening Peak
PL,targhar,bamandongri,1.8,DOWN,99621,UNU21,12.0,Unknown,LOCAL,DAILY,Nerul,Uran,20:10,20:13,20,10,3,targhar -> bamandongri,99621,LOCAL,Night
PL,targhar,bamandongri,1.8,DOWN,99723,UBR23,12.0,Unknown,LOCAL,DAILY,Belapur CBD,Uran,20:54,20:57,20,54,3,targhar -> bamandongri,99723,LOCAL,Night
PL,targhar,bamandongri,1.8,DOWN,99623,UNU23,12.0,Unknown,LOCAL,DAILY,Nerul,Uran,21:40,21:43,21,40,3,targhar -> bamandongri,99623,LOCAL,Night
PL,bamandongri,kharkopar,1.9,DOWN,99701,UBR1,12.0,Unknown,LOCAL,DAILY,Belapur CBD,Uran,05:42,05:46,5,42,4,bamandongri -> kharkopar,99701,LOCAL,Morning Peak
PL,bamandongri,kharkopar,1.9,DOWN,99605,UNU5,12.0,Unknown,LOCAL,DAILY,Nerul,Uran,08:28,08:32,8,28,4,bamandongri -> kharkopar,99605,LOCAL,Morning Peak
PL,bamandongri,kharkopar,1.9,DOWN,99707,UBR7,12.0,Unknown,LOCAL,DAILY,Belapur CBD,Uran,08:57,09:01,8,57,4,bamandongri -> kharkopar,99707,LOCAL,Morning Peak
PL,bamandongri,kharkopar,1.9,DOWN,99607,UNU7,12.0,Unknown,LOCAL,DAILY,Nerul,Uran,09:28,09:32,9,28,4,bamandongri -> kharkopar,99607,LOCAL,Late Morning
PL,bamandongri,kharkopar,1.9,DOWN,99709,UBR9,12.0,Unknown,LOCAL,DAILY,Belapur CBD,Uran,09:57,10:01,9,57,4,bamandongri -> kharkopar,99709,LOCAL,Late Morning
PL,bamandongri,kharkopar,1.9,DOWN,99713,UBR13,12.0,Unknown,LOCAL,DAILY,Belapur CBD,Uran,13:12,13:16,13,12,4,bamandongri -> kharkopar,99713,LOCAL,Afternoon
PL,bamandongri,kharkopar,1.9,DOWN,99611,UNU11,12.0,Unknown,LOCAL,DAILY,Nerul,Uran,13:58,14:02,13,58,4,bamandongri -> kharkopar,99611,LOCAL,Afternoon
PL,bamandongri,kharkopar,1.9,DOWN,99717,UBR17,12.0,Unknown,LOCAL,DAILY,Belapur CBD,Uran,17:12,17:16,17,12,4,bamandongri -> kharkopar,99717,LOCAL,Evening Peak
PL,bamandongri,kharkopar,1.9,DOWN,99615,UNU15,12.0,Unknown,LOCAL,DAILY,Nerul,Uran,17:43,17:47,17,43,4,bamandongri -> kharkopar,99615,LOCAL,Evening Peak
PL,bamandongri,kharkopar,1.9,DOWN,99621,UNU21,12.0,Unknown,LOCAL,DAILY,Nerul,Uran,20:13,20:17,20,13,4,bamandongri -> kharkopar,99621,LOCAL,Night
PL,bamandongri,kharkopar,1.9,DOWN,99723,UBR23,12.0,Unknown,LOCAL,DAILY,Belapur CBD,Uran,20:57,21:01,20,57,4,bamandongri -> kharkopar,99723,LOCAL,Night
PL,bamandongri,kharkopar,1.9,DOWN,99623,UNU23,12.0,Unknown,LOCAL,DAILY,Nerul,Uran,21:43,21:47,21,43,4,bamandongri -> kharkopar,99623,LOCAL,Night
PL,kharkopar,gavhan,2.6,DOWN,99701,UBR1,12.0,Unknown,LOCAL,DAILY,Belapur CBD,Uran,05:46,05:50,5,46,4,kharkopar -> gavhan,99701,LOCAL,Morning Peak
PL,kharkopar,gavhan,2.6,DOWN,99705,UBR5,12.0,Unknown,LOCAL,DAILY,Belapur CBD,Uran,08:01,08:05,8,1,4,kharkopar -> gavhan,99705,LOCAL,Morning Peak
PL,kharkopar,gavhan,2.6,DOWN,99605,UNU5,12.0,Unknown,LOCAL,DAILY,Nerul,Uran,08:32,08:36,8,32,4,kharkopar -> gavhan,99605,LOCAL,Morning Peak
PL,kharkopar,gavhan,2.6,DOWN,99707,UBR7,12.0,Unknown,LOCAL,DAILY,Belapur CBD,Uran,09:01,09:05,9,1,4,kharkopar -> gavhan,99707,LOCAL,Late Morning
PL,kharkopar,gavhan,2.6,DOWN,99607,UNU7,12.0,Unknown,LOCAL,DAILY,Nerul,Uran,09:32,09:36,9,32,4,kharkopar -> gavhan,99607,LOCAL,Late Morning
PL,kharkopar,gavhan,2.6,DOWN,99713,UBR13,12.0,Unknown,LOCAL,DAILY,Belapur CBD,Uran,13:16,13:20,13,16,4,kharkopar -> gavhan,99713,LOCAL,Afternoon
PL,kharkopar,gavhan,2.6,DOWN,99613,UNU13,12.0,Unknown,LOCAL,DAILY,Nerul,Uran,16:02,16:06,16,2,4,kharkopar -> gavhan,99613,LOCAL,Evening Peak
PL,kharkopar,gavhan,2.6,DOWN,99717,UBR17,12.0,Unknown,LOCAL,DAILY,Belapur CBD,Uran,17:16,17:20,17,16,4,kharkopar -> gavhan,99717,LOCAL,Evening Peak
PL,kharkopar,gavhan,2.6,DOWN,99615,UNU15,12.0,Unknown,LOCAL,DAILY,Nerul,Uran,17:47,17:51,17,47,4,kharkopar -> gavhan,99615,LOCAL,Evening Peak
PL,kharkopar,gavhan,2.6,DOWN,99621,UNU21,12.0,Unknown,LOCAL,DAILY,Nerul,Uran,20:17,20:21,20,17,4,kharkopar -> gavhan,99621,LOCAL,Night
PL,kharkopar,gavhan,2.6,DOWN,99723,UBR23,12.0,Unknown,LOCAL,DAILY,Belapur CBD,Uran,21:01,21:05,21,1,4,kharkopar -> gavhan,99723,LOCAL,Night
PL,kharkopar,gavhan,2.6,DOWN,99623,UNU23,12.0,Unknown,LOCAL,DAILY,Nerul,Uran,21:47,21:51,21,47,4,kharkopar -> gavhan,99623,LOCAL,Night
PL,gavhan,shematikhar,3.3,DOWN,99701,UBR1,12.0,Unknown,LOCAL,DAILY,Belapur CBD,Uran,05:50,05:54,5,50,4,gavhan -> shematikhar,99701,LOCAL,Morning Peak
PL,gavhan,shematikhar,3.3,DOWN,99705,UBR5,12.0,Unknown,LOCAL,DAILY,Belapur CBD,Uran,08:05,08:09,8,5,4,gavhan -> shematikhar,99705,LOCAL,Morning Peak
PL,gavhan,shematikhar,3.3,DOWN,99605,UNU5,12.0,Unknown,LOCAL,DAILY,Nerul,Uran,08:36,08:40,8,36,4,gavhan -> shematikhar,99605,LOCAL,Morning Peak
PL,gavhan,shematikhar,3.3,DOWN,99707,UBR7,12.0,Unknown,LOCAL,DAILY,Belapur CBD,Uran,09:05,09:09,9,5,4,gavhan -> shematikhar,99707,LOCAL,Late Morning
PL,gavhan,shematikhar,3.3,DOWN,99607,UNU7,12.0,Unknown,LOCAL,DAILY,Nerul,Uran,09:36,09:40,9,36,4,gavhan -> shematikhar,99607,LOCAL,Late Morning
PL,gavhan,shematikhar,3.3,DOWN,99713,UBR13,12.0,Unknown,LOCAL,DAILY,Belapur CBD,Uran,13:20,13:24,13,20,4,gavhan -> shematikhar,99713,LOCAL,Afternoon
PL,gavhan,shematikhar,3.3,DOWN,99613,UNU13,12.0,Unknown,LOCAL,DAILY,Nerul,Uran,16:06,16:10,16,6,4,gavhan -> shematikhar,99613,LOCAL,Evening Peak
PL,gavhan,shematikhar,3.3,DOWN,99717,UBR17,12.0,Unknown,LOCAL,DAILY,Belapur CBD,Uran,17:20,17:24,17,20,4,gavhan -> shematikhar,99717,LOCAL,Evening Peak
PL,gavhan,shematikhar,3.3,DOWN,99615,UNU15,12.0,Unknown,LOCAL,DAILY,Nerul,Uran,17:51,17:55,17,51,4,gavhan -> shematikhar,99615,LOCAL,Evening Peak
PL,gavhan,shematikhar,3.3,DOWN,99621,UNU21,12.0,Unknown,LOCAL,DAILY,Nerul,Uran,20:21,20:25,20,21,4,gavhan -> shematikhar,99621,LOCAL,Night
PL,gavhan,shematikhar,3.3,DOWN,99723,UBR23,12.0,Unknown,LOCAL,DAILY,Belapur CBD,Uran,21:05,21:09,21,5,4,gavhan -> shematikhar,99723,LOCAL,Night
PL,gavhan,shematikhar,3.3,DOWN,99623,UNU23,12.0,Unknown,LOCAL,DAILY,Nerul,Uran,21:51,21:55,21,51,4,gavhan -> shematikhar,99623,LOCAL,Night
PL,shematikhar,nhave_sheva,3.8,DOWN,99701,UBR1,12.0,Unknown,LOCAL,DAILY,Belapur CBD,Uran,05:54,05:57,5,54,3,shematikhar -> nhave_sheva,99701,LOCAL,Morning Peak
PL,shematikhar,nhave_sheva,3.8,DOWN,99705,UBR5,12.0,Unknown,LOCAL,DAILY,Belapur CBD,Uran,08:09,08:12,8,9,3,shematikhar -> nhave_sheva,99705,LOCAL,Morning Peak
PL,shematikhar,nhave_sheva,3.8,DOWN,99605,UNU5,12.0,Unknown,LOCAL,DAILY,Nerul,Uran,08:40,08:43,8,40,3,shematikhar -> nhave_sheva,99605,LOCAL,Morning Peak
PL,shematikhar,nhave_sheva,3.8,DOWN,99707,UBR7,12.0,Unknown,LOCAL,DAILY,Belapur CBD,Uran,09:09,09:12,9,9,3,shematikhar -> nhave_sheva,99707,LOCAL,Late Morning
PL,shematikhar,nhave_sheva,3.8,DOWN,99607,UNU7,12.0,Unknown,LOCAL,DAILY,Nerul,Uran,09:40,09:43,9,40,3,shematikhar -> nhave_sheva,99607,LOCAL,Late Morning
PL,shematikhar,nhave_sheva,3.8,DOWN,99713,UBR13,12.0,Unknown,LOCAL,DAILY,Belapur CBD,Uran,13:24,13:27,13,24,3,shematikhar -> nhave_sheva,99713,LOCAL,Afternoon
PL,shematikhar,nhave_sheva,3.8,DOWN,99613,UNU13,12.0,Unknown,LOCAL,DAILY,Nerul,Uran,16:10,16:13,16,10,3,shematikhar -> nhave_sheva,99613,LOCAL,Evening Peak
PL,shematikhar,nhave_sheva,3.8,DOWN,99717,UBR17,12.0,Unknown,LOCAL,DAILY,Belapur CBD,Uran,17:24,17:27,17,24,3,shematikhar -> nhave_sheva,99717,LOCAL,Evening Peak
PL,shematikhar,nhave_sheva,3.8,DOWN,99615,UNU15,12.0,Unknown,LOCAL,DAILY,Nerul,Uran,17:55,17:58,17,55,3,shematikhar -> nhave_sheva,99615,LOCAL,Evening Peak
PL,shematikhar,nhave_sheva,3.8,DOWN,99621,UNU21,12.0,Unknown,LOCAL,DAILY,Nerul,Uran,20:25,20:28,20,25,3,shematikhar -> nhave_sheva,99621,LOCAL,Night
PL,shematikhar,nhave_sheva,3.8,DOWN,99723,UBR23,12.0,Unknown,LOCAL,DAILY,Belapur CBD,Uran,21:09,21:12,21,9,3,shematikhar -> nhave_sheva,99723,LOCAL,Night
PL,shematikhar,nhave_sheva,3.8,DOWN,99623,UNU23,12.0,Unknown,LOCAL,DAILY,Nerul,Uran,21:55,21:58,21,55,3,shematikhar -> nhave_sheva,99623,LOCAL,Night
PL,nhave_sheva,dronagiri,3.0,DOWN,99701,UBR1,12.0,Unknown,LOCAL,DAILY,Belapur CBD,Uran,05:57,06:00,5,57,3,nhave_sheva -> dronagiri,99701,LOCAL,Morning Peak
PL,nhave_sheva,dronagiri,3.0,DOWN,99705,UBR5,12.0,Unknown,LOCAL,DAILY,Belapur CBD,Uran,08:12,08:15,8,12,3,nhave_sheva -> dronagiri,99705,LOCAL,Morning Peak
PL,nhave_sheva,dronagiri,3.0,DOWN,99605,UNU5,12.0,Unknown,LOCAL,DAILY,Nerul,Uran,08:43,08:46,8,43,3,nhave_sheva -> dronagiri,99605,LOCAL,Morning Peak
PL,nhave_sheva,dronagiri,3.0,DOWN,99707,UBR7,12.0,Unknown,LOCAL,DAILY,Belapur CBD,Uran,09:12,09:15,9,12,3,nhave_sheva -> dronagiri,99707,LOCAL,Late Morning
PL,nhave_sheva,dronagiri,3.0,DOWN,99607,UNU7,12.0,Unknown,LOCAL,DAILY,Nerul,Uran,09:43,09:46,9,43,3,nhave_sheva -> dronagiri,99607,LOCAL,Late Morning
PL,nhave_sheva,dronagiri,3.0,DOWN,99713,UBR13,12.0,Unknown,LOCAL,DAILY,Belapur CBD,Uran,13:27,13:30,13,27,3,nhave_sheva -> dronagiri,99713,LOCAL,Afternoon
PL,nhave_sheva,dronagiri,3.0,DOWN,99613,UNU13,12.0,Unknown,LOCAL,DAILY,Nerul,Uran,16:13,16:16,16,13,3,nhave_sheva -> dronagiri,99613,LOCAL,Evening Peak
PL,nhave_sheva,dronagiri,3.0,DOWN,99717,UBR17,12.0,Unknown,LOCAL,DAILY,Belapur CBD,Uran,17:27,17:30,17,27,3,nhave_sheva -> dronagiri,99717,LOCAL,Evening Peak
PL,nhave_sheva,dronagiri,3.0,DOWN,99615,UNU15,12.0,Unknown,LOCAL,DAILY,Nerul,Uran,17:58,18:01,17,58,3,nhave_sheva -> dronagiri,99615,LOCAL,Evening Peak
PL,nhave_sheva,dronagiri,3.0,DOWN,99621,UNU21,12.0,Unknown,LOCAL,DAILY,Nerul,Uran,20:28,20:31,20,28,3,nhave_sheva -> dronagiri,99621,LOCAL,Night
PL,nhave_sheva,dronagiri,3.0,DOWN,99723,UBR23,12.0,Unknown,LOCAL,DAILY,Belapur CBD,Uran,21:12,21:15,21,12,3,nhave_sheva -> dronagiri,99723,LOCAL,Night
PL,nhave_sheva,dronagiri,3.0,DOWN,99623,UNU23,12.0,Unknown,LOCAL,DAILY,Nerul,Uran,21:58,22:01,21,58,3,nhave_sheva -> dronagiri,99623,LOCAL,Night
PL,dronagiri,uran,2.5,DOWN,99701,UBR1,12.0,Unknown,LOCAL,DAILY,Belapur CBD,Uran,06:00,06:03,6,0,3,dronagiri -> uran,99701,LOCAL,Morning Peak
PL,dronagiri,uran,2.5,DOWN,99705,UBR5,12.0,Unknown,LOCAL,DAILY,Belapur CBD,Uran,08:15,08:18,8,15,3,dronagiri -> uran,99705,LOCAL,Morning Peak
PL,dronagiri,uran,2.5,DOWN,99605,UNU5,12.0,Unknown,LOCAL,DAILY,Nerul,Uran,08:46,08:49,8,46,3,dronagiri -> uran,99605,LOCAL,Morning Peak
PL,dronagiri,uran,2.5,DOWN,99707,UBR7,12.0,Unknown,LOCAL,DAILY,Belapur CBD,Uran,09:15,09:18,9,15,3,dronagiri -> uran,99707,LOCAL,Late Morning
PL,dronagiri,uran,2.5,DOWN,99607,UNU7,12.0,Unknown,LOCAL,DAILY,Nerul,Uran,09:46,09:49,9,46,3,dronagiri -> uran,99607,LOCAL,Late Morning
PL,dronagiri,uran,2.5,DOWN,99711,UBR11,12.0,Unknown,LOCAL,DAILY,Belapur CBD,Uran,12:00,12:03,12,0,3,dronagiri -> uran,99711,LOCAL,Afternoon
PL,dronagiri,uran,2.5,DOWN,99713,UBR13,12.0,Unknown,LOCAL,DAILY,Belapur CBD,Uran,13:30,13:33,13,30,3,dronagiri -> uran,99713,LOCAL,Afternoon
PL,dronagiri,uran,2.5,DOWN,99613,UNU13,12.0,Unknown,LOCAL,DAILY,Nerul,Uran,16:16,16:19,16,16,3,dronagiri -> uran,99613,LOCAL,Evening Peak
PL,dronagiri,uran,2.5,DOWN,99717,UBR17,12.0,Unknown,LOCAL,DAILY,Belapur CBD,Uran,17:30,17:33,17,30,3,dronagiri -> uran,99717,LOCAL,Evening Peak
PL,dronagiri,uran,2.5,DOWN,99721,UBR21,12.0,Unknown,LOCAL,DAILY,Belapur CBD,Uran,20:00,20:03,20,0,3,dronagiri -> uran,99721,LOCAL,Night
PL,dronagiri,uran,2.5,DOWN,99621,UNU21,12.0,Unknown,LOCAL,DAILY,Nerul,Uran,20:31,20:34,20,31,3,dronagiri -> uran,99621,LOCAL,Night
PL,dronagiri,uran,2.5,DOWN,99723,UBR23,12.0,Unknown,LOCAL,DAILY,Belapur CBD,Uran,21:15,21:18,21,15,3,dronagiri -> uran,99723,LOCAL,Night
