line,from_station,to_station,distance_km,direction,train_no,train_code,cars,speed,train_type,days_of_week,origin,destination,departure_time,arrival_time
CR,mumbai_cst,masjid,1.2,DOWN,96301,A1,12.0,S,LOCAL,DAILY,Mumbai CST,Ambernath,00:02,00:05
CR,mumbai_cst,masjid,1.2,DOWN,97601,C1,12.0,S,LOCAL,DAILY,Mumbai CST,Kurla,00:05,00:08
CR,mumbai_cst,masjid,1.2,DOWN,96401,N1,12.0,S,LOCAL,DAILY,Mumbai CST,Kasara,00:08,00:11
CR,mumbai_cst,masjid,1.2,DOWN,96101,S1,12.0,S,LOCAL,DAILY,Mumbai CST,Karjat,00:12,00:15
CR,mumbai_cst,masjid,1.2,DOWN,97301,T1,12.0,S,LOCAL,DAILY,Mumbai CST,Thane,00:24,00:27
CR,masjid,sandhurst_road,0.6,DOWN,97651,C51,12.0,S,LOCAL,DAILY,Mumbai CST,Kurla,00:01,00:03
CR,masjid,sandhurst_road,0.6,DOWN,96301,A1,12.0,S,LOCAL,DAILY,Mumbai CST,Ambernath,00:05,00:07
CR,masjid,sandhurst_road,0.6,DOWN,97601,C1,12.0,S,LOCAL,DAILY,Mumbai CST,Kurla,00:08,00:10
CR,masjid,sandhurst_road,0.6,DOWN,96401,N1,12.0,S,LOCAL,DAILY,Mumbai CST,Kasara,00:11,00:13
CR,masjid,sandhurst_road,0.6,DOWN,96101,S1,12.0,S,LOCAL,DAILY,Mumbai CST,Karjat,00:15,00:17
CR,masjid,sandhurst_road,0.6,DOWN,97301,T1,12.0,S,LOCAL,DAILY,Mumbai CST,Thane,00:27,00:29
CR,sandhurst_road,byculla,2.2,DOWN,97441,T141,12.0,S,LOCAL,DAILY,Mumbai CST,Thane,00:00,00:03
CR,sandhurst_road,byculla,2.2,DOWN,97651,C51,12.0,S,LOCAL,DAILY,Mumbai CST,Kurla,00:03,00:06
CR,sandhurst_road,byculla,2.2,DOWN,96301,A1,12.0,S,LOCAL,DAILY,Mumbai CST,Ambernath,00:07,00:10
CR,sandhurst_road,byculla,2.2,DOWN,97601,C1,12.0,S,LOCAL,DAILY,Mumbai CST,Kurla,00:10,00:13
CR,sandhurst_road,byculla,2.2,DOWN,96401,N1,12.0,S,LOCAL,DAILY,Mumbai CST,Kasara,00:13,00:16
CR,sandhurst_road,byculla,2.2,DOWN,96101,S1,12.0,S,LOCAL,DAILY,Mumbai CST,Karjat,00:17,00:20
CR,sandhurst_road,byculla,2.2,DOWN,97301,T1,12.0,S,LOCAL,DAILY,Mumbai CST,Thane,00:29,00:32
CR,byculla,chinchpokli,1.5,DOWN,97441,T141,12.0,S,LOCAL,DAILY,Mumbai CST,Thane,00:03,00:05
CR,byculla,chinchpokli,1.5,DOWN,97651,C51,12.0,S,LOCAL,DAILY,Mumbai CST,Kurla,00:06,00:08
CR,byculla,chinchpokli,1.5,DOWN,96301,A1,12.0,S,LOCAL,DAILY,Mumbai CST,Ambernath,00:10,00:12
CR,byculla,chinchpokli,1.5,DOWN,97601,C1,12.0,S,LOCAL,DAILY,Mumbai CST,Kurla,00:13,00:15
CR,byculla,chinchpokli,1.5,DOWN,96401,N1,12.0,S,LOCAL,DAILY,Mumbai CST,Kasara,00:16,00:18
CR,byculla,chinchpokli,1.5,DOWN,96101,S1,12.0,S,LOCAL,DAILY,Mumbai CST,Karjat,00:20,00:22
CR,byculla,chinchpokli,1.5,DOWN,97301,T1,12.0,S,LOCAL,DAILY,Mumbai CST,Thane,00:32,00:34
CR,chinchpokli,currey_road,0.5,DOWN,96229,BL61,12.0,S,LOCAL,DAILY,Mumbai CST,Badlapur,00:01,00:03
CR,chinchpokli,currey_road,0.5,DOWN,97441,T141,12.0,S,LOCAL,DAILY,Mumbai CST,Thane,00:05,00:07
CR,chinchpokli,currey_road,0.5,DOWN,97651,C51,12.0,S,LOCAL,DAILY,Mumbai CST,Kurla,00:08,00:10
CR,chinchpokli,currey_road,0.5,DOWN,96301,A1,12.0,S,LOCAL,DAILY,Mumbai CST,Ambernath,00:12,00:14
CR,chinchpokli,currey_road,0.5,DOWN,97601,C1,12.0,S,LOCAL,DAILY,Mumbai CST,Kurla,00:15,00:17
CR,chinchpokli,currey_road,0.5,DOWN,96401,N1,12.0,S,LOCAL,DAILY,Mumbai CST,Kasara,00:18,00:20
CR,chinchpokli,currey_road,0.5,DOWN,96101,S1,12.0,S,LOCAL,DAILY,Mumbai CST,Karjat,00:22,00:24
CR,chinchpokli,currey_road,0.5,DOWN,97301,T1,12.0,S,LOCAL,DAILY,Mumbai CST,Thane,00:34,00:36
CR,currey_road,parel,1.6,DOWN,96229,BL61,12.0,S,LOCAL,DAILY,Mumbai CST,Badlapur,00:03,00:06
CR,currey_road,parel,1.6,DOWN,97441,T141,12.0,S,LOCAL,DAILY,Mumbai CST,Thane,00:07,00:10
CR,currey_road,parel,1.6,DOWN,97651,C51,12.0,S,LOCAL,DAILY,Mumbai CST,Kurla,00:10,00:13
CR,currey_road,parel,1.6,DOWN,96301,A1,12.0,S,LOCAL,DAILY,Mumbai CST,Ambernath,00:14,00:17
CR,currey_road,parel,1.6,DOWN,97601,C1,12.0,S,LOCAL,DAILY,Mumbai CST,Kurla,00:17,00:20
CR,currey_road,parel,1.6,DOWN,96401,N1,12.0,S,LOCAL,DAILY,Mumbai CST,Kasara,00:20,00:23
CR,currey_road,parel,1.6,DOWN,96101,S1,12.0,S,LOCAL,DAILY,Mumbai CST,Karjat,00:24,00:27
CR,currey_road,parel,1.6,DOWN,97301,T1,12.0,S,LOCAL,DAILY,Mumbai CST,Thane,00:36,00:39
CR,parel,dadar,1.2,DOWN,97439,T139,12.0,S,LOCAL,DAILY,Mumbai CST,Thane,00:01,00:04
CR,parel,dadar,1.2,DOWN,96229,BL61,12.0,S,LOCAL,DAILY,Mumbai CST,Badlapur,00:06,00:09
CR,parel,dadar,1.2,DOWN,97441,T141,12.0,S,LOCAL,DAILY,Mumbai CST,Thane,00:10,00:13
CR,parel,dadar,1.2,DOWN,97651,C51,12.0,S,LOCAL,DAILY,Mumbai CST,Kurla,00:13,00:16
CR,parel,dadar,1.2,DOWN,96301,A1,12.0,S,LOCAL,DAILY,Mumbai CST,Ambernath,00:17,00:20
CR,parel,dadar,1.2,DOWN,97601,C1,12.0,S,LOCAL,DAILY,Mumbai CST,Kurla,00:20,00:23
CR,parel,dadar,1.2,DOWN,96401,N1,12.0,S,LOCAL,DAILY,Mumbai CST,Kasara,00:23,00:26
CR,parel,dadar,1.2,DOWN,96101,S1,12.0,S,LOCAL,DAILY,Mumbai CST,Karjat,00:27,00:30
CR,parel,dadar,1.2,DOWN,97301,T1,12.0,S,LOCAL,DAILY,Mumbai CST,Thane,00:39,00:42
CR,dadar,matunga,1.3,DOWN,96653,TL65,12.0,S,LOCAL,DAILY,Mumbai CST,Titwala,00:00,00:03
CR,dadar,matunga,1.3,DOWN,97439,T139,12.0,S,LOCAL,DAILY,Mumbai CST,Thane,00:04,00:07
CR,dadar,matunga,1.3,DOWN,96229,BL61,12.0,S,LOCAL,DAILY,Mumbai CST,Badlapur,00:09,00:13
CR,dadar,matunga,1.3,DOWN,97441,T141,12.0,S,LOCAL,DAILY,Mumbai CST,Thane,00:13,00:17
CR,dadar,matunga,1.3,DOWN,97651,C51,12.0,S,LOCAL,DAILY,Mumbai CST,Kurla,00:16,00:19
CR,dadar,matunga,1.3,DOWN,96301,A1,12.0,S,LOCAL,DAILY,Mumbai CST,Ambernath,00:20,00:23
CR,dadar,matunga,1.3,DOWN,97601,C1,12.0,S,LOCAL,DAILY,Mumbai CST,Kurla,00:23,00:26
CR,dadar,matunga,1.3,DOWN,96401,N1,12.0,S,LOCAL,DAILY,Mumbai CST,Kasara,00:26,00:29
CR,dadar,matunga,1.3,DOWN,96101,S1,12.0,S,LOCAL,DAILY,Mumbai CST,Karjat,00:30,00:33
CR,dadar,matunga,1.3,DOWN,97301,T1,12.0,S,LOCAL,DAILY,Mumbai CST,Thane,00:42,00:45
CR,matunga,sion,2.6,DOWN,96653,TL65,12.0,S,LOCAL,DAILY,Mumbai CST,Titwala,00:03,00:06
CR,matunga,sion,2.6,DOWN,97439,T139,12.0,S,LOCAL,DAILY,Mumbai CST,Thane,00:07,00:10
CR,matunga,sion,2.6,DOWN,96229,BL61,12.0,S,LOCAL,DAILY,Mumbai CST,Badlapur,00:13,00:16
CR,matunga,sion,2.6,DOWN,97441,T141,12.0,S,LOCAL,DAILY,Mumbai CST,Thane,00:17,00:20
CR,matunga,sion,2.6,DOWN,97651,C51,12.0,S,LOCAL,DAILY,Mumbai CST,Kurla,00:19,00:22
CR,matunga,sion,2.6,DOWN,96301,A1,12.0,S,LOCAL,DAILY,Mumbai CST,Ambernath,00:23,00:26
CR,matunga,sion,2.6,DOWN,97601,C1,12.0,S,LOCAL,DAILY,Mumbai CST,Kurla,00:26,00:29
CR,matunga,sion,2.6,DOWN,96401,N1,12.0,S,LOCAL,DAILY,Mumbai CST,Kasara,00:29,00:32
CR,matunga,sion,2.6,DOWN,96101,S1,12.0,S,LOCAL,DAILY,Mumbai CST,Karjat,00:33,00:36
CR,matunga,sion,2.6,DOWN,97301,T1,12.0,S,LOCAL,DAILY,Mumbai CST,Thane,00:45,00:48
CR,sion,kurla,2.7,DOWN,97437,T137,12.0,S,LOCAL,DAILY,Mumbai CST,Thane,00:02,00:06
CR,sion,kurla,2.7,DOWN,96653,TL65,12.0,S,LOCAL,DAILY,Mumbai CST,Titwala,00:06,00:10
CR,sion,kurla,2.7,DOWN,97439,T139,12.0,S,LOCAL,DAILY,Mumbai CST,Thane,00:10,00:14
CR,sion,kurla,2.7,DOWN,96229,BL61,12.0,S,LOCAL,DAILY,Mumbai CST,Badlapur,00:16,00:20
CR,sion,kurla,2.7,DOWN,97441,T141,12.0,S,LOCAL,DAILY,Mumbai CST,Thane,00:20,00:24
CR,sion,kurla,2.7,DOWN,97651,C51,12.0,S,LOCAL,DAILY,Mumbai CST,Kurla,00:22,00:27
CR,sion,kurla,2.7,DOWN,96301,A1,12.0,S,LOCAL,DAILY,Mumbai CST,Ambernath,00:26,00:30
CR,sion,kurla,2.7,DOWN,97601,C1,12.0,S,LOCAL,DAILY,Mumbai CST,Kurla,00:29,00:33
CR,sion,kurla,2.7,DOWN,96401,N1,12.0,S,LOCAL,DAILY,Mumbai CST,Kasara,00:32,00:36
CR,sion,kurla,2.7,DOWN,96101,S1,12.0,S,LOCAL,DAILY,Mumbai CST,Karjat,00:36,00:40
CR,sion,kurla,2.7,DOWN,97301,T1,12.0,S,LOCAL,DAILY,Mumbai CST,Thane,00:48,00:52
CR,kurla,vidyavihar,2.4,DOWN,97437,T137,12.0,S,LOCAL,DAILY,Mumbai CST,Thane,00:06,00:09
CR,kurla,vidyavihar,2.4,DOWN,96653,TL65,12.0,S,LOCAL,DAILY,Mumbai CST,Titwala,00:10,00:13
CR,kurla,vidyavihar,2.4,DOWN,97439,T139,12.0,S,LOCAL,DAILY,Mumbai CST,Thane,00:14,00:17
CR,kurla,vidyavihar,2.4,DOWN,96229,BL61,12.0,S,LOCAL,DAILY,Mumbai CST,Badlapur,00:20,00:23
CR,kurla,vidyavihar,2.4,DOWN,97441,T141,12.0,S,LOCAL,DAILY,Mumbai CST,Thane,00:24,00:27
CR,kurla,vidyavihar,2.4,DOWN,96301,A1,12.0,S,LOCAL,DAILY,Mumbai CST,Ambernath,00:30,00:33
CR,kurla,vidyavihar,2.4,DOWN,96401,N1,12.0,S,LOCAL,DAILY,Mumbai CST,Kasara,00:36,00:39
CR,kurla,vidyavihar,2.4,DOWN,96101,S1,12.0,S,LOCAL,DAILY,Mumbai CST,Karjat,00:40,00:43
CR,kurla,vidyavihar,2.4,DOWN,97301,T1,12.0,S,LOCAL,DAILY,Mumbai CST,Thane,00:52,00:55
CR,vidyavihar,ghatkopar,1.5,DOWN,96115,S41,12.0,S,LOCAL,DAILY,Mumbai CST,Karjat,00:01,00:04
CR,vidyavihar,ghatkopar,1.5,DOWN,97437,T137,12.0,S,LOCAL,DAILY,Mumbai CST,Thane,00:09,00:12
CR,vidyavihar,ghatkopar,1.5,DOWN,96653,TL65,12.0,S,LOCAL,DAILY,Mumbai CST,Titwala,00:13,00:16
CR,vidyavihar,ghatkopar,1.5,DOWN,97439,T139,12.0,S,LOCAL,DAILY,Mumbai CST,Thane,00:17,00:20
CR,vidyavihar,ghatkopar,1.5,DOWN,96229,BL61,12.0,S,LOCAL,DAILY,Mumbai CST,Badlapur,00:23,00:26
CR,vidyavihar,ghatkopar,1.5,DOWN,97441,T141,12.0,S,LOCAL,DAILY,Mumbai CST,Thane,00:27,00:30
CR,vidyavihar,ghatkopar,1.5,DOWN,96301,A1,12.0,S,LOCAL,DAILY,Mumbai CST,Ambernath,00:33,00:36
CR,vidyavihar,ghatkopar,1.5,DOWN,96401,N1,12.0,S,LOCAL,DAILY,Mumbai CST,Kasara,00:39,00:42
CR,vidyavihar,ghatkopar,1.5,DOWN,96101,S1,12.0,S,LOCAL,DAILY,Mumbai CST,Karjat,00:43,00:46
CR,vidyavihar,ghatkopar,1.5,DOWN,97301,T1,12.0,S,LOCAL,DAILY,Mumbai CST,Thane,00:55,00:58
CR,ghatkopar,vikhroli,3.6,DOWN,96115,S41,12.0,S,LOCAL,DAILY,Mumbai CST,Karjat,00:04,00:08
CR,ghatkopar,vikhroli,3.6,DOWN,97437,T137,12.0,S,LOCAL,DAILY,Mumbai CST,Thane,00:12,00:16
CR,ghatkopar,vikhroli,3.6,DOWN,96653,TL65,12.0,S,LOCAL,DAILY,Mumbai CST,Titwala,00:16,00:20
CR,ghatkopar,vikhroli,3.6,DOWN,97439,T139,12.0,S,LOCAL,DAILY,Mumbai CST,Thane,00:20,00:24
CR,ghatkopar,vikhroli,3.6,DOWN,96229,BL61,12.0,S,LOCAL,DAILY,Mumbai CST,Badlapur,00:26,00:30
CR,ghatkopar,vikhroli,3.6,DOWN,97441,T141,12.0,S,LOCAL,DAILY,Mumbai CST,Thane,00:30,00:35
CR,ghatkopar,vikhroli,3.6,DOWN,96301,A1,12.0,S,LOCAL,DAILY,Mumbai CST,Ambernath,00:36,00:40
CR,ghatkopar,vikhroli,3.6,DOWN,96401,N1,12.0,S,LOCAL,DAILY,Mumbai CST,Kasara,00:42,00:46
CR,ghatkopar,vikhroli,3.6,DOWN,96101,S1,12.0,S,LOCAL,DAILY,Mumbai CST,Karjat,00:46,00:50
CR,ghatkopar,vikhroli,3.6,DOWN,97301,T1,12.0,S,LOCAL,DAILY,Mumbai CST,Thane,00:58,01:02
CR,vikhroli,kanjur_marg,1.8,DOWN,96115,S41,12.0,S,LOCAL,DAILY,Mumbai CST,Karjat,00:08,00:11
CR,vikhroli,kanjur_marg,1.8,DOWN,97437,T137,12.0,S,LOCAL,DAILY,Mumbai CST,Thane,00:16,00:19
CR,vikhroli,kanjur_marg,1.8,DOWN,96653,TL65,12.0,S,LOCAL,DAILY,Mumbai CST,Titwala,00:20,00:23
CR,vikhroli,kanjur_marg,1.8,DOWN,97439,T139,12.0,S,LOCAL,DAILY,Mumbai CST,Thane,00:24,00:27
CR,vikhroli,kanjur_marg,1.8,DOWN,96229,BL61,12.0,S,LOCAL,DAILY,Mumbai CST,Badlapur,00:30,00:33
CR,vikhroli,kanjur_marg,1.8,DOWN,97441,T141,12.0,S,LOCAL,DAILY,Mumbai CST,Thane,00:35,00:38
CR,vikhroli,kanjur_marg,1.8,DOWN,96301,A1,12.0,S,LOCAL,DAILY,Mumbai CST,Ambernath,00:40,00:43
CR,vikhroli,kanjur_marg,1.8,DOWN,96401,N1,12.0,S,LOCAL,DAILY,Mumbai CST,Kasara,00:46,00:49
CR,vikhroli,kanjur_marg,1.8,DOWN,96101,S1,12.0,S,LOCAL,DAILY,Mumbai CST,Karjat,00:50,00:53
CR,vikhroli,kanjur_marg,1.8,DOWN,97301,T1,12.0,S,LOCAL,DAILY,Mumbai CST,Thane,01:02,01:05
CR,kanjur_marg,bhandup,1.9,DOWN,96115,S41,12.0,S,LOCAL,DAILY,Mumbai CST,Karjat,00:11,00:14
CR,kanjur_marg,bhandup,1.9,DOWN,97437,T137,12.0,S,LOCAL,DAILY,Mumbai CST,Thane,00:19,00:22
CR,kanjur_marg,bhandup,1.9,DOWN,96653,TL65,12.0,S,LOCAL,DAILY,Mumbai CST,Titwala,00:23,00:26
CR,kanjur_marg,bhandup,1.9,DOWN,97439,T139,12.0,S,LOCAL,DAILY,Mumbai CST,Thane,00:27,00:30
CR,kanjur_marg,bhandup,1.9,DOWN,96229,BL61,12.0,S,LOCAL,DAILY,Mumbai CST,Badlapur,00:33,00:36
CR,kanjur_marg,bhandup,1.9,DOWN,97441,T141,12.0,S,LOCAL,DAILY,Mumbai CST,Thane,00:38,00:40
CR,kanjur_marg,bhandup,1.9,DOWN,96301,A1,12.0,S,LOCAL,DAILY,Mumbai CST,Ambernath,00:43,00:46
CR,kanjur_marg,bhandup,1.9,DOWN,96401,N1,12.0,S,LOCAL,DAILY,Mumbai CST,Kasara,00:49,00:52
CR,kanjur_marg,bhandup,1.9,DOWN,96101,S1,12.0,S,LOCAL,DAILY,Mumbai CST,Karjat,00:53,00:56
CR,kanjur_marg,bhandup,1.9,DOWN,97301,T1,12.0,S,LOCAL,DAILY,Mumbai CST,Thane,01:05,01:08
CR,bhandup,nahur,2.1,DOWN,96115,S41,12.0,S,LOCAL,DAILY,Mumbai CST,Karjat,00:14,00:17
CR,bhandup,nahur,2.1,DOWN,97437,T137,12.0,S,LOCAL,DAILY,Mumbai CST,Thane,00:22,00:25
CR,bhandup,nahur,2.1,DOWN,96653,TL65,12.0,S,LOCAL,DAILY,Mumbai CST,Titwala,00:26,00:29
CR,bhandup,nahur,2.1,DOWN,97439,T139,12.0,S,LOCAL,DAILY,Mumbai CST,Thane,00:30,00:33
CR,bhandup,nahur,2.1,DOWN,96229,BL61,12.0,S,LOCAL,DAILY,Mumbai CST,Badlapur,00:36,00:39
CR,bhandup,nahur,2.1,DOWN,97441,T141,12.0,S,LOCAL,DAILY,Mumbai CST,Thane,00:40,00:43
CR,bhandup,nahur,2.1,DOWN,96301,A1,12.0,S,LOCAL,DAILY,Mumbai CST,Ambernath,00:46,00:49
CR,bhandup,nahur,2.1,DOWN,96401,N1,12.0,S,LOCAL,DAILY,Mumbai CST,Kasara,00:52,00:55
CR,bhandup,nahur,2.1,DOWN,96101,S1,12.0,S,LOCAL,DAILY,Mumbai CST,Karjat,00:56,00:59
CR,bhandup,nahur,2.1,DOWN,97301,T1,12.0,S,LOCAL,DAILY,Mumbai CST,Thane,01:08,01:11
CR,nahur,mulund,1.9,DOWN,96651,TL63,12.0,S,LOCAL,DAILY,Mumbai CST,Titwala,00:03,00:06
CR,nahur,mulund,1.9,DOWN,96115,S41,12.0,S,LOCAL,DAILY,Mumbai CST,Karjat,00:17,00:20
CR,nahur,mulund,1.9,DOWN,97437,T137,12.0,S,LOCAL,DAILY,Mumbai CST,Thane,00:25,00:28
CR,nahur,mulund,1.9,DOWN,96653,TL65,12.0,S,LOCAL,DAILY,Mumbai CST,Titwala,00:29,00:32
CR,nahur,mulund,1.9,DOWN,97439,T139,12.0,S,LOCAL,DAILY,Mumbai CST,Thane,00:33,00:36
CR,nahur,mulund,1.9,DOWN,96229,BL61,12.0,S,LOCAL,DAILY,Mumbai CST,Badlapur,00:39,00:42
CR,nahur,mulund,1.9,DOWN,97441,T141,12.0,S,LOCAL,DAILY,Mumbai CST,Thane,00:43,00:46
CR,nahur,mulund,1.9,DOWN,96301,A1,12.0,S,LOCAL,DAILY,Mumbai CST,Ambernath,00:49,00:52
CR,nahur,mulund,1.9,DOWN,96401,N1,12.0,S,LOCAL,DAILY,Mumbai CST,Kasara,00:55,00:58
CR,nahur,mulund,1.9,DOWN,96101,S1,12.0,S,LOCAL,DAILY,Mumbai CST,Karjat,00:59,01:02
CR,nahur,mulund,1.9,DOWN,97301,T1,12.0,S,LOCAL,DAILY,Mumbai CST,Thane,01:11,01:14
CR,mulund,thane,2.5,DOWN,97435,T135,12.0,S,AC,DAILY,Mumbai CST,Thane,00:02,00:07
CR,mulund,thane,2.5,DOWN,96651,TL63,12.0,S,LOCAL,DAILY,Mumbai CST,Titwala,00:06,00:11
CR,mulund,thane,2.5,DOWN,96115,S41,12.0,S,LOCAL,DAILY,Mumbai CST,Karjat,00:20,00:25
CR,mulund,thane,2.5,DOWN,97437,T137,12.0,S,LOCAL,DAILY,Mumbai CST,Thane,00:28,00:33
CR,mulund,thane,2.5,DOWN,96653,TL65,12.0,S,LOCAL,DAILY,Mumbai CST,Titwala,00:32,00:37
CR,mulund,thane,2.5,DOWN,97439,T139,12.0,S,LOCAL,DAILY,Mumbai CST,Thane,00:36,00:41
CR,mulund,thane,2.5,DOWN,96229,BL61,12.0,S,LOCAL,DAILY,Mumbai CST,Badlapur,00:42,00:47
CR,mulund,thane,2.5,DOWN,97441,T141,12.0,S,LOCAL,DAILY,Mumbai CST,Thane,00:46,00:51
CR,mulund,thane,2.5,DOWN,96301,A1,12.0,S,LOCAL,DAILY,Mumbai CST,Ambernath,00:52,00:56
CR,mulund,thane,2.5,DOWN,96401,N1,12.0,S,LOCAL,DAILY,Mumbai CST,Kasara,00:58,01:02
CR,mulund,thane,2.5,DOWN,96101,S1,12.0,S,LOCAL,DAILY,Mumbai CST,Karjat,01:02,01:06
CR,mulund,thane,2.5,DOWN,97301,T1,12.0,S,LOCAL,DAILY,Mumbai CST,Thane,01:14,01:19
CR,thane,kalva,2.4,DOWN,96341,A59,12.0,S,LOCAL,DAILY,Mumbai CST,Ambernath,00:03,00:08
CR,thane,kalva,2.4,DOWN,96651,TL63,12.0,S,LOCAL,DAILY,Mumbai CST,Titwala,00:11,00:16
CR,thane,kalva,2.4,DOWN,96115,S41,12.0,S,LOCAL,DAILY,Mumbai CST,Karjat,00:25,00:30
CR,thane,kalva,2.4,DOWN,96653,TL65,12.0,S,LOCAL,DAILY,Mumbai CST,Titwala,00:37,00:42
CR,thane,kalva,2.4,DOWN,96229,BL61,12.0,S,LOCAL,DAILY,Mumbai CST,Badlapur,00:47,00:52
CR,thane,kalva,2.4,DOWN,96301,A1,12.0,S,LOCAL,DAILY,Mumbai CST,Ambernath,00:56,01:01
CR,thane,kalva,2.4,DOWN,96401,N1,12.0,S,LOCAL,DAILY,Mumbai CST,Kasara,01:02,01:07
CR,thane,kalva,2.4,DOWN,96101,S1,12.0,S,LOCAL,DAILY,Mumbai CST,Karjat,01:06,01:11
CR,kalva,mumbra,3.7,DOWN,96341,A59,12.0,S,LOCAL,DAILY,Mumbai CST,Ambernath,00:08,00:14
CR,kalva,mumbra,3.7,DOWN,96651,TL63,12.0,S,LOCAL,DAILY,Mumbai CST,Titwala,00:16,00:22
CR,kalva,mumbra,3.7,DOWN,96115,S41,12.0,S,LOCAL,DAILY,Mumbai CST,Karjat,00:30,00:36
CR,kalva,mumbra,3.7,DOWN,96653,TL65,12.0,S,LOCAL,DAILY,Mumbai CST,Titwala,00:42,00:48
CR,kalva,mumbra,3.7,DOWN,96229,BL61,12.0,S,LOCAL,DAILY,Mumbai CST,Badlapur,00:52,00:58
CR,kalva,mumbra,3.7,DOWN,96301,A1,12.0,S,LOCAL,DAILY,Mumbai CST,Ambernath,01:01,01:07
CR,kalva,mumbra,3.7,DOWN,96401,N1,12.0,S,LOCAL,DAILY,Mumbai CST,Kasara,01:07,01:13
CR,kalva,mumbra,3.7,DOWN,96101,S1,12.0,S,LOCAL,DAILY,Mumbai CST,Karjat,01:11,01:17
CR,mumbra,diva,3.4,DOWN,96339,PA3,12.0,S,LOCAL,DAILY,Parel,Ambernath,00:04,00:08
CR,mumbra,diva,3.4,DOWN,96341,A59,12.0,S,LOCAL,DAILY,Mumbai CST,Ambernath,00:14,00:18
CR,mumbra,diva,3.4,DOWN,96651,TL63,12.0,S,LOCAL,DAILY,Mumbai CST,Titwala,00:22,00:26
CR,mumbra,diva,3.4,DOWN,96115,S41,12.0,S,LOCAL,DAILY,Mumbai CST,Karjat,00:36,00:40
CR,mumbra,diva,3.4,DOWN,96653,TL65,12.0,S,LOCAL,DAILY,Mumbai CST,Titwala,00:48,00:52
CR,mumbra,diva,3.4,DOWN,96229,BL61,12.0,S,LOCAL,DAILY,Mumbai CST,Badlapur,00:58,01:02
CR,mumbra,diva,3.4,DOWN,96301,A1,12.0,S,LOCAL,DAILY,Mumbai CST,Ambernath,01:07,01:11
CR,mumbra,diva,3.4,DOWN,96401,N1,12.0,S,LOCAL,DAILY,Mumbai CST,Kasara,01:13,01:17
CR,mumbra,diva,3.4,DOWN,96101,S1,12.0,S,LOCAL,DAILY,Mumbai CST,Karjat,01:17,01:21
CR,diva,kopar,4.4,DOWN,96339,PA3,12.0,S,LOCAL,DAILY,Parel,Ambernath,00:08,00:13
CR,diva,kopar,4.4,DOWN,96341,A59,12.0,S,LOCAL,DAILY,Mumbai CST,Ambernath,00:18,00:23
CR,diva,kopar,4.4,DOWN,96651,TL63,12.0,S,LOCAL,DAILY,Mumbai CST,Titwala,00:26,00:31
CR,diva,kopar,4.4,DOWN,96115,S41,12.0,S,LOCAL,DAILY,Mumbai CST,Karjat,00:40,00:45
CR,diva,kopar,4.4,DOWN,96653,TL65,12.0,S,LOCAL,DAILY,Mumbai CST,Titwala,00:52,00:57
CR,diva,kopar,4.4,DOWN,96229,BL61,12.0,S,LOCAL,DAILY,Mumbai CST,Badlapur,01:02,01:07
CR,diva,kopar,4.4,DOWN,96301,A1,12.0,S,LOCAL,DAILY,Mumbai CST,Ambernath,01:11,01:16
CR,diva,kopar,4.4,DOWN,96401,N1,12.0,S,LOCAL,DAILY,Mumbai CST,Kasara,01:17,01:22
CR,diva,kopar,4.4,DOWN,96101,S1,12.0,S,LOCAL,DAILY,Mumbai CST,Karjat,01:21,01:26
CR,kopar,dombivli,1.2,DOWN,96649,TL61,12.0,S,LOCAL,DAILY,Mumbai CST,Titwala,00:05,00:08
CR,kopar,dombivli,1.2,DOWN,96339,PA3,12.0,S,LOCAL,DAILY,Parel,Ambernath,00:13,00:17
CR,kopar,dombivli,1.2,DOWN,96341,A59,12.0,S,LOCAL,DAILY,Mumbai CST,Ambernath,00:23,00:26
CR,kopar,dombivli,1.2,DOWN,96651,TL63,12.0,S,LOCAL,DAILY,Mumbai CST,Titwala,00:31,00:34
CR,kopar,dombivli,1.2,DOWN,96115,S41,12.0,S,LOCAL,DAILY,Mumbai CST,Karjat,00:45,00:48
CR,kopar,dombivli,1.2,DOWN,96653,TL65,12.0,S,LOCAL,DAILY,Mumbai CST,Titwala,00:57,01:01
CR,kopar,dombivli,1.2,DOWN,96229,BL61,12.0,S,LOCAL,DAILY,Mumbai CST,Badlapur,01:07,01:10
CR,kopar,dombivli,1.2,DOWN,96301,A1,12.0,S,LOCAL,DAILY,Mumbai CST,Ambernath,01:16,01:20
CR,kopar,dombivli,1.2,DOWN,96401,N1,12.0,S,LOCAL,DAILY,Mumbai CST,Kasara,01:22,01:26
CR,kopar,dombivli,1.2,DOWN,96101,S1,12.0,S,LOCAL,DAILY,Mumbai CST,Karjat,01:26,01:30
CR,dombivli,thakurli,1.4,DOWN,96227,BL59,12.0,S,LOCAL,DAILY,Mumbai CST,Badlapur,00:01,00:04
CR,dombivli,thakurli,1.4,DOWN,96649,TL61,12.0,S,LOCAL,DAILY,Mumbai CST,Titwala,00:08,00:12
CR,dombivli,thakurli,1.4,DOWN,96339,PA3,12.0,S,LOCAL,DAILY,Parel,Ambernath,00:17,00:21
CR,dombivli,thakurli,1.4,DOWN,96341,A59,12.0,S,LOCAL,DAILY,Mumbai CST,Ambernath,00:26,00:30
CR,dombivli,thakurli,1.4,DOWN,96651,TL63,12.0,S,LOCAL,DAILY,Mumbai CST,Titwala,00:34,00:38
CR,dombivli,thakurli,1.4,DOWN,96115,S41,12.0,S,LOCAL,DAILY,Mumbai CST,Karjat,00:48,00:52
CR,dombivli,thakurli,1.4,DOWN,96653,TL65,12.0,S,LOCAL,DAILY,Mumbai CST,Titwala,01:01,01:05
CR,dombivli,thakurli,1.4,DOWN,96229,BL61,12.0,S,LOCAL,DAILY,Mumbai CST,Badlapur,01:10,01:13
CR,dombivli,thakurli,1.4,DOWN,96301,A1,12.0,S,LOCAL,DAILY,Mumbai CST,Ambernath,01:20,01:24
CR,dombivli,thakurli,1.4,DOWN,96401,N1,12.0,S,LOCAL,DAILY,Mumbai CST,Kasara,01:26,01:30
CR,dombivli,thakurli,1.4,DOWN,96101,S1,12.0,S,LOCAL,DAILY,Mumbai CST,Karjat,01:30,01:34
CR,thakurli,kalyan,3.7,DOWN,96227,BL59,12.0,S,LOCAL,DAILY,Mumbai CST,Badlapur,00:04,00:12
CR,thakurli,kalyan,3.7,DOWN,96649,TL61,12.0,S,LOCAL,DAILY,Mumbai CST,Titwala,00:12,00:18
CR,thakurli,kalyan,3.7,DOWN,96339,PA3,12.0,S,LOCAL,DAILY,Parel,Ambernath,00:21,00:27
CR,thakurli,kalyan,3.7,DOWN,96341,A59,12.0,S,LOCAL,DAILY,Mumbai CST,Ambernath,00:30,00:36
CR,thakurli,kalyan,3.7,DOWN,96651,TL63,12.0,S,LOCAL,DAILY,Mumbai CST,Titwala,00:38,00:44
CR,thakurli,kalyan,3.7,DOWN,96115,S41,12.0,S,LOCAL,DAILY,Mumbai CST,Karjat,00:52,00:58
CR,thakurli,kalyan,3.7,DOWN,96653,TL65,12.0,S,LOCAL,DAILY,Mumbai CST,Titwala,01:05,01:11
CR,thakurli,kalyan,3.7,DOWN,96229,BL61,12.0,S,LOCAL,DAILY,Mumbai CST,Badlapur,01:13,01:19
CR,thakurli,kalyan,3.7,DOWN,96301,A1,12.0,S,LOCAL,DAILY,Mumbai CST,Ambernath,01:24,01:30
CR,thakurli,kalyan,3.7,DOWN,96401,N1,12.0,S,LOCAL,DAILY,Mumbai CST,Kasara,01:30,01:37
CR,thakurli,kalyan,3.7,DOWN,96101,S1,12.0,S,LOCAL,DAILY,Mumbai CST,Karjat,01:34,01:40
CR,kalyan,vithalwadi,2.4,DOWN,96337,PA1,12.0,S,LOCAL,DAILY,Parel,Ambernath,00:02,00:07
CR,kalyan,vithalwadi,2.4,DOWN,96227,BL59,12.0,S,LOCAL,DAILY,Mumbai CST,Badlapur,00:12,00:16
CR,kalyan,vithalwadi,2.4,DOWN,95015,KP17,12.0,F,LOCAL,DAILY,Mumbai CST,Khopoli,00:21,00:26
CR,kalyan,vithalwadi,2.4,DOWN,96339,PA3,12.0,S,LOCAL,DAILY,Parel,Ambernath,00:27,00:32
CR,kalyan,vithalwadi,2.4,DOWN,96341,A59,12.0,S,LOCAL,DAILY,Mumbai CST,Ambernath,00:36,00:41
CR,kalyan,vithalwadi,2.4,DOWN,96115,S41,12.0,S,LOCAL,DAILY,Mumbai CST,Karjat,00:58,01:03
CR,kalyan,vithalwadi,2.4,DOWN,96229,BL61,12.0,S,LOCAL,DAILY,Mumbai CST,Badlapur,01:19,01:23
CR,kalyan,vithalwadi,2.4,DOWN,96301,A1,12.0,S,LOCAL,DAILY,Mumbai CST,Ambernath,01:30,01:35
CR,kalyan,vithalwadi,2.4,DOWN,96101,S1,12.0,S,LOCAL,DAILY,Mumbai CST,Karjat,01:40,01:44
CR,vithalwadi,ulhas_nagar,1.6,DOWN,96019,KP15,12.0,S,LOCAL,DAILY,Mumbai CST,Khopoli,00:02,00:05
CR,vithalwadi,ulhas_nagar,1.6,DOWN,96337,PA1,12.0,S,LOCAL,DAILY,Parel,Ambernath,00:07,00:10
CR,vithalwadi,ulhas_nagar,1.6,DOWN,96227,BL59,12.0,S,LOCAL,DAILY,Mumbai CST,Badlapur,00:16,00:19
CR,vithalwadi,ulhas_nagar,1.6,DOWN,95015,KP17,12.0,F,LOCAL,DAILY,Mumbai CST,Khopoli,00:26,00:29
CR,vithalwadi,ulhas_nagar,1.6,DOWN,96339,PA3,12.0,S,LOCAL,DAILY,Parel,Ambernath,00:32,00:35
CR,vithalwadi,ulhas_nagar,1.6,DOWN,96341,A59,12.0,S,LOCAL,DAILY,Mumbai CST,Ambernath,00:41,00:44
CR,vithalwadi,ulhas_nagar,1.6,DOWN,96115,S41,12.0,S,LOCAL,DAILY,Mumbai CST,Karjat,01:03,01:06
CR,vithalwadi,ulhas_nagar,1.6,DOWN,96229,BL61,12.0,S,LOCAL,DAILY,Mumbai CST,Badlapur,01:23,01:26
CR,vithalwadi,ulhas_nagar,1.6,DOWN,96301,A1,12.0,S,LOCAL,DAILY,Mumbai CST,Ambernath,01:35,01:38
CR,vithalwadi,ulhas_nagar,1.6,DOWN,96101,S1,12.0,S,LOCAL,DAILY,Mumbai CST,Karjat,01:44,01:47
CR,ulhas_nagar,ambernath,2.6,DOWN,96019,KP15,12.0,S,LOCAL,DAILY,Mumbai CST,Khopoli,00:05,00:09
CR,ulhas_nagar,ambernath,2.6,DOWN,96337,PA1,12.0,S,LOCAL,DAILY,Parel,Ambernath,00:10,00:16
CR,ulhas_nagar,ambernath,2.6,DOWN,96227,BL59,12.0,S,LOCAL,DAILY,Mumbai CST,Badlapur,00:19,00:23
CR,ulhas_nagar,ambernath,2.6,DOWN,95015,KP17,12.0,F,LOCAL,DAILY,Mumbai CST,Khopoli,00:29,00:33
CR,ulhas_nagar,ambernath,2.6,DOWN,96339,PA3,12.0,S,LOCAL,DAILY,Parel,Ambernath,00:35,00:41
CR,ulhas_nagar,ambernath,2.6,DOWN,96341,A59,12.0,S,LOCAL,DAILY,Mumbai CST,Ambernath,00:44,00:50
CR,ulhas_nagar,ambernath,2.6,DOWN,96115,S41,12.0,S,LOCAL,DAILY,Mumbai CST,Karjat,01:06,01:10
CR,ulhas_nagar,ambernath,2.6,DOWN,96229,BL61,12.0,S,LOCAL,DAILY,Mumbai CST,Badlapur,01:26,01:30
CR,ulhas_nagar,ambernath,2.6,DOWN,96301,A1,12.0,S,LOCAL,DAILY,Mumbai CST,Ambernath,01:38,01:46
CR,ulhas_nagar,ambernath,2.6,DOWN,96101,S1,12.0,S,LOCAL,DAILY,Mumbai CST,Karjat,01:47,01:51
CR,ambernath,badlapur,7.4,DOWN,96019,KP15,12.0,S,LOCAL,DAILY,Mumbai CST,Khopoli,00:09,00:16
CR,ambernath,badlapur,7.4,DOWN,96227,BL59,12.0,S,LOCAL,DAILY,Mumbai CST,Badlapur,00:23,00:32
CR,ambernath,badlapur,7.4,DOWN,95015,KP17,12.0,F,LOCAL,DAILY,Mumbai CST,Khopoli,00:33,00:40
CR,ambernath,badlapur,7.4,DOWN,96115,S41,12.0,S,LOCAL,DAILY,Mumbai CST,Karjat,01:10,01:17
CR,ambernath,badlapur,7.4,DOWN,96229,BL61,12.0,S,LOCAL,DAILY,Mumbai CST,Badlapur,01:30,01:39
CR,ambernath,badlapur,7.4,DOWN,96101,S1,12.0,S,LOCAL,DAILY,Mumbai CST,Karjat,01:51,01:58
CR,badlapur,vangani,10.7,DOWN,96019,KP15,12.0,S,LOCAL,DAILY,Mumbai CST,Khopoli,00:16,00:25
CR,badlapur,vangani,10.7,DOWN,95015,KP17,12.0,F,LOCAL,DAILY,Mumbai CST,Khopoli,00:40,00:48
CR,badlapur,vangani,10.7,DOWN,96115,S41,12.0,S,LOCAL,DAILY,Mumbai CST,Karjat,01:17,01:25
CR,badlapur,vangani,10.7,DOWN,96101,S1,12.0,S,LOCAL,DAILY,Mumbai CST,Karjat,01:58,02:06
CR,vangani,shelu,4.0,DOWN,96019,KP15,12.0,S,LOCAL,DAILY,Mumbai CST,Khopoli,00:25,00:29
CR,vangani,shelu,4.0,DOWN,95015,KP17,12.0,F,LOCAL,DAILY,Mumbai CST,Khopoli,00:48,00:52
CR,vangani,shelu,4.0,DOWN,96115,S41,12.0,S,LOCAL,DAILY,Mumbai CST,Karjat,01:25,01:29
CR,shelu,neral,4.1,DOWN,96019,KP15,12.0,S,LOCAL,DAILY,Mumbai CST,Khopoli,00:29,00:33
CR,shelu,neral,4.1,DOWN,95015,KP17,12.0,F,LOCAL,DAILY,Mumbai CST,Khopoli,00:52,00:56
CR,shelu,neral,4.1,DOWN,96115,S41,12.0,S,LOCAL,DAILY,Mumbai CST,Karjat,01:29,01:33
CR,neral,bhivpuri_road,6.7,DOWN,96019,KP15,12.0,S,LOCAL,DAILY,Mumbai CST,Khopoli,00:33,00:40
CR,neral,bhivpuri_road,6.7,DOWN,95015,KP17,12.0,F,LOCAL,DAILY,Mumbai CST,Khopoli,00:56,01:03
CR,neral,bhivpuri_road,6.7,DOWN,96115,S41,12.0,S,LOCAL,DAILY,Mumbai CST,Karjat,01:33,01:40
CR,bhivpuri_road,karjat,6.9,DOWN,96019,KP15,12.0,S,LOCAL,DAILY,Mumbai CST,Khopoli,00:40,00:50
CR,bhivpuri_road,karjat,6.9,DOWN,95015,KP17,12.0,F,LOCAL,DAILY,Mumbai CST,Khopoli,01:03,01:12
CR,bhivpuri_road,karjat,6.9,DOWN,96115,S41,12.0,S,LOCAL,DAILY,Mumbai CST,Karjat,01:40,01:49
CR,karjat,palasdhari,3.0,DOWN,96019,KP15,12.0,S,LOCAL,DAILY,Mumbai CST,Khopoli,00:50,00:55
CR,karjat,palasdhari,3.0,DOWN,95015,KP17,12.0,F,LOCAL,DAILY,Mumbai CST,Khopoli,01:12,01:17
CR,palasdhari,kelavli,5.2,DOWN,95013,KP13,12.0,F,LOCAL,DAILY,Mumbai CST,Khopoli,00:03,00:10
CR,palasdhari,kelavli,5.2,DOWN,96019,KP15,12.0,S,LOCAL,DAILY,Mumbai CST,Khopoli,00:55,01:02
CR,palasdhari,kelavli,5.2,DOWN,95015,KP17,12.0,F,LOCAL,DAILY,Mumbai CST,Khopoli,01:17,01:24
CR,kelavli,dolavli,0.6,DOWN,95013,KP13,12.0,F,LOCAL,DAILY,Mumbai CST,Khopoli,00:10,00:13
CR,kelavli,dolavli,0.6,DOWN,96019,KP15,12.0,S,LOCAL,DAILY,Mumbai CST,Khopoli,01:02,01:05
CR,kelavli,dolavli,0.6,DOWN,95015,KP17,12.0,F,LOCAL,DAILY,Mumbai CST,Khopoli,01:24,01:27
CR,dolavli,lowjee,3.1,DOWN,95013,KP13,12.0,F,LOCAL,DAILY,Mumbai CST,Khopoli,00:13,00:17
CR,dolavli,lowjee,3.1,DOWN,96019,KP15,12.0,S,LOCAL,DAILY,Mumbai CST,Khopoli,01:05,01:09
CR,dolavli,lowjee,3.1,DOWN,95015,KP17,12.0,F,LOCAL,DAILY,Mumbai CST,Khopoli,01:27,01:31
CR,lowjee,khopoli,2.7,DOWN,95013,KP13,12.0,F,LOCAL,DAILY,Mumbai CST,Khopoli,00:17,00:23
CR,lowjee,khopoli,2.7,DOWN,96019,KP15,12.0,S,LOCAL,DAILY,Mumbai CST,Khopoli,01:09,01:15
CR,lowjee,khopoli,2.7,DOWN,95015,KP17,12.0,F,LOCAL,DAILY,Mumbai CST,Khopoli,01:31,01:38
CR,shahad,ambivli,1.7,DOWN,95423,N35,12.0,F,LOCAL,DAILY,Mumbai CST,Kasara,00:06,00:09
CR,shahad,ambivli,1.7,DOWN,96649,TL61,12.0,S,LOCAL,DAILY,Mumbai CST,Titwala,00:22,00:25
CR,shahad,ambivli,1.7,DOWN,96651,TL63,12.0,S,LOCAL,DAILY,Mumbai CST,Titwala,00:48,00:51
CR,shahad,ambivli,1.7,DOWN,96653,TL65,12.0,S,LOCAL,DAILY,Mumbai CST,Titwala,01:15,01:18
CR,shahad,ambivli,1.7,DOWN,96401,N1,12.0,S,LOCAL,DAILY,Mumbai CST,Kasara,01:41,01:44
CR,ambivli,titwala,6.1,DOWN,95423,N35,12.0,F,LOCAL,DAILY,Mumbai CST,Kasara,00:09,00:15
CR,ambivli,titwala,6.1,DOWN,96649,TL61,12.0,S,LOCAL,DAILY,Mumbai CST,Titwala,00:25,00:33
CR,ambivli,titwala,6.1,DOWN,96651,TL63,12.0,S,LOCAL,DAILY,Mumbai CST,Titwala,00:51,00:59
CR,ambivli,titwala,6.1,DOWN,96653,TL65,12.0,S,LOCAL,DAILY,Mumbai CST,Titwala,01:18,01:26
CR,ambivli,titwala,6.1,DOWN,96401,N1,12.0,S,LOCAL,DAILY,Mumbai CST,Kasara,01:44,01:50
CR,titwala,khadavli,7.4,DOWN,95423,N35,12.0,F,LOCAL,DAILY,Mumbai CST,Kasara,00:15,00:22
CR,titwala,khadavli,7.4,DOWN,96401,N1,12.0,S,LOCAL,DAILY,Mumbai CST,Kasara,01:50,01:57
CR,khadavli,vasind,8.0,DOWN,95423,N35,12.0,F,LOCAL,DAILY,Mumbai CST,Kasara,00:22,00:29
CR,khadavli,vasind,8.0,DOWN,96401,N1,12.0,S,LOCAL,DAILY,Mumbai CST,Kasara,01:57,02:04
CR,vasind,asangaon,6.0,DOWN,95423,N35,12.0,F,LOCAL,DAILY,Mumbai CST,Kasara,00:29,00:35
CR,asangaon,atgaon,9.4,DOWN,95423,N35,12.0,F,LOCAL,DAILY,Mumbai CST,Kasara,00:35,00:44
CR,atgaon,thansit,6.1,DOWN,95423,N35,12.0,F,LOCAL,DAILY,Mumbai CST,Kasara,00:44,00:49
CR,thansit,khardi,6.0,DOWN,95423,N35,12.0,F,LOCAL,DAILY,Mumbai CST,Kasara,00:49,00:54
CR,khardi,umbermalli,6.1,DOWN,95423,N35,12.0,F,LOCAL,DAILY,Mumbai CST,Kasara,00:54,01:00
CR,umbermalli,kasara,7.4,DOWN,96411,N33,12.0,S,LOCAL,DAILY,Mumbai CST,Kasara,00:02,00:13
CR,umbermalli,kasara,7.4,DOWN,95423,N35,12.0,F,LOCAL,DAILY,Mumbai CST,Kasara,01:00,01:12
WR,churchgate,marine_lines,1.0,DOWN,91041,BVI,12.0,,LOCAL,NOT_SUN,Churchgate,Borivali,00:09,00:12
WR,churchgate,marine_lines,1.0,DOWN,94145,BYR,12.0,,AC,DAILY,Churchgate,Bhayandar,00:13,00:16
WR,churchgate,marine_lines,1.0,DOWN,91039,ADH,12.0,,LOCAL,DAILY,Churchgate,Andheri,00:16,00:19
WR,churchgate,marine_lines,1.0,DOWN,91043,VR,12.0,,LOCAL,DAILY,Churchgate,Virar,00:20,00:23
WR,churchgate,marine_lines,1.0,DOWN,91045,BYR,12.0,,LOCAL,DAILY,Churchgate,Bhayandar,00:28,00:31
WR,churchgate,marine_lines,1.0,DOWN,91047,BA,12.0,,LOCAL,DAILY,Churchgate,Bandra,00:31,00:34
WR,churchgate,marine_lines,1.0,DOWN,91049,BVI,12.0,,LOCAL,DAILY,Churchgate,Borivali,00:38,00:41
WR,churchgate,marine_lines,1.0,DOWN,91051,BYR,12.0,,LOCAL,DAILY,Churchgate,Bhayandar,00:43,00:46
WR,churchgate,marine_lines,1.0,DOWN,91053,VR,12.0,,LOCAL,DAILY,Churchgate,Virar,00:50,00:53
WR,churchgate,marine_lines,1.0,DOWN,91055,BVI,12.0,,LOCAL,DAILY,Churchgate,Borivali,01:00,01:03
WR,marine_lines,charni_road,0.8,DOWN,91033,VR,12.0,,LOCAL,DAILY,Churchgate,Virar,00:01,00:03
WR,marine_lines,charni_road,0.8,DOWN,91041,BVI,12.0,,LOCAL,NOT_SUN,Churchgate,Borivali,00:12,00:14
WR,marine_lines,charni_road,0.8,DOWN,94145,BYR,12.0,,AC,DAILY,Churchgate,Bhayandar,00:16,00:18
WR,marine_lines,charni_road,0.8,DOWN,91039,ADH,12.0,,LOCAL,DAILY,Churchgate,Andheri,00:19,00:21
WR,marine_lines,charni_road,0.8,DOWN,91043,VR,12.0,,LOCAL,DAILY,Churchgate,Virar,00:23,00:25
WR,marine_lines,charni_road,0.8,DOWN,91045,BYR,12.0,,LOCAL,DAILY,Churchgate,Bhayandar,00:31,00:33
WR,marine_lines,charni_road,0.8,DOWN,91047,BA,12.0,,LOCAL,DAILY,Churchgate,Bandra,00:34,00:36
WR,marine_lines,charni_road,0.8,DOWN,91049,BVI,12.0,,LOCAL,DAILY,Churchgate,Borivali,00:41,00:43
WR,marine_lines,charni_road,0.8,DOWN,91051,BYR,12.0,,LOCAL,DAILY,Churchgate,Bhayandar,00:46,00:48
WR,marine_lines,charni_road,0.8,DOWN,91053,VR,12.0,,LOCAL,DAILY,Churchgate,Virar,00:53,00:55
WR,marine_lines,charni_road,0.8,DOWN,91055,BVI,12.0,,LOCAL,DAILY,Churchgate,Borivali,01:03,01:05
WR,charni_road,grant_road,1.8,DOWN,91033,VR,12.0,,LOCAL,DAILY,Churchgate,Virar,00:03,00:06
WR,charni_road,grant_road,1.8,DOWN,91041,BVI,12.0,,LOCAL,NOT_SUN,Churchgate,Borivali,00:14,00:17
WR,charni_road,grant_road,1.8,DOWN,94145,BYR,12.0,,AC,DAILY,Churchgate,Bhayandar,00:18,00:21
WR,charni_road,grant_road,1.8,DOWN,91039,ADH,12.0,,LOCAL,DAILY,Churchgate,Andheri,00:21,00:24
WR,charni_road,grant_road,1.8,DOWN,91043,VR,12.0,,LOCAL,DAILY,Churchgate,Virar,00:25,00:28
WR,charni_road,grant_road,1.8,DOWN,91045,BYR,12.0,,LOCAL,DAILY,Churchgate,Bhayandar,00:33,00:36
WR,charni_road,grant_road,1.8,DOWN,91047,BA,12.0,,LOCAL,DAILY,Churchgate,Bandra,00:36,00:39
WR,charni_road,grant_road,1.8,DOWN,91049,BVI,12.0,,LOCAL,DAILY,Churchgate,Borivali,00:43,00:46
WR,charni_road,grant_road,1.8,DOWN,91051,BYR,12.0,,LOCAL,DAILY,Churchgate,Bhayandar,00:48,00:51
WR,charni_road,grant_road,1.8,DOWN,91053,VR,12.0,,LOCAL,DAILY,Churchgate,Virar,00:55,00:58
WR,charni_road,grant_road,1.8,DOWN,91055,BVI,12.0,,LOCAL,DAILY,Churchgate,Borivali,01:05,01:08
WR,grant_road,mumbai_central,0.9,DOWN,91031,BVI,12.0,,LOCAL,DAILY,Churchgate,Borivali,00:00,00:02
WR,grant_road,mumbai_central,0.9,DOWN,91033,VR,12.0,,LOCAL,DAILY,Churchgate,Virar,00:06,00:08
WR,grant_road,mumbai_central,0.9,DOWN,91041,BVI,12.0,,LOCAL,NOT_SUN,Churchgate,Borivali,00:17,00:19
WR,grant_road,mumbai_central,0.9,DOWN,94145,BYR,12.0,,AC,DAILY,Churchgate,Bhayandar,00:21,00:23
WR,grant_road,mumbai_central,0.9,DOWN,91039,ADH,12.0,,LOCAL,DAILY,Churchgate,Andheri,00:24,00:26
WR,grant_road,mumbai_central,0.9,DOWN,91043,VR,12.0,,LOCAL,DAILY,Churchgate,Virar,00:28,00:30
WR,grant_road,mumbai_central,0.9,DOWN,91045,BYR,12.0,,LOCAL,DAILY,Churchgate,Bhayandar,00:36,00:38
WR,grant_road,mumbai_central,0.9,DOWN,91047,BA,12.0,,LOCAL,DAILY,Churchgate,Bandra,00:39,00:41
WR,grant_road,mumbai_central,0.9,DOWN,91049,BVI,12.0,,LOCAL,DAILY,Churchgate,Borivali,00:46,00:48
WR,grant_road,mumbai_central,0.9,DOWN,91051,BYR,12.0,,LOCAL,DAILY,Churchgate,Bhayandar,00:51,00:53
WR,grant_road,mumbai_central,0.9,DOWN,91053,VR,12.0,,LOCAL,DAILY,Churchgate,Virar,00:58,01:00
WR,grant_road,mumbai_central,0.9,DOWN,91055,BVI,12.0,,LOCAL,DAILY,Churchgate,Borivali,01:08,01:10
WR,mumbai_central,mahalakshmi,1.5,DOWN,91031,BVI,12.0,,LOCAL,DAILY,Churchgate,Borivali,00:02,00:05
WR,mumbai_central,mahalakshmi,1.5,DOWN,91033,VR,12.0,,LOCAL,DAILY,Churchgate,Virar,00:08,00:11
WR,mumbai_central,mahalakshmi,1.5,DOWN,91041,BVI,12.0,,LOCAL,NOT_SUN,Churchgate,Borivali,00:19,00:22
WR,mumbai_central,mahalakshmi,1.5,DOWN,94145,BYR,12.0,,AC,DAILY,Churchgate,Bhayandar,00:23,00:26
WR,mumbai_central,mahalakshmi,1.5,DOWN,91039,ADH,12.0,,LOCAL,DAILY,Churchgate,Andheri,00:26,00:29
WR,mumbai_central,mahalakshmi,1.5,DOWN,91043,VR,12.0,,LOCAL,DAILY,Churchgate,Virar,00:30,00:33
WR,mumbai_central,mahalakshmi,1.5,DOWN,91045,BYR,12.0,,LOCAL,DAILY,Churchgate,Bhayandar,00:38,00:41
WR,mumbai_central,mahalakshmi,1.5,DOWN,91047,BA,12.0,,LOCAL,DAILY,Churchgate,Bandra,00:41,00:44
WR,mumbai_central,mahalakshmi,1.5,DOWN,91049,BVI,12.0,,LOCAL,DAILY,Churchgate,Borivali,00:48,00:51
WR,mumbai_central,mahalakshmi,1.5,DOWN,91051,BYR,12.0,,LOCAL,DAILY,Churchgate,Bhayandar,00:53,00:56
WR,mumbai_central,mahalakshmi,1.5,DOWN,91053,VR,12.0,,LOCAL,DAILY,Churchgate,Virar,01:00,01:03
WR,mumbai_central,mahalakshmi,1.5,DOWN,91055,BVI,12.0,,LOCAL,DAILY,Churchgate,Borivali,01:10,01:13
WR,mahalakshmi,lower_parel,1.7,DOWN,91029,GMN,12.0,,LOCAL,DAILY,Churchgate,Goregaon,00:02,00:05
WR,mahalakshmi,lower_parel,1.7,DOWN,91031,BVI,12.0,,LOCAL,DAILY,Churchgate,Borivali,00:05,00:08
WR,mahalakshmi,lower_parel,1.7,DOWN,91033,VR,12.0,,LOCAL,DAILY,Churchgate,Virar,00:11,00:14
WR,mahalakshmi,lower_parel,1.7,DOWN,91041,BVI,12.0,,LOCAL,NOT_SUN,Churchgate,Borivali,00:22,00:25
WR,mahalakshmi,lower_parel,1.7,DOWN,94145,BYR,12.0,,AC,DAILY,Churchgate,Bhayandar,00:26,00:29
WR,mahalakshmi,lower_parel,1.7,DOWN,91039,ADH,12.0,,LOCAL,DAILY,Churchgate,Andheri,00:29,00:32
WR,mahalakshmi,lower_parel,1.7,DOWN,91043,VR,12.0,,LOCAL,DAILY,Churchgate,Virar,00:33,00:36
WR,mahalakshmi,lower_parel,1.7,DOWN,91045,BYR,12.0,,LOCAL,DAILY,Churchgate,Bhayandar,00:41,00:44
WR,mahalakshmi,lower_parel,1.7,DOWN,91047,BA,12.0,,LOCAL,DAILY,Churchgate,Bandra,00:44,00:47
WR,mahalakshmi,lower_parel,1.7,DOWN,91049,BVI,12.0,,LOCAL,DAILY,Churchgate,Borivali,00:51,00:54
WR,mahalakshmi,lower_parel,1.7,DOWN,91051,BYR,12.0,,LOCAL,DAILY,Churchgate,Bhayandar,00:56,00:59
WR,mahalakshmi,lower_parel,1.7,DOWN,91053,VR,12.0,,LOCAL,DAILY,Churchgate,Virar,01:03,01:06
WR,mahalakshmi,lower_parel,1.7,DOWN,91055,BVI,12.0,,LOCAL,DAILY,Churchgate,Borivali,01:13,01:16
WR,lower_parel,prabhadevi,1.3,DOWN,91027,NSP,12.0,,LOCAL,DAILY,Churchgate,Nalla Sopara,00:02,00:05
WR,lower_parel,prabhadevi,1.3,DOWN,91029,GMN,12.0,,LOCAL,DAILY,Churchgate,Goregaon,00:05,00:08
WR,lower_parel,prabhadevi,1.3,DOWN,91031,BVI,12.0,,LOCAL,DAILY,Churchgate,Borivali,00:08,00:11
WR,lower_parel,prabhadevi,1.3,DOWN,91033,VR,12.0,,LOCAL,DAILY,Churchgate,Virar,00:14,00:17
WR,lower_parel,prabhadevi,1.3,DOWN,91041,BVI,12.0,,LOCAL,NOT_SUN,Churchgate,Borivali,00:25,00:28
WR,lower_parel,prabhadevi,1.3,DOWN,94145,BYR,12.0,,AC,DAILY,Churchgate,Bhayandar,00:29,00:32
WR,lower_parel,prabhadevi,1.3,DOWN,91039,ADH,12.0,,LOCAL,DAILY,Churchgate,Andheri,00:32,00:35
WR,lower_parel,prabhadevi,1.3,DOWN,91043,VR,12.0,,LOCAL,DAILY,Churchgate,Virar,00:36,00:39
WR,lower_parel,prabhadevi,1.3,DOWN,91045,BYR,12.0,,LOCAL,DAILY,Churchgate,Bhayandar,00:44,00:47
WR,lower_parel,prabhadevi,1.3,DOWN,91047,BA,12.0,,LOCAL,DAILY,Churchgate,Bandra,00:47,00:50
WR,lower_parel,prabhadevi,1.3,DOWN,91049,BVI,12.0,,LOCAL,DAILY,Churchgate,Borivali,00:54,00:57
WR,lower_parel,prabhadevi,1.3,DOWN,91051,BYR,12.0,,LOCAL,DAILY,Churchgate,Bhayandar,00:59,01:02
WR,lower_parel,prabhadevi,1.3,DOWN,91053,VR,12.0,,LOCAL,DAILY,Churchgate,Virar,01:06,01:09
WR,lower_parel,prabhadevi,1.3,DOWN,91055,BVI,12.0,,LOCAL,DAILY,Churchgate,Borivali,01:16,01:19
WR,prabhadevi,dadar,1.2,DOWN,91027,NSP,12.0,,LOCAL,DAILY,Churchgate,Nalla Sopara,00:05,00:07
WR,prabhadevi,dadar,1.2,DOWN,91029,GMN,12.0,,LOCAL,DAILY,Churchgate,Goregaon,00:08,00:10
WR,prabhadevi,dadar,1.2,DOWN,91031,BVI,12.0,,LOCAL,DAILY,Churchgate,Borivali,00:11,00:13
WR,prabhadevi,dadar,1.2,DOWN,91033,VR,12.0,,LOCAL,DAILY,Churchgate,Virar,00:17,00:19
WR,prabhadevi,dadar,1.2,DOWN,91041,BVI,12.0,,LOCAL,NOT_SUN,Churchgate,Borivali,00:28,00:30
WR,prabhadevi,dadar,1.2,DOWN,94145,BYR,12.0,,AC,DAILY,Churchgate,Bhayandar,00:32,00:34
WR,prabhadevi,dadar,1.2,DOWN,91039,ADH,12.0,,LOCAL,DAILY,Churchgate,Andheri,00:35,00:37
WR,prabhadevi,dadar,1.2,DOWN,91043,VR,12.0,,LOCAL,DAILY,Churchgate,Virar,00:39,00:41
WR,prabhadevi,dadar,1.2,DOWN,91045,BYR,12.0,,LOCAL,DAILY,Churchgate,Bhayandar,00:47,00:49
WR,prabhadevi,dadar,1.2,DOWN,91047,BA,12.0,,LOCAL,DAILY,Churchgate,Bandra,00:50,00:52
WR,prabhadevi,dadar,1.2,DOWN,91049,BVI,12.0,,LOCAL,DAILY,Churchgate,Borivali,00:57,00:59
WR,prabhadevi,dadar,1.2,DOWN,91051,BYR,12.0,,LOCAL,DAILY,Churchgate,Bhayandar,01:02,01:04
WR,prabhadevi,dadar,1.2,DOWN,91053,VR,12.0,,LOCAL,DAILY,Churchgate,Virar,01:09,01:11
WR,prabhadevi,dadar,1.2,DOWN,91055,BVI,12.0,,LOCAL,DAILY,Churchgate,Borivali,01:19,01:21
WR,dadar,matunga_road,1.6,DOWN,91027,NSP,12.0,,LOCAL,DAILY,Churchgate,Nalla Sopara,00:07,00:09
WR,dadar,matunga_road,1.6,DOWN,91029,GMN,12.0,,LOCAL,DAILY,Churchgate,Goregaon,00:10,00:12
WR,dadar,matunga_road,1.6,DOWN,91031,BVI,12.0,,LOCAL,DAILY,Churchgate,Borivali,00:13,00:15
WR,dadar,matunga_road,1.6,DOWN,91033,VR,12.0,,LOCAL,DAILY,Churchgate,Virar,00:19,00:21
WR,dadar,matunga_road,1.6,DOWN,91041,BVI,12.0,,LOCAL,NOT_SUN,Churchgate,Borivali,00:30,00:32
WR,dadar,matunga_road,1.6,DOWN,94145,BYR,12.0,,AC,DAILY,Churchgate,Bhayandar,00:34,00:36
WR,dadar,matunga_road,1.6,DOWN,91039,ADH,12.0,,LOCAL,DAILY,Churchgate,Andheri,00:37,00:39
WR,dadar,matunga_road,1.6,DOWN,91043,VR,12.0,,LOCAL,DAILY,Churchgate,Virar,00:41,00:43
WR,dadar,matunga_road,1.6,DOWN,91045,BYR,12.0,,LOCAL,DAILY,Churchgate,Bhayandar,00:49,00:51
WR,dadar,matunga_road,1.6,DOWN,91047,BA,12.0,,LOCAL,DAILY,Churchgate,Bandra,00:52,00:54
WR,dadar,matunga_road,1.6,DOWN,91049,BVI,12.0,,LOCAL,DAILY,Churchgate,Borivali,00:59,01:01
WR,dadar,matunga_road,1.6,DOWN,91051,BYR,12.0,,LOCAL,DAILY,Churchgate,Bhayandar,01:04,01:06
WR,dadar,matunga_road,1.6,DOWN,91053,VR,12.0,,LOCAL,DAILY,Churchgate,Virar,01:11,01:13
WR,dadar,matunga_road,1.6,DOWN,91055,BVI,12.0,,LOCAL,DAILY,Churchgate,Borivali,01:21,01:23
WR,matunga_road,mahim_jn,1.2,DOWN,91023,BYR,12.0,,LOCAL,DAILY,Churchgate,Bhayandar,00:01,00:04
WR,matunga_road,mahim_jn,1.2,DOWN,91027,NSP,12.0,,LOCAL,DAILY,Churchgate,Nalla Sopara,00:09,00:12
WR,matunga_road,mahim_jn,1.2,DOWN,91029,GMN,12.0,,LOCAL,DAILY,Churchgate,Goregaon,00:12,00:15
WR,matunga_road,mahim_jn,1.2,DOWN,91031,BVI,12.0,,LOCAL,DAILY,Churchgate,Borivali,00:15,00:18
WR,matunga_road,mahim_jn,1.2,DOWN,91033,VR,12.0,,LOCAL,DAILY,Churchgate,Virar,00:21,00:24
WR,matunga_road,mahim_jn,1.2,DOWN,91041,BVI,12.0,,LOCAL,NOT_SUN,Churchgate,Borivali,00:32,00:35
WR,matunga_road,mahim_jn,1.2,DOWN,94145,BYR,12.0,,AC,DAILY,Churchgate,Bhayandar,00:36,00:39
WR,matunga_road,mahim_jn,1.2,DOWN,91039,ADH,12.0,,LOCAL,DAILY,Churchgate,Andheri,00:39,00:42
WR,matunga_road,mahim_jn,1.2,DOWN,91043,VR,12.0,,LOCAL,DAILY,Churchgate,Virar,00:43,00:46
WR,matunga_road,mahim_jn,1.2,DOWN,91045,BYR,12.0,,LOCAL,DAILY,Churchgate,Bhayandar,00:51,00:54
WR,matunga_road,mahim_jn,1.2,DOWN,91047,BA,12.0,,LOCAL,DAILY,Churchgate,Bandra,00:54,00:57
WR,matunga_road,mahim_jn,1.2,DOWN,91049,BVI,12.0,,LOCAL,DAILY,Churchgate,Borivali,01:01,01:04
WR,matunga_road,mahim_jn,1.2,DOWN,91051,BYR,12.0,,LOCAL,DAILY,Churchgate,Bhayandar,01:06,01:09
WR,matunga_road,mahim_jn,1.2,DOWN,91053,VR,12.0,,LOCAL,DAILY,Churchgate,Virar,01:13,01:16
WR,matunga_road,mahim_jn,1.2,DOWN,91055,BVI,12.0,,LOCAL,DAILY,Churchgate,Borivali,01:23,01:26
WR,mahim_jn,bandra,1.7,DOWN,91023,BYR,12.0,,LOCAL,DAILY,Churchgate,Bhayandar,00:04,00:08
WR,mahim_jn,bandra,1.7,DOWN,91027,NSP,12.0,,LOCAL,DAILY,Churchgate,Nalla Sopara,00:12,00:16
WR,mahim_jn,bandra,1.7,DOWN,91029,GMN,12.0,,LOCAL,DAILY,Churchgate,Goregaon,00:15,00:19
WR,mahim_jn,bandra,1.7,DOWN,91031,BVI,12.0,,LOCAL,DAILY,Churchgate,Borivali,00:18,00:22
WR,mahim_jn,bandra,1.7,DOWN,91033,VR,12.0,,LOCAL,DAILY,Churchgate,Virar,00:24,00:28
WR,mahim_jn,bandra,1.7,DOWN,91041,BVI,12.0,,LOCAL,NOT_SUN,Churchgate,Borivali,00:35,00:40
WR,mahim_jn,bandra,1.7,DOWN,94145,BYR,12.0,,AC,DAILY,Churchgate,Bhayandar,00:39,00:44
WR,mahim_jn,bandra,1.7,DOWN,91039,ADH,12.0,,LOCAL,DAILY,Churchgate,Andheri,00:42,00:47
WR,mahim_jn,bandra,1.7,DOWN,91043,VR,12.0,,LOCAL,DAILY,Churchgate,Virar,00:46,00:50
WR,mahim_jn,bandra,1.7,DOWN,91045,BYR,12.0,,LOCAL,DAILY,Churchgate,Bhayandar,00:54,00:58
WR,mahim_jn,bandra,1.7,DOWN,91047,BA,12.0,,LOCAL,DAILY,Churchgate,Bandra,00:57,01:02
WR,mahim_jn,bandra,1.7,DOWN,91049,BVI,12.0,,LOCAL,DAILY,Churchgate,Borivali,01:04,01:08
WR,mahim_jn,bandra,1.7,DOWN,91051,BYR,12.0,,LOCAL,DAILY,Churchgate,Bhayandar,01:09,01:13
WR,mahim_jn,bandra,1.7,DOWN,91053,VR,12.0,,LOCAL,DAILY,Churchgate,Virar,01:16,01:21
WR,mahim_jn,bandra,1.7,DOWN,91055,BVI,12.0,,LOCAL,DAILY,Churchgate,Borivali,01:26,01:30
WR,bandra,khar_road,1.6,DOWN,91023,BYR,12.0,,LOCAL,DAILY,Churchgate,Bhayandar,00:08,00:11
WR,bandra,khar_road,1.6,DOWN,91027,NSP,12.0,,LOCAL,DAILY,Churchgate,Nalla Sopara,00:16,00:19
WR,bandra,khar_road,1.6,DOWN,91029,GMN,12.0,,LOCAL,DAILY,Churchgate,Goregaon,00:19,00:22
WR,bandra,khar_road,1.6,DOWN,91031,BVI,12.0,,LOCAL,DAILY,Churchgate,Borivali,00:22,00:26
WR,bandra,khar_road,1.6,DOWN,91033,VR,12.0,,LOCAL,DAILY,Churchgate,Virar,00:28,00:31
WR,bandra,khar_road,1.6,DOWN,91041,BVI,12.0,,LOCAL,NOT_SUN,Churchgate,Borivali,00:40,00:43
WR,bandra,khar_road,1.6,DOWN,94145,BYR,12.0,,AC,DAILY,Churchgate,Bhayandar,00:44,00:47
WR,bandra,khar_road,1.6,DOWN,91039,ADH,12.0,,LOCAL,DAILY,Churchgate,Andheri,00:47,00:50
WR,bandra,khar_road,1.6,DOWN,91043,VR,12.0,,LOCAL,DAILY,Churchgate,Virar,00:50,00:53
WR,bandra,khar_road,1.6,DOWN,91045,BYR,12.0,,LOCAL,DAILY,Churchgate,Bhayandar,00:58,01:01
WR,bandra,khar_road,1.6,DOWN,91049,BVI,12.0,,LOCAL,DAILY,Churchgate,Borivali,01:08,01:11
WR,bandra,khar_road,1.6,DOWN,91051,BYR,12.0,,LOCAL,DAILY,Churchgate,Bhayandar,01:13,01:16
WR,bandra,khar_road,1.6,DOWN,91053,VR,12.0,,LOCAL,DAILY,Churchgate,Virar,01:21,01:24
WR,bandra,khar_road,1.6,DOWN,91055,BVI,12.0,,LOCAL,DAILY,Churchgate,Borivali,01:30,01:33
WR,khar_road,santa_cruz,1.3,DOWN,91019,BYR,12.0,,LOCAL,DAILY,Churchgate,Bhayandar,00:01,00:04
WR,khar_road,santa_cruz,1.3,DOWN,91023,BYR,12.0,,LOCAL,DAILY,Churchgate,Bhayandar,00:11,00:14
WR,khar_road,santa_cruz,1.3,DOWN,91027,NSP,12.0,,LOCAL,DAILY,Churchgate,Nalla Sopara,00:19,00:21
WR,khar_road,santa_cruz,1.3,DOWN,91029,GMN,12.0,,LOCAL,DAILY,Churchgate,Goregaon,00:22,00:24
WR,khar_road,santa_cruz,1.3,DOWN,91031,BVI,12.0,,LOCAL,DAILY,Churchgate,Borivali,00:26,00:28
WR,khar_road,santa_cruz,1.3,DOWN,91033,VR,12.0,,LOCAL,DAILY,Churchgate,Virar,00:31,00:33
WR,khar_road,santa_cruz,1.3,DOWN,91041,BVI,12.0,,LOCAL,NOT_SUN,Churchgate,Borivali,00:43,00:45
WR,khar_road,santa_cruz,1.3,DOWN,94145,BYR,12.0,,AC,DAILY,Churchgate,Bhayandar,00:47,00:49
WR,khar_road,santa_cruz,1.3,DOWN,91039,ADH,12.0,,LOCAL,DAILY,Churchgate,Andheri,00:50,00:52
WR,khar_road,santa_cruz,1.3,DOWN,91043,VR,12.0,,LOCAL,DAILY,Churchgate,Virar,00:53,00:55
WR,khar_road,santa_cruz,1.3,DOWN,91045,BYR,12.0,,LOCAL,DAILY,Churchgate,Bhayandar,01:01,01:03
WR,khar_road,santa_cruz,1.3,DOWN,91049,BVI,12.0,,LOCAL,DAILY,Churchgate,Borivali,01:11,01:13
WR,khar_road,santa_cruz,1.3,DOWN,91051,BYR,12.0,,LOCAL,DAILY,Churchgate,Bhayandar,01:16,01:18
WR,khar_road,santa_cruz,1.3,DOWN,91053,VR,12.0,,LOCAL,DAILY,Churchgate,Virar,01:24,01:26
WR,khar_road,santa_cruz,1.3,DOWN,91055,BVI,12.0,,LOCAL,DAILY,Churchgate,Borivali,01:33,01:35
WR,santa_cruz,vile_parle,2.1,DOWN,91019,BYR,12.0,,LOCAL,DAILY,Churchgate,Bhayandar,00:04,00:07
WR,santa_cruz,vile_parle,2.1,DOWN,91023,BYR,12.0,,LOCAL,DAILY,Churchgate,Bhayandar,00:14,00:17
WR,santa_cruz,vile_parle,2.1,DOWN,91027,NSP,12.0,,LOCAL,DAILY,Churchgate,Nalla Sopara,00:21,00:24
WR,santa_cruz,vile_parle,2.1,DOWN,91029,GMN,12.0,,LOCAL,DAILY,Churchgate,Goregaon,00:24,00:27
WR,santa_cruz,vile_parle,2.1,DOWN,91031,BVI,12.0,,LOCAL,DAILY,Churchgate,Borivali,00:28,00:31
WR,santa_cruz,vile_parle,2.1,DOWN,91033,VR,12.0,,LOCAL,DAILY,Churchgate,Virar,00:33,00:36
WR,santa_cruz,vile_parle,2.1,DOWN,91041,BVI,12.0,,LOCAL,NOT_SUN,Churchgate,Borivali,00:45,00:48
WR,santa_cruz,vile_parle,2.1,DOWN,94145,BYR,12.0,,AC,DAILY,Churchgate,Bhayandar,00:49,00:52
WR,santa_cruz,vile_parle,2.1,DOWN,91039,ADH,12.0,,LOCAL,DAILY,Churchgate,Andheri,00:52,00:55
WR,santa_cruz,vile_parle,2.1,DOWN,91043,VR,12.0,,LOCAL,DAILY,Churchgate,Virar,00:55,00:58
WR,santa_cruz,vile_parle,2.1,DOWN,91045,BYR,12.0,,LOCAL,DAILY,Churchgate,Bhayandar,01:03,01:06
WR,santa_cruz,vile_parle,2.1,DOWN,91049,BVI,12.0,,LOCAL,DAILY,Churchgate,Borivali,01:13,01:16
WR,santa_cruz,vile_parle,2.1,DOWN,91051,BYR,12.0,,LOCAL,DAILY,Churchgate,Bhayandar,01:18,01:21
WR,santa_cruz,vile_parle,2.1,DOWN,91053,VR,12.0,,LOCAL,DAILY,Churchgate,Virar,01:26,01:29
WR,santa_cruz,vile_parle,2.1,DOWN,91055,BVI,12.0,,LOCAL,DAILY,Churchgate,Borivali,01:35,01:38
WR,vile_parle,andheri,2.2,DOWN,91019,BYR,12.0,,LOCAL,DAILY,Churchgate,Bhayandar,00:07,00:14
WR,vile_parle,andheri,2.2,DOWN,91023,BYR,12.0,,LOCAL,DAILY,Churchgate,Bhayandar,00:17,00:22
WR,vile_parle,andheri,2.2,DOWN,91027,NSP,12.0,,LOCAL,DAILY,Churchgate,Nalla Sopara,00:24,00:30
WR,vile_parle,andheri,2.2,DOWN,91029,GMN,12.0,,LOCAL,DAILY,Churchgate,Goregaon,00:27,00:33
WR,vile_parle,andheri,2.2,DOWN,91031,BVI,12.0,,LOCAL,DAILY,Churchgate,Borivali,00:31,00:37
WR,vile_parle,andheri,2.2,DOWN,91033,VR,12.0,,LOCAL,DAILY,Churchgate,Virar,00:36,00:42
WR,vile_parle,andheri,2.2,DOWN,91041,BVI,12.0,,LOCAL,NOT_SUN,Churchgate,Borivali,00:48,00:53
WR,vile_parle,andheri,2.2,DOWN,94145,BYR,12.0,,AC,DAILY,Churchgate,Bhayandar,00:52,00:57
WR,vile_parle,andheri,2.2,DOWN,91039,ADH,12.0,,LOCAL,DAILY,Churchgate,Andheri,00:55,01:00
WR,vile_parle,andheri,2.2,DOWN,91043,VR,12.0,,LOCAL,DAILY,Churchgate,Virar,00:58,01:04
WR,vile_parle,andheri,2.2,DOWN,91045,BYR,12.0,,LOCAL,DAILY,Churchgate,Bhayandar,01:06,01:11
WR,vile_parle,andheri,2.2,DOWN,91049,BVI,12.0,,LOCAL,DAILY,Churchgate,Borivali,01:16,01:22
WR,vile_parle,andheri,2.2,DOWN,91051,BYR,12.0,,LOCAL,DAILY,Churchgate,Bhayandar,01:21,01:27
WR,vile_parle,andheri,2.2,DOWN,91053,VR,12.0,,LOCAL,DAILY,Churchgate,Virar,01:29,01:34
WR,vile_parle,andheri,2.2,DOWN,91055,BVI,12.0,,LOCAL,DAILY,Churchgate,Borivali,01:38,01:44
WR,andheri,jogeshwari,1.7,DOWN,91015,BYR,12.0,,LOCAL,DAILY,Churchgate,Bhayandar,00:05,00:08
WR,andheri,jogeshwari,1.7,DOWN,91025,VR,12.0,,LOCAL,DAILY,Churchgate,Virar,00:11,00:14
WR,andheri,jogeshwari,1.7,DOWN,91019,BYR,12.0,,LOCAL,DAILY,Churchgate,Bhayandar,00:14,00:17
WR,andheri,jogeshwari,1.7,DOWN,91023,BYR,12.0,,LOCAL,DAILY,Churchgate,Bhayandar,00:22,00:25
WR,andheri,jogeshwari,1.7,DOWN,91027,NSP,12.0,,LOCAL,DAILY,Churchgate,Nalla Sopara,00:30,00:33
WR,andheri,jogeshwari,1.7,DOWN,91029,GMN,12.0,,LOCAL,DAILY,Churchgate,Goregaon,00:33,00:36
WR,andheri,jogeshwari,1.7,DOWN,91031,BVI,12.0,,LOCAL,DAILY,Churchgate,Borivali,00:37,00:40
WR,andheri,jogeshwari,1.7,DOWN,91033,VR,12.0,,LOCAL,DAILY,Churchgate,Virar,00:42,00:45
WR,andheri,jogeshwari,1.7,DOWN,91035,BYR,12.0,,LOCAL,DAILY,Andheri,Bhayandar,00:46,00:49
WR,andheri,jogeshwari,1.7,DOWN,91041,BVI,12.0,,LOCAL,NOT_SUN,Churchgate,Borivali,00:53,00:56
WR,andheri,jogeshwari,1.7,DOWN,94145,BYR,12.0,,AC,DAILY,Churchgate,Bhayandar,00:57,01:00
WR,andheri,jogeshwari,1.7,DOWN,91043,VR,12.0,,LOCAL,DAILY,Churchgate,Virar,01:04,01:07
WR,andheri,jogeshwari,1.7,DOWN,91045,BYR,12.0,,LOCAL,DAILY,Churchgate,Bhayandar,01:11,01:14
WR,andheri,jogeshwari,1.7,DOWN,91049,BVI,12.0,,LOCAL,DAILY,Churchgate,Borivali,01:22,01:25
WR,andheri,jogeshwari,1.7,DOWN,91051,BYR,12.0,,LOCAL,DAILY,Churchgate,Bhayandar,01:27,01:30
WR,andheri,jogeshwari,1.7,DOWN,91053,VR,12.0,,LOCAL,DAILY,Churchgate,Virar,01:34,01:37
WR,andheri,jogeshwari,1.7,DOWN,91055,BVI,12.0,,LOCAL,DAILY,Churchgate,Borivali,01:44,01:47
WR,jogeshwari,ram_mandir,1.8,DOWN,91011,BVI,12.0,,LOCAL,DAILY,Churchgate,Borivali,00:02,00:05
WR,jogeshwari,ram_mandir,1.8,DOWN,91015,BYR,12.0,,LOCAL,DAILY,Churchgate,Bhayandar,00:08,00:11
WR,jogeshwari,ram_mandir,1.8,DOWN,91019,BYR,12.0,,LOCAL,DAILY,Churchgate,Bhayandar,00:17,00:20
WR,jogeshwari,ram_mandir,1.8,DOWN,91023,BYR,12.0,,LOCAL,DAILY,Churchgate,Bhayandar,00:25,00:28
WR,jogeshwari,ram_mandir,1.8,DOWN,91027,NSP,12.0,,LOCAL,DAILY,Churchgate,Nalla Sopara,00:33,00:36
WR,jogeshwari,ram_mandir,1.8,DOWN,91029,GMN,12.0,,LOCAL,DAILY,Churchgate,Goregaon,00:36,00:39
WR,jogeshwari,ram_mandir,1.8,DOWN,91031,BVI,12.0,,LOCAL,DAILY,Churchgate,Borivali,00:40,00:43
WR,jogeshwari,ram_mandir,1.8,DOWN,91033,VR,12.0,,LOCAL,DAILY,Churchgate,Virar,00:45,00:48
WR,jogeshwari,ram_mandir,1.8,DOWN,91035,BYR,12.0,,LOCAL,DAILY,Andheri,Bhayandar,00:49,00:52
WR,jogeshwari,ram_mandir,1.8,DOWN,91041,BVI,12.0,,LOCAL,NOT_SUN,Churchgate,Borivali,00:56,00:59
WR,jogeshwari,ram_mandir,1.8,DOWN,94145,BYR,12.0,,AC,DAILY,Churchgate,Bhayandar,01:00,01:03
WR,jogeshwari,ram_mandir,1.8,DOWN,91043,VR,12.0,,LOCAL,DAILY,Churchgate,Virar,01:07,01:10
WR,jogeshwari,ram_mandir,1.8,DOWN,91045,BYR,12.0,,LOCAL,DAILY,Churchgate,Bhayandar,01:14,01:17
WR,jogeshwari,ram_mandir,1.8,DOWN,91049,BVI,12.0,,LOCAL,DAILY,Churchgate,Borivali,01:25,01:28
WR,jogeshwari,ram_mandir,1.8,DOWN,91051,BYR,12.0,,LOCAL,DAILY,Churchgate,Bhayandar,01:30,01:33
WR,jogeshwari,ram_mandir,1.8,DOWN,91053,VR,12.0,,LOCAL,DAILY,Churchgate,Virar,01:37,01:40
WR,jogeshwari,ram_mandir,1.8,DOWN,91055,BVI,12.0,,LOCAL,DAILY,Churchgate,Borivali,01:47,01:50
WR,ram_mandir,goregaon,1.6,DOWN,91011,BVI,12.0,,LOCAL,DAILY,Churchgate,Borivali,00:05,00:07
WR,ram_mandir,goregaon,1.6,DOWN,91015,BYR,12.0,,LOCAL,DAILY,Churchgate,Bhayandar,00:11,00:13
WR,ram_mandir,goregaon,1.6,DOWN,91019,BYR,12.0,,LOCAL,DAILY,Churchgate,Bhayandar,00:20,00:23
WR,ram_mandir,goregaon,1.6,DOWN,91023,BYR,12.0,,LOCAL,DAILY,Churchgate,Bhayandar,00:28,00:30
WR,ram_mandir,goregaon,1.6,DOWN,91027,NSP,12.0,,LOCAL,DAILY,Churchgate,Nalla Sopara,00:36,00:38
WR,ram_mandir,goregaon,1.6,DOWN,91029,GMN,12.0,,LOCAL,DAILY,Churchgate,Goregaon,00:39,00:45
WR,ram_mandir,goregaon,1.6,DOWN,91031,BVI,12.0,,LOCAL,DAILY,Churchgate,Borivali,00:43,00:45
WR,ram_mandir,goregaon,1.6,DOWN,91033,VR,12.0,,LOCAL,DAILY,Churchgate,Virar,00:48,00:50
WR,ram_mandir,goregaon,1.6,DOWN,91035,BYR,12.0,,LOCAL,DAILY,Andheri,Bhayandar,00:52,00:54
WR,ram_mandir,goregaon,1.6,DOWN,91041,BVI,12.0,,LOCAL,NOT_SUN,Churchgate,Borivali,00:59,01:01
WR,ram_mandir,goregaon,1.6,DOWN,94145,BYR,12.0,,AC,DAILY,Churchgate,Bhayandar,01:03,01:05
WR,ram_mandir,goregaon,1.6,DOWN,91043,VR,12.0,,LOCAL,DAILY,Churchgate,Virar,01:10,01:12
WR,ram_mandir,goregaon,1.6,DOWN,91045,BYR,12.0,,LOCAL,DAILY,Churchgate,Bhayandar,01:17,01:19
WR,ram_mandir,goregaon,1.6,DOWN,91049,BVI,12.0,,LOCAL,DAILY,Churchgate,Borivali,01:28,01:30
WR,ram_mandir,goregaon,1.6,DOWN,91051,BYR,12.0,,LOCAL,DAILY,Churchgate,Bhayandar,01:33,01:35
WR,ram_mandir,goregaon,1.6,DOWN,91053,VR,12.0,,LOCAL,DAILY,Churchgate,Virar,01:40,01:42
WR,ram_mandir,goregaon,1.6,DOWN,91055,BVI,12.0,,LOCAL,DAILY,Churchgate,Borivali,01:50,01:52
WR,goregaon,malad,2.4,DOWN,91007,BYR,12.0,,LOCAL,DAILY,Churchgate,Bhayandar,00:00,00:04
WR,goregaon,malad,2.4,DOWN,91017,VR,12.0,,LOCAL,DAILY,Churchgate,Virar,00:05,00:09
WR,goregaon,malad,2.4,DOWN,91011,BVI,12.0,,LOCAL,DAILY,Churchgate,Borivali,00:07,00:11
WR,goregaon,malad,2.4,DOWN,91015,BYR,12.0,,LOCAL,DAILY,Churchgate,Bhayandar,00:13,00:17
WR,goregaon,malad,2.4,DOWN,91025,VR,12.0,,LOCAL,DAILY,Churchgate,Virar,00:19,00:23
WR,goregaon,malad,2.4,DOWN,91019,BYR,12.0,,LOCAL,DAILY,Churchgate,Bhayandar,00:23,00:27
WR,goregaon,malad,2.4,DOWN,91023,BYR,12.0,,LOCAL,DAILY,Churchgate,Bhayandar,00:30,00:34
WR,goregaon,malad,2.4,DOWN,91027,NSP,12.0,,LOCAL,DAILY,Churchgate,Nalla Sopara,00:38,00:42
WR,goregaon,malad,2.4,DOWN,91031,BVI,12.0,,LOCAL,DAILY,Churchgate,Borivali,00:45,00:49
WR,goregaon,malad,2.4,DOWN,91033,VR,12.0,,LOCAL,DAILY,Churchgate,Virar,00:50,00:54
WR,goregaon,malad,2.4,DOWN,91035,BYR,12.0,,LOCAL,DAILY,Andheri,Bhayandar,00:54,00:58
WR,goregaon,malad,2.4,DOWN,91041,BVI,12.0,,LOCAL,NOT_SUN,Churchgate,Borivali,01:01,01:05
WR,goregaon,malad,2.4,DOWN,94145,BYR,12.0,,AC,DAILY,Churchgate,Bhayandar,01:05,01:09
WR,goregaon,malad,2.4,DOWN,91043,VR,12.0,,LOCAL,DAILY,Churchgate,Virar,01:12,01:16
WR,goregaon,malad,2.4,DOWN,91045,BYR,12.0,,LOCAL,DAILY,Churchgate,Bhayandar,01:19,01:23
WR,goregaon,malad,2.4,DOWN,91049,BVI,12.0,,LOCAL,DAILY,Churchgate,Borivali,01:30,01:34
WR,goregaon,malad,2.4,DOWN,91051,BYR,12.0,,LOCAL,DAILY,Churchgate,Bhayandar,01:35,01:39
WR,goregaon,malad,2.4,DOWN,91053,VR,12.0,,LOCAL,DAILY,Churchgate,Virar,01:42,01:46
WR,goregaon,malad,2.4,DOWN,91055,BVI,12.0,,LOCAL,DAILY,Churchgate,Borivali,01:52,01:56
WR,malad,kandivali,1.9,DOWN,91007,BYR,12.0,,LOCAL,DAILY,Churchgate,Bhayandar,00:04,00:07
WR,malad,kandivali,1.9,DOWN,91017,VR,12.0,,LOCAL,DAILY,Churchgate,Virar,00:09,00:12
WR,malad,kandivali,1.9,DOWN,91011,BVI,12.0,,LOCAL,DAILY,Churchgate,Borivali,00:11,00:14
WR,malad,kandivali,1.9,DOWN,91015,BYR,12.0,,LOCAL,DAILY,Churchgate,Bhayandar,00:17,00:20
WR,malad,kandivali,1.9,DOWN,91025,VR,12.0,,LOCAL,DAILY,Churchgate,Virar,00:23,00:26
WR,malad,kandivali,1.9,DOWN,91019,BYR,12.0,,LOCAL,DAILY,Churchgate,Bhayandar,00:27,00:30
WR,malad,kandivali,1.9,DOWN,91023,BYR,12.0,,LOCAL,DAILY,Churchgate,Bhayandar,00:34,00:37
WR,malad,kandivali,1.9,DOWN,91027,NSP,12.0,,LOCAL,DAILY,Churchgate,Nalla Sopara,00:42,00:45
WR,malad,kandivali,1.9,DOWN,91031,BVI,12.0,,LOCAL,DAILY,Churchgate,Borivali,00:49,00:52
WR,malad,kandivali,1.9,DOWN,91033,VR,12.0,,LOCAL,DAILY,Churchgate,Virar,00:54,00:57
WR,malad,kandivali,1.9,DOWN,91035,BYR,12.0,,LOCAL,DAILY,Andheri,Bhayandar,00:58,01:01
WR,malad,kandivali,1.9,DOWN,91041,BVI,12.0,,LOCAL,NOT_SUN,Churchgate,Borivali,01:05,01:08
WR,malad,kandivali,1.9,DOWN,94145,BYR,12.0,,AC,DAILY,Churchgate,Bhayandar,01:09,01:12
WR,malad,kandivali,1.9,DOWN,91043,VR,12.0,,LOCAL,DAILY,Churchgate,Virar,01:16,01:19
WR,malad,kandivali,1.9,DOWN,91045,BYR,12.0,,LOCAL,DAILY,Churchgate,Bhayandar,01:23,01:26
WR,malad,kandivali,1.9,DOWN,91049,BVI,12.0,,LOCAL,DAILY,Churchgate,Borivali,01:34,01:37
WR,malad,kandivali,1.9,DOWN,91051,BYR,12.0,,LOCAL,DAILY,Churchgate,Bhayandar,01:39,01:42
WR,malad,kandivali,1.9,DOWN,91053,VR,12.0,,LOCAL,DAILY,Churchgate,Virar,01:46,01:49
WR,malad,kandivali,1.9,DOWN,91055,BVI,12.0,,LOCAL,DAILY,Churchgate,Borivali,01:56,01:59
WR,kandivali,borivali,2.8,DOWN,91007,BYR,12.0,,LOCAL,DAILY,Churchgate,Bhayandar,00:07,00:13
WR,kandivali,borivali,2.8,DOWN,91017,VR,12.0,,LOCAL,DAILY,Churchgate,Virar,00:12,00:18
WR,kandivali,borivali,2.8,DOWN,91011,BVI,12.0,,LOCAL,DAILY,Churchgate,Borivali,00:14,00:21
WR,kandivali,borivali,2.8,DOWN,91015,BYR,12.0,,LOCAL,DAILY,Churchgate,Bhayandar,00:20,00:25
WR,kandivali,borivali,2.8,DOWN,91025,VR,12.0,,LOCAL,DAILY,Churchgate,Virar,00:26,00:31
WR,kandivali,borivali,2.8,DOWN,91019,BYR,12.0,,LOCAL,DAILY,Churchgate,Bhayandar,00:30,00:35
WR,kandivali,borivali,2.8,DOWN,91023,BYR,12.0,,LOCAL,DAILY,Churchgate,Bhayandar,00:37,00:43
WR,kandivali,borivali,2.8,DOWN,91027,NSP,12.0,,LOCAL,DAILY,Churchgate,Nalla Sopara,00:45,00:51
WR,kandivali,borivali,2.8,DOWN,91031,BVI,12.0,,LOCAL,DAILY,Churchgate,Borivali,00:52,00:59
WR,kandivali,borivali,2.8,DOWN,91033,VR,12.0,,LOCAL,DAILY,Churchgate,Virar,00:57,01:03
WR,kandivali,borivali,2.8,DOWN,91035,BYR,12.0,,LOCAL,DAILY,Andheri,Bhayandar,01:01,01:07
WR,kandivali,borivali,2.8,DOWN,91041,BVI,12.0,,LOCAL,NOT_SUN,Churchgate,Borivali,01:08,01:14
WR,kandivali,borivali,2.8,DOWN,94145,BYR,12.0,,AC,DAILY,Churchgate,Bhayandar,01:12,01:18
WR,kandivali,borivali,2.8,DOWN,91043,VR,12.0,,LOCAL,DAILY,Churchgate,Virar,01:19,01:24
WR,kandivali,borivali,2.8,DOWN,91045,BYR,12.0,,LOCAL,DAILY,Churchgate,Bhayandar,01:26,01:32
WR,kandivali,borivali,2.8,DOWN,91049,BVI,12.0,,LOCAL,DAILY,Churchgate,Borivali,01:37,01:43
WR,kandivali,borivali,2.8,DOWN,91051,BYR,12.0,,LOCAL,DAILY,Churchgate,Bhayandar,01:42,01:48
WR,kandivali,borivali,2.8,DOWN,91053,VR,12.0,,LOCAL,DAILY,Churchgate,Virar,01:49,01:54
WR,kandivali,borivali,2.8,DOWN,91055,BVI,12.0,,LOCAL,DAILY,Churchgate,Borivali,01:59,02:05
WR,borivali,dahisar,2.4,DOWN,91009,BYR,12.0,,LOCAL,DAILY,Churchgate,Bhayandar,00:05,00:09
WR,borivali,dahisar,2.4,DOWN,94105,BYR,12.0,,AC,DAILY,Andheri,Bhayandar,00:10,00:13
WR,borivali,dahisar,2.4,DOWN,91007,BYR,12.0,,LOCAL,DAILY,Churchgate,Bhayandar,00:13,00:17
WR,borivali,dahisar,2.4,DOWN,91017,VR,12.0,,LOCAL,DAILY,Churchgate,Virar,00:18,00:21
WR,borivali,dahisar,2.4,DOWN,91015,BYR,12.0,,LOCAL,DAILY,Churchgate,Bhayandar,00:25,00:28
WR,borivali,dahisar,2.4,DOWN,91025,VR,12.0,,LOCAL,DAILY,Churchgate,Virar,00:31,00:35
WR,borivali,dahisar,2.4,DOWN,91019,BYR,12.0,,LOCAL,DAILY,Churchgate,Bhayandar,00:35,00:39
WR,borivali,dahisar,2.4,DOWN,91023,BYR,12.0,,LOCAL,DAILY,Churchgate,Bhayandar,00:43,00:47
WR,borivali,dahisar,2.4,DOWN,91027,NSP,12.0,,LOCAL,DAILY,Churchgate,Nalla Sopara,00:51,00:55
WR,borivali,dahisar,2.4,DOWN,91033,VR,12.0,,LOCAL,DAILY,Churchgate,Virar,01:03,01:07
WR,borivali,dahisar,2.4,DOWN,91035,BYR,12.0,,LOCAL,DAILY,Andheri,Bhayandar,01:07,01:11
WR,borivali,dahisar,2.4,DOWN,94145,BYR,12.0,,AC,DAILY,Churchgate,Bhayandar,01:18,01:22
WR,borivali,dahisar,2.4,DOWN,91043,VR,12.0,,LOCAL,DAILY,Churchgate,Virar,01:24,01:27
WR,borivali,dahisar,2.4,DOWN,91045,BYR,12.0,,LOCAL,DAILY,Churchgate,Bhayandar,01:32,01:36
WR,borivali,dahisar,2.4,DOWN,91051,BYR,12.0,,LOCAL,DAILY,Churchgate,Bhayandar,01:48,01:52
WR,borivali,dahisar,2.4,DOWN,91053,VR,12.0,,LOCAL,DAILY,Churchgate,Virar,01:54,01:58
WR,dahisar,mira_road,3.4,DOWN,92209,VR,15.0,,LOCAL,DAILY,Andheri,Virar,00:02,00:07
WR,dahisar,mira_road,3.4,DOWN,91009,BYR,12.0,,LOCAL,DAILY,Churchgate,Bhayandar,00:09,00:14
WR,dahisar,mira_road,3.4,DOWN,94105,BYR,12.0,,AC,DAILY,Andheri,Bhayandar,00:13,00:18
WR,dahisar,mira_road,3.4,DOWN,91007,BYR,12.0,,LOCAL,DAILY,Churchgate,Bhayandar,00:17,00:22
WR,dahisar,mira_road,3.4,DOWN,91017,VR,12.0,,LOCAL,DAILY,Churchgate,Virar,00:21,00:26
WR,dahisar,mira_road,3.4,DOWN,91015,BYR,12.0,,LOCAL,DAILY,Churchgate,Bhayandar,00:28,00:33
WR,dahisar,mira_road,3.4,DOWN,91025,VR,12.0,,LOCAL,DAILY,Churchgate,Virar,00:35,00:40
WR,dahisar,mira_road,3.4,DOWN,91019,BYR,12.0,,LOCAL,DAILY,Churchgate,Bhayandar,00:39,00:44
WR,dahisar,mira_road,3.4,DOWN,91023,BYR,12.0,,LOCAL,DAILY,Churchgate,Bhayandar,00:47,00:52
WR,dahisar,mira_road,3.4,DOWN,91027,NSP,12.0,,LOCAL,DAILY,Churchgate,Nalla Sopara,00:55,01:00
WR,dahisar,mira_road,3.4,DOWN,91033,VR,12.0,,LOCAL,DAILY,Churchgate,Virar,01:07,01:12
WR,dahisar,mira_road,3.4,DOWN,91035,BYR,12.0,,LOCAL,DAILY,Andheri,Bhayandar,01:11,01:16
WR,dahisar,mira_road,3.4,DOWN,94145,BYR,12.0,,AC,DAILY,Churchgate,Bhayandar,01:22,01:27
WR,dahisar,mira_road,3.4,DOWN,91043,VR,12.0,,LOCAL,DAILY,Churchgate,Virar,01:27,01:32
WR,dahisar,mira_road,3.4,DOWN,91045,BYR,12.0,,LOCAL,DAILY,Churchgate,Bhayandar,01:36,01:41
WR,dahisar,mira_road,3.4,DOWN,91051,BYR,12.0,,LOCAL,DAILY,Churchgate,Bhayandar,01:52,01:57
WR,dahisar,mira_road,3.4,DOWN,91053,VR,12.0,,LOCAL,DAILY,Churchgate,Virar,01:58,02:03
WR,mira_road,bhayandar,3.4,DOWN,92227,VR,15.0,,LOCAL,DAILY,Churchgate,Virar,00:02,00:07
WR,mira_road,bhayandar,3.4,DOWN,92209,VR,15.0,,LOCAL,DAILY,Andheri,Virar,00:07,00:12
WR,mira_road,bhayandar,3.4,DOWN,91009,BYR,12.0,,LOCAL,DAILY,Churchgate,Bhayandar,00:14,00:20
WR,mira_road,bhayandar,3.4,DOWN,94105,BYR,12.0,,AC,DAILY,Andheri,Bhayandar,00:18,00:25
WR,mira_road,bhayandar,3.4,DOWN,91007,BYR,12.0,,LOCAL,DAILY,Churchgate,Bhayandar,00:22,00:28
WR,mira_road,bhayandar,3.4,DOWN,91017,VR,12.0,,LOCAL,DAILY,Churchgate,Virar,00:26,00:31
WR,mira_road,bhayandar,3.4,DOWN,91015,BYR,12.0,,LOCAL,DAILY,Churchgate,Bhayandar,00:33,00:40
WR,mira_road,bhayandar,3.4,DOWN,91025,VR,12.0,,LOCAL,DAILY,Churchgate,Virar,00:40,00:45
WR,mira_road,bhayandar,3.4,DOWN,91019,BYR,12.0,,LOCAL,DAILY,Churchgate,Bhayandar,00:44,00:50
WR,mira_road,bhayandar,3.4,DOWN,91023,BYR,12.0,,LOCAL,DAILY,Churchgate,Bhayandar,00:52,01:00
WR,mira_road,bhayandar,3.4,DOWN,91027,NSP,12.0,,LOCAL,DAILY,Churchgate,Nalla Sopara,01:00,01:05
WR,mira_road,bhayandar,3.4,DOWN,91033,VR,12.0,,LOCAL,DAILY,Churchgate,Virar,01:12,01:17
WR,mira_road,bhayandar,3.4,DOWN,91035,BYR,12.0,,LOCAL,DAILY,Andheri,Bhayandar,01:16,01:23
WR,mira_road,bhayandar,3.4,DOWN,94145,BYR,12.0,,AC,DAILY,Churchgate,Bhayandar,01:27,01:33
WR,mira_road,bhayandar,3.4,DOWN,91043,VR,12.0,,LOCAL,DAILY,Churchgate,Virar,01:32,01:37
WR,mira_road,bhayandar,3.4,DOWN,91045,BYR,12.0,,LOCAL,DAILY,Churchgate,Bhayandar,01:41,01:48
WR,mira_road,bhayandar,3.4,DOWN,91051,BYR,12.0,,LOCAL,DAILY,Churchgate,Bhayandar,01:57,02:03
WR,bhayandar,naigaon,4.6,DOWN,92227,VR,15.0,,LOCAL,DAILY,Churchgate,Virar,00:07,00:13
WR,bhayandar,naigaon,4.6,DOWN,92209,VR,15.0,,LOCAL,DAILY,Andheri,Virar,00:12,00:18
WR,bhayandar,naigaon,4.6,DOWN,91017,VR,12.0,,LOCAL,DAILY,Churchgate,Virar,00:31,00:37
WR,bhayandar,naigaon,4.6,DOWN,91025,VR,12.0,,LOCAL,DAILY,Churchgate,Virar,00:45,00:51
WR,bhayandar,naigaon,4.6,DOWN,91027,NSP,12.0,,LOCAL,DAILY,Churchgate,Nalla Sopara,01:05,01:11
WR,bhayandar,naigaon,4.6,DOWN,91033,VR,12.0,,LOCAL,DAILY,Churchgate,Virar,01:17,01:23
WR,bhayandar,naigaon,4.6,DOWN,91043,VR,12.0,,LOCAL,DAILY,Churchgate,Virar,01:37,01:43
WR,naigaon,vasai_road,4.1,DOWN,92227,VR,15.0,,LOCAL,DAILY,Churchgate,Virar,00:13,00:18
WR,naigaon,vasai_road,4.1,DOWN,92209,VR,15.0,,LOCAL,DAILY,Andheri,Virar,00:18,00:23
WR,naigaon,vasai_road,4.1,DOWN,91017,VR,12.0,,LOCAL,DAILY,Churchgate,Virar,00:37,00:42
WR,naigaon,vasai_road,4.1,DOWN,91025,VR,12.0,,LOCAL,DAILY,Churchgate,Virar,00:51,00:56
WR,naigaon,vasai_road,4.1,DOWN,91027,NSP,12.0,,LOCAL,DAILY,Churchgate,Nalla Sopara,01:11,01:16
WR,naigaon,vasai_road,4.1,DOWN,91033,VR,12.0,,LOCAL,DAILY,Churchgate,Virar,01:23,01:28
WR,naigaon,vasai_road,4.1,DOWN,91043,VR,12.0,,LOCAL,DAILY,Churchgate,Virar,01:43,01:48
WR,vasai_road,nalla_sopara,4.1,DOWN,92227,VR,15.0,,LOCAL,DAILY,Churchgate,Virar,00:18,00:23
WR,vasai_road,nalla_sopara,4.1,DOWN,92209,VR,15.0,,LOCAL,DAILY,Andheri,Virar,00:23,00:28
WR,vasai_road,nalla_sopara,4.1,DOWN,91017,VR,12.0,,LOCAL,DAILY,Churchgate,Virar,00:42,00:47
WR,vasai_road,nalla_sopara,4.1,DOWN,91025,VR,12.0,,LOCAL,DAILY,Churchgate,Virar,00:56,01:01
WR,vasai_road,nalla_sopara,4.1,DOWN,91027,NSP,12.0,,LOCAL,DAILY,Churchgate,Nalla Sopara,01:16,01:20
WR,vasai_road,nalla_sopara,4.1,DOWN,91033,VR,12.0,,LOCAL,DAILY,Churchgate,Virar,01:28,01:33
WR,vasai_road,nalla_sopara,4.1,DOWN,91043,VR,12.0,,LOCAL,DAILY,Churchgate,Virar,01:48,01:53
WR,nalla_sopara,virar,4.0,DOWN,92227,VR,15.0,,LOCAL,DAILY,Churchgate,Virar,00:23,00:30
WR,nalla_sopara,virar,4.0,DOWN,92209,VR,15.0,,LOCAL,DAILY,Andheri,Virar,00:28,00:35
WR,nalla_sopara,virar,4.0,DOWN,91017,VR,12.0,,LOCAL,DAILY,Churchgate,Virar,00:47,00:53
WR,nalla_sopara,virar,4.0,DOWN,91025,VR,12.0,,LOCAL,DAILY,Churchgate,Virar,01:01,01:08
WR,nalla_sopara,virar,4.0,DOWN,91033,VR,12.0,,LOCAL,DAILY,Churchgate,Virar,01:33,01:40
WR,nalla_sopara,virar,4.0,DOWN,91043,VR,12.0,,LOCAL,DAILY,Churchgate,Virar,01:53,02:00
HR,mumbai_csmt_hr,masjid_hr,1.2,DOWN,98301,BR1,12.0,,LOCAL,DAILY,Mumbai CSMT,Belapur CBD,00:05,00:08
HR,mumbai_csmt_hr,masjid_hr,1.2,DOWN,98001,PL1,12.0,,LOCAL,DAILY,Mumbai CSMT,Panvel,00:13,00:16
HR,mumbai_csmt_hr,masjid_hr,1.2,DOWN,98801,B1,12.0,,LOCAL,DAILY,Mumbai CSMT,Bandra,00:17,00:20
HR,mumbai_csmt_hr,masjid_hr,1.2,DOWN,98573,V69,12.0,,AC,DAILY,Mumbai CSMT,Vashi,00:24,00:27
HR,mumbai_csmt_hr,masjid_hr,1.2,DOWN,98803,B3,12.0,,LOCAL,DAILY,Mumbai CSMT,Bandra,00:36,00:39
HR,mumbai_csmt_hr,masjid_hr,1.2,DOWN,98005,PL5,12.0,,LOCAL,DAILY,Mumbai CSMT,Panvel,00:40,00:43
HR,masjid_hr,sandhurst_rd_hr,0.6,DOWN,98575,V71,12.0,,LOCAL,DAILY,Mumbai CSMT,Vashi,00:00,00:03
HR,masjid_hr,sandhurst_rd_hr,0.6,DOWN,98301,BR1,12.0,,LOCAL,DAILY,Mumbai CSMT,Belapur CBD,00:08,00:11
HR,masjid_hr,sandhurst_rd_hr,0.6,DOWN,98001,PL1,12.0,,LOCAL,DAILY,Mumbai CSMT,Panvel,00:16,00:19
HR,masjid_hr,sandhurst_rd_hr,0.6,DOWN,98801,B1,12.0,,LOCAL,DAILY,Mumbai CSMT,Bandra,00:20,00:23
HR,masjid_hr,sandhurst_rd_hr,0.6,DOWN,98573,V69,12.0,,AC,DAILY,Mumbai CSMT,Vashi,00:27,00:30
HR,masjid_hr,sandhurst_rd_hr,0.6,DOWN,98803,B3,12.0,,LOCAL,DAILY,Mumbai CSMT,Bandra,00:39,00:42
HR,masjid_hr,sandhurst_rd_hr,0.6,DOWN,98005,PL5,12.0,,LOCAL,DAILY,Mumbai CSMT,Panvel,00:43,00:46
HR,sandhurst_rd_hr,dockyard_rd,1.2,DOWN,98575,V71,12.0,,LOCAL,DAILY,Mumbai CSMT,Vashi,00:03,00:05
HR,sandhurst_rd_hr,dockyard_rd,1.2,DOWN,98301,BR1,12.0,,LOCAL,DAILY,Mumbai CSMT,Belapur CBD,00:11,00:13
HR,sandhurst_rd_hr,dockyard_rd,1.2,DOWN,98001,PL1,12.0,,LOCAL,DAILY,Mumbai CSMT,Panvel,00:19,00:21
HR,sandhurst_rd_hr,dockyard_rd,1.2,DOWN,98801,B1,12.0,,LOCAL,DAILY,Mumbai CSMT,Bandra,00:23,00:25
HR,sandhurst_rd_hr,dockyard_rd,1.2,DOWN,98573,V69,12.0,,AC,DAILY,Mumbai CSMT,Vashi,00:30,00:32
HR,sandhurst_rd_hr,dockyard_rd,1.2,DOWN,98803,B3,12.0,,LOCAL,DAILY,Mumbai CSMT,Bandra,00:42,00:44
HR,sandhurst_rd_hr,dockyard_rd,1.2,DOWN,98005,PL5,12.0,,LOCAL,DAILY,Mumbai CSMT,Panvel,00:46,00:48
HR,dockyard_rd,reay_road,1.1,DOWN,98259,PL207,12.0,,LOCAL,DAILY,Mumbai CSMT,Panvel,00:00,00:02
HR,dockyard_rd,reay_road,1.1,DOWN,98575,V71,12.0,,LOCAL,DAILY,Mumbai CSMT,Vashi,00:05,00:07
HR,dockyard_rd,reay_road,1.1,DOWN,98301,BR1,12.0,,LOCAL,DAILY,Mumbai CSMT,Belapur CBD,00:13,00:15
HR,dockyard_rd,reay_road,1.1,DOWN,98001,PL1,12.0,,LOCAL,DAILY,Mumbai CSMT,Panvel,00:21,00:23
HR,dockyard_rd,reay_road,1.1,DOWN,98801,B1,12.0,,LOCAL,DAILY,Mumbai CSMT,Bandra,00:25,00:27
HR,dockyard_rd,reay_road,1.1,DOWN,98573,V69,12.0,,AC,DAILY,Mumbai CSMT,Vashi,00:32,00:34
HR,dockyard_rd,reay_road,1.1,DOWN,98803,B3,12.0,,LOCAL,DAILY,Mumbai CSMT,Bandra,00:44,00:46
HR,dockyard_rd,reay_road,1.1,DOWN,98005,PL5,12.0,,LOCAL,DAILY,Mumbai CSMT,Panvel,00:48,00:50
HR,reay_road,cotton_green,1.1,DOWN,98259,PL207,12.0,,LOCAL,DAILY,Mumbai CSMT,Panvel,00:02,00:04
HR,reay_road,cotton_green,1.1,DOWN,98575,V71,12.0,,LOCAL,DAILY,Mumbai CSMT,Vashi,00:07,00:09
HR,reay_road,cotton_green,1.1,DOWN,98301,BR1,12.0,,LOCAL,DAILY,Mumbai CSMT,Belapur CBD,00:15,00:17
HR,reay_road,cotton_green,1.1,DOWN,98001,PL1,12.0,,LOCAL,DAILY,Mumbai CSMT,Panvel,00:23,00:25
HR,reay_road,cotton_green,1.1,DOWN,98801,B1,12.0,,LOCAL,DAILY,Mumbai CSMT,Bandra,00:27,00:29
HR,reay_road,cotton_green,1.1,DOWN,98573,V69,12.0,,AC,DAILY,Mumbai CSMT,Vashi,00:34,00:36
HR,reay_road,cotton_green,1.1,DOWN,98803,B3,12.0,,LOCAL,DAILY,Mumbai CSMT,Bandra,00:46,00:48
HR,reay_road,cotton_green,1.1,DOWN,98005,PL5,12.0,,LOCAL,DAILY,Mumbai CSMT,Panvel,00:50,00:52
HR,cotton_green,sewri,1.9,DOWN,98259,PL207,12.0,,LOCAL,DAILY,Mumbai CSMT,Panvel,00:04,00:07
HR,cotton_green,sewri,1.9,DOWN,98575,V71,12.0,,LOCAL,DAILY,Mumbai CSMT,Vashi,00:09,00:12
HR,cotton_green,sewri,1.9,DOWN,98301,BR1,12.0,,LOCAL,DAILY,Mumbai CSMT,Belapur CBD,00:17,00:20
HR,cotton_green,sewri,1.9,DOWN,98001,PL1,12.0,,LOCAL,DAILY,Mumbai CSMT,Panvel,00:25,00:28
HR,cotton_green,sewri,1.9,DOWN,98801,B1,12.0,,LOCAL,DAILY,Mumbai CSMT,Bandra,00:29,00:32
HR,cotton_green,sewri,1.9,DOWN,98573,V69,12.0,,AC,DAILY,Mumbai CSMT,Vashi,00:36,00:39
HR,cotton_green,sewri,1.9,DOWN,98803,B3,12.0,,LOCAL,DAILY,Mumbai CSMT,Bandra,00:48,00:51
HR,cotton_green,sewri,1.9,DOWN,98005,PL5,12.0,,LOCAL,DAILY,Mumbai CSMT,Panvel,00:52,00:55
WR,virar,vaitarna,8.5,DOWN,93001,DRD,12.0,,LOCAL,DAILY,Virar,Dahanu Road,04:50,05:01
WR,virar,vaitarna,8.5,DOWN,93201,DRD,15.0,,LOCAL,DAILY,Virar,Dahanu Road,05:35,05:46
WR,virar,vaitarna,8.5,DOWN,93009,DRD,12.0,,LOCAL,DAILY,Churchgate,Dahanu Road,08:29,08:41
WR,virar,vaitarna,8.5,DOWN,93011,DRD,12.0,,LOCAL,DAILY,Churchgate,Dahanu Road,09:01,09:10
WR,virar,vaitarna,8.5,DOWN,93013,DRD,12.0,,LOCAL,DAILY,Virar,Dahanu Road,09:30,09:41
WR,virar,vaitarna,8.5,DOWN,93021,DRD,12.0,,LOCAL,DAILY,Virar,Dahanu Road,12:00,12:11
WR,virar,vaitarna,8.5,DOWN,93023,DRD,12.0,,LOCAL,DAILY,Virar,Dahanu Road,12:20,12:30
WR,virar,vaitarna,8.5,DOWN,93025,DRD,12.0,,LOCAL,DAILY,Virar,Dahanu Road,13:20,13:31
WR,virar,vaitarna,8.5,DOWN,93031,DRD,12.0,,LOCAL,DAILY,Churchgate,Dahanu Road,16:29,16:39
WR,virar,vaitarna,8.5,DOWN,93207,DRD,15.0,,LOCAL,DAILY,Virar,Dahanu Road,20:30,20:41
WR,virar,vaitarna,8.5,DOWN,93039,DRD,12.0,,LOCAL,DAILY,Virar,Dahanu Road,21:05,21:16
WR,virar,vaitarna,8.5,DOWN,93041,DRD,12.0,,LOCAL,DAILY,Churchgate,Dahanu Road,21:41,21:51
WR,vaitarna,saphale,8.0,DOWN,93001,DRD,12.0,,LOCAL,DAILY,Virar,Dahanu Road,05:01,05:09
WR,vaitarna,saphale,8.0,DOWN,93201,DRD,15.0,,LOCAL,DAILY,Virar,Dahanu Road,05:46,05:54
WR,vaitarna,saphale,8.0,DOWN,93009,DRD,12.0,,LOCAL,DAILY,Churchgate,Dahanu Road,08:41,08:49
WR,vaitarna,saphale,8.0,DOWN,93011,DRD,12.0,,LOCAL,DAILY,Churchgate,Dahanu Road,09:10,09:18
WR,vaitarna,saphale,8.0,DOWN,93013,DRD,12.0,,LOCAL,DAILY,Virar,Dahanu Road,09:41,09:49
WR,vaitarna,saphale,8.0,DOWN,93021,DRD,12.0,,LOCAL,DAILY,Virar,Dahanu Road,12:11,12:19
WR,vaitarna,saphale,8.0,DOWN,93023,DRD,12.0,,LOCAL,DAILY,Virar,Dahanu Road,12:30,12:38
WR,vaitarna,saphale,8.0,DOWN,93025,DRD,12.0,,LOCAL,DAILY,Virar,Dahanu Road,13:31,13:38
WR,vaitarna,saphale,8.0,DOWN,93031,DRD,12.0,,LOCAL,DAILY,Churchgate,Dahanu Road,16:39,16:47
WR,vaitarna,saphale,8.0,DOWN,93207,DRD,15.0,,LOCAL,DAILY,Virar,Dahanu Road,20:41,20:49
WR,vaitarna,saphale,8.0,DOWN,93039,DRD,12.0,,LOCAL,DAILY,Virar,Dahanu Road,21:16,21:24
WR,vaitarna,saphale,8.0,DOWN,93041,DRD,12.0,,LOCAL,DAILY,Churchgate,Dahanu Road,21:51,21:59
WR,saphale,kelve_road,7.1,DOWN,93001,DRD,12.0,,LOCAL,DAILY,Virar,Dahanu Road,05:09,05:16
WR,saphale,kelve_road,7.1,DOWN,93201,DRD,15.0,,LOCAL,DAILY,Virar,Dahanu Road,05:54,06:00
WR,saphale,kelve_road,7.1,DOWN,93009,DRD,12.0,,LOCAL,DAILY,Churchgate,Dahanu Road,08:49,08:55
WR,saphale,kelve_road,7.1,DOWN,93011,DRD,12.0,,LOCAL,DAILY,Churchgate,Dahanu Road,09:18,09:24
WR,saphale,kelve_road,7.1,DOWN,93013,DRD,12.0,,LOCAL,DAILY,Virar,Dahanu Road,09:49,09:56
WR,saphale,kelve_road,7.1,DOWN,93021,DRD,12.0,,LOCAL,DAILY,Virar,Dahanu Road,12:19,12:26
WR,saphale,kelve_road,7.1,DOWN,93023,DRD,12.0,,LOCAL,DAILY,Virar,Dahanu Road,12:38,12:44
WR,saphale,kelve_road,7.1,DOWN,93025,DRD,12.0,,LOCAL,DAILY,Virar,Dahanu Road,13:38,13:44
WR,saphale,kelve_road,7.1,DOWN,93029,DRD,12.0,,LOCAL,DAILY,Virar,Dahanu Road,16:05,16:11
WR,saphale,kelve_road,7.1,DOWN,93031,DRD,12.0,,LOCAL,DAILY,Churchgate,Dahanu Road,16:47,16:55
WR,saphale,kelve_road,7.1,DOWN,93207,DRD,15.0,,LOCAL,DAILY,Virar,Dahanu Road,20:49,20:55
WR,saphale,kelve_road,7.1,DOWN,93039,DRD,12.0,,LOCAL,DAILY,Virar,Dahanu Road,21:24,21:31
WR,saphale,kelve_road,7.1,DOWN,93041,DRD,12.0,,LOCAL,DAILY,Churchgate,Dahanu Road,21:59,22:06
WR,kelve_road,palghar,7.6,DOWN,93001,DRD,12.0,,LOCAL,DAILY,Virar,Dahanu Road,05:16,05:32
WR,kelve_road,palghar,7.6,DOWN,93201,DRD,15.0,,LOCAL,DAILY,Virar,Dahanu Road,06:00,06:08
WR,kelve_road,palghar,7.6,DOWN,93009,DRD,12.0,,LOCAL,DAILY,Churchgate,Dahanu Road,08:55,09:03
WR,kelve_road,palghar,7.6,DOWN,93011,DRD,12.0,,LOCAL,DAILY,Churchgate,Dahanu Road,09:24,09:32
WR,kelve_road,palghar,7.6,DOWN,93013,DRD,12.0,,LOCAL,DAILY,Virar,Dahanu Road,09:56,10:12
WR,kelve_road,palghar,7.6,DOWN,93021,DRD,12.0,,LOCAL,DAILY,Virar,Dahanu Road,12:26,12:40
WR,kelve_road,palghar,7.6,DOWN,93023,DRD,12.0,,LOCAL,DAILY,Virar,Dahanu Road,12:44,13:06
WR,kelve_road,palghar,7.6,DOWN,93025,DRD,12.0,,LOCAL,DAILY,Virar,Dahanu Road,13:44,13:52
WR,kelve_road,palghar,7.6,DOWN,93029,DRD,12.0,,LOCAL,DAILY,Virar,Dahanu Road,16:11,16:19
WR,kelve_road,palghar,7.6,DOWN,93031,DRD,12.0,,LOCAL,DAILY,Churchgate,Dahanu Road,16:55,17:18
WR,kelve_road,palghar,7.6,DOWN,93207,DRD,15.0,,LOCAL,DAILY,Virar,Dahanu Road,20:55,21:18
WR,kelve_road,palghar,7.6,DOWN,93039,DRD,12.0,,LOCAL,DAILY,Virar,Dahanu Road,21:31,21:40
WR,palghar,umroli,5.4,DOWN,93001,DRD,12.0,,LOCAL,DAILY,Virar,Dahanu Road,05:32,05:38
WR,palghar,umroli,5.4,DOWN,93009,DRD,12.0,,LOCAL,DAILY,Churchgate,Dahanu Road,09:03,09:10
WR,palghar,umroli,5.4,DOWN,93011,DRD,12.0,,LOCAL,DAILY,Churchgate,Dahanu Road,09:32,09:38
WR,palghar,umroli,5.4,DOWN,93021,DRD,12.0,,LOCAL,DAILY,Virar,Dahanu Road,12:40,12:46
WR,palghar,umroli,5.4,DOWN,93023,DRD,12.0,,LOCAL,DAILY,Virar,Dahanu Road,13:06,13:12
WR,palghar,umroli,5.4,DOWN,93025,DRD,12.0,,LOCAL,DAILY,Virar,Dahanu Road,13:52,13:57
WR,palghar,umroli,5.4,DOWN,93029,DRD,12.0,,LOCAL,DAILY,Virar,Dahanu Road,16:19,16:25
WR,palghar,umroli,5.4,DOWN,93031,DRD,12.0,,LOCAL,DAILY,Churchgate,Dahanu Road,17:18,17:24
WR,palghar,umroli,5.4,DOWN,93207,DRD,15.0,,LOCAL,DAILY,Virar,Dahanu Road,21:18,21:24
WR,palghar,umroli,5.4,DOWN,93039,DRD,12.0,,LOCAL,DAILY,Virar,Dahanu Road,21:40,21:46
WR,umroli,boisar,6.2,DOWN,93001,DRD,12.0,,LOCAL,DAILY,Virar,Dahanu Road,05:38,05:44
WR,umroli,boisar,6.2,DOWN,93009,DRD,12.0,,LOCAL,DAILY,Churchgate,Dahanu Road,09:10,09:16
WR,umroli,boisar,6.2,DOWN,93011,DRD,12.0,,LOCAL,DAILY,Churchgate,Dahanu Road,09:38,09:44
WR,umroli,boisar,6.2,DOWN,93203,DRD,15.0,,LOCAL,DAILY,Churchgate,Dahanu Road,12:05,12:11
WR,umroli,boisar,6.2,DOWN,93021,DRD,12.0,,LOCAL,DAILY,Virar,Dahanu Road,12:46,12:54
WR,umroli,boisar,6.2,DOWN,93023,DRD,12.0,,LOCAL,DAILY,Virar,Dahanu Road,13:12,13:19
WR,umroli,boisar,6.2,DOWN,93025,DRD,12.0,,LOCAL,DAILY,Virar,Dahanu Road,13:57,14:03
WR,umroli,boisar,6.2,DOWN,93029,DRD,12.0,,LOCAL,DAILY,Virar,Dahanu Road,16:25,16:32
WR,umroli,boisar,6.2,DOWN,93031,DRD,12.0,,LOCAL,DAILY,Churchgate,Dahanu Road,17:24,17:30
WR,umroli,boisar,6.2,DOWN,93207,DRD,15.0,,LOCAL,DAILY,Virar,Dahanu Road,21:24,21:30
WR,umroli,boisar,6.2,DOWN,93039,DRD,12.0,,LOCAL,DAILY,Virar,Dahanu Road,21:46,21:53
WR,boisar,vangaon_wr,9.0,DOWN,93001,DRD,12.0,,LOCAL,DAILY,Virar,Dahanu Road,05:44,05:52
WR,boisar,vangaon_wr,9.0,DOWN,93009,DRD,12.0,,LOCAL,DAILY,Churchgate,Dahanu Road,09:16,09:24
WR,boisar,vangaon_wr,9.0,DOWN,93011,DRD,12.0,,LOCAL,DAILY,Churchgate,Dahanu Road,09:44,09:52
WR,boisar,vangaon_wr,9.0,DOWN,93203,DRD,15.0,,LOCAL,DAILY,Churchgate,Dahanu Road,12:11,12:19
WR,boisar,vangaon_wr,9.0,DOWN,93021,DRD,12.0,,LOCAL,DAILY,Virar,Dahanu Road,12:54,13:16
WR,boisar,vangaon_wr,9.0,DOWN,93023,DRD,12.0,,LOCAL,DAILY,Virar,Dahanu Road,13:19,13:33
WR,boisar,vangaon_wr,9.0,DOWN,93029,DRD,12.0,,LOCAL,DAILY,Virar,Dahanu Road,16:32,16:52
WR,boisar,vangaon_wr,9.0,DOWN,93031,DRD,12.0,,LOCAL,DAILY,Churchgate,Dahanu Road,17:30,17:38
WR,boisar,vangaon_wr,9.0,DOWN,93207,DRD,15.0,,LOCAL,DAILY,Virar,Dahanu Road,21:30,21:38
WR,boisar,vangaon_wr,9.0,DOWN,93039,DRD,12.0,,LOCAL,DAILY,Virar,Dahanu Road,21:53,22:01
HR,sewri,vadala_road,2.0,DOWN,98787,GN87,12.0,,LOCAL,DAILY,Mumbai CSMT,Goregaon,00:01,00:04
HR,sewri,vadala_road,2.0,DOWN,98259,PL207,12.0,,LOCAL,DAILY,Mumbai CSMT,Panvel,00:07,00:10
HR,sewri,vadala_road,2.0,DOWN,98575,V71,12.0,,LOCAL,DAILY,Mumbai CSMT,Vashi,00:12,00:15
HR,sewri,vadala_road,2.0,DOWN,98301,BR1,12.0,,LOCAL,DAILY,Mumbai CSMT,Belapur CBD,00:20,00:23
HR,sewri,vadala_road,2.0,DOWN,98001,PL1,12.0,,LOCAL,DAILY,Mumbai CSMT,Panvel,00:28,00:31
HR,sewri,vadala_road,2.0,DOWN,98801,B1,12.0,,LOCAL,DAILY,Mumbai CSMT,Bandra,00:32,00:35
HR,sewri,vadala_road,2.0,DOWN,98573,V69,12.0,,AC,DAILY,Mumbai CSMT,Vashi,00:39,00:42
HR,sewri,vadala_road,2.0,DOWN,98803,B3,12.0,,LOCAL,DAILY,Mumbai CSMT,Bandra,00:51,00:54
HR,sewri,vadala_road,2.0,DOWN,98005,PL5,12.0,,LOCAL,DAILY,Mumbai CSMT,Panvel,00:55,00:58
HR,sewri,vadala_road,2.0,DOWN,98701,GN1,12.0,,LOCAL,DAILY,Mumbai CSMT,Goregaon,04:43,04:46
HR,sewri,vadala_road,2.0,DOWN,98007,PL7,12.0,,LOCAL,DAILY,Mumbai CSMT,Panvel,04:47,04:50
HR,sewri,vadala_road,2.0,DOWN,98011,PL9,12.0,,LOCAL,DAILY,Mumbai CSMT,Panvel,05:07,05:10
HR,sewri,vadala_road,2.0,DOWN,98703,GN3,12.0,,LOCAL,NOT_SUN,Mumbai CSMT,Goregaon,05:11,05:14
HR,sewri,vadala_road,2.0,DOWN,98013,PL11,12.0,,LOCAL,DAILY,Mumbai CSMT,Panvel,05:21,05:24
HR,sewri,vadala_road,2.0,DOWN,98705,GN5,12.0,,LOCAL,DAILY,Mumbai CSMT,Goregaon,05:25,05:28
HR,sewri,vadala_road,2.0,DOWN,98015,PL13,12.0,,LOCAL,DAILY,Mumbai CSMT,Panvel,05:33,05:36
HR,sewri,vadala_road,2.0,DOWN,98017,PL15,12.0,,LOCAL,DAILY,Mumbai CSMT,Panvel,05:37,05:40
HR,sewri,vadala_road,2.0,DOWN,98707,GN7,12.0,,LOCAL,DAILY,Mumbai CSMT,Goregaon,05:41,05:44
HR,sewri,vadala_road,2.0,DOWN,98019,PL17,12.0,,LOCAL,DAILY,Mumbai CSMT,Panvel,05:45,05:48
HR,sewri,vadala_road,2.0,DOWN,98805,B5,12.0,,LOCAL,DAILY,Mumbai CSMT,Bandra,05:48,05:51
HR,sewri,vadala_road,2.0,DOWN,98023,PL19,12.0,,LOCAL,DAILY,Mumbai CSMT,Panvel,05:58,06:01
HR,sewri,vadala_road,2.0,DOWN,98311,BR9,12.0,,LOCAL,DAILY,Mumbai CSMT,Belapur CBD,08:03,08:06
HR,sewri,vadala_road,2.0,DOWN,98815,B15,12.0,,LOCAL,DAILY,Mumbai CSMT,Bandra,08:06,08:09
HR,sewri,vadala_road,2.0,DOWN,98053,PL45,12.0,,LOCAL,DAILY,Mumbai CSMT,Panvel,08:11,08:14
HR,sewri,vadala_road,2.0,DOWN,98055,PL47,12.0,,LOCAL,NOT_SUN,Mumbai CSMT,Panvel,08:15,08:18
HR,sewri,vadala_road,2.0,DOWN,98719,GN19,12.0,,LOCAL,DAILY,Mumbai CSMT,Goregaon,08:19,08:22
HR,sewri,vadala_road,2.0,DOWN,98057,PL49,12.0,,LOCAL,DAILY,Mumbai CSMT,Panvel,08:23,08:26
HR,sewri,vadala_road,2.0,DOWN,98505,V3,12.0,,LOCAL,DAILY,Mumbai CSMT,Vashi,08:27,08:30
HR,sewri,vadala_road,2.0,DOWN,98817,B17,12.0,,LOCAL,DAILY,Mumbai CSMT,Bandra,08:31,08:34
HR,sewri,vadala_road,2.0,DOWN,98315,BR11,12.0,,LOCAL,DAILY,Mumbai CSMT,Belapur CBD,08:35,08:38
HR,sewri,vadala_road,2.0,DOWN,98061,PL51,12.0,,LOCAL,DAILY,Mumbai CSMT,Panvel,08:39,08:42
HR,sewri,vadala_road,2.0,DOWN,98819,B19,12.0,,LOCAL,DAILY,Mumbai CSMT,Bandra,08:44,08:48
HR,sewri,vadala_road,2.0,DOWN,98063,PL53,12.0,,LOCAL,DAILY,Mumbai CSMT,Panvel,08:48,08:52
HR,sewri,vadala_road,2.0,DOWN,98605,CM1,12.0,,LOCAL,DAILY,Mumbai CSMT,Chembur,08:52,08:55
HR,sewri,vadala_road,2.0,DOWN,98721,GN21,12.0,,LOCAL,DAILY,Mumbai CSMT,Goregaon,08:57,09:00
HR,sewri,vadala_road,2.0,DOWN,98507,V5,12.0,,LOCAL,DAILY,Mumbai CSMT,Vashi,09:01,09:04
HR,sewri,vadala_road,2.0,DOWN,98821,B21,12.0,,LOCAL,DAILY,Mumbai CSMT,Bandra,09:05,09:08
HR,sewri,vadala_road,2.0,DOWN,98067,PL55,12.0,,LOCAL,DAILY,Mumbai CSMT,Panvel,09:09,09:12
HR,sewri,vadala_road,2.0,DOWN,98317,BR13,12.0,,LOCAL,DAILY,Mumbai CSMT,Belapur CBD,09:13,09:16
HR,sewri,vadala_road,2.0,DOWN,98723,GN23,12.0,,LOCAL,DAILY,Mumbai CSMT,Goregaon,09:17,09:20
HR,sewri,vadala_road,2.0,DOWN,98069,PL57,12.0,,LOCAL,DAILY,Mumbai CSMT,Panvel,09:21,09:24
HR,sewri,vadala_road,2.0,DOWN,98509,V7,12.0,,LOCAL,DAILY,Mumbai CSMT,Vashi,09:25,09:28
HR,sewri,vadala_road,2.0,DOWN,98823,B23,12.0,,LOCAL,DAILY,Mumbai CSMT,Bandra,09:29,09:32
HR,sewri,vadala_road,2.0,DOWN,98071,PL59,12.0,,LOCAL,DAILY,Mumbai CSMT,Panvel,09:33,09:36
HR,sewri,vadala_road,2.0,DOWN,98511,V9,12.0,,LOCAL,NOT_SUN,Mumbai CSMT,Vashi,09:37,09:40
HR,sewri,vadala_road,2.0,DOWN,98725,GN25,12.0,,LOCAL,DAILY,Mumbai CSMT,Goregaon,09:41,09:44
HR,sewri,vadala_road,2.0,DOWN,98073,PL61,12.0,,LOCAL,DAILY,Mumbai CSMT,Panvel,09:45,09:48
HR,sewri,vadala_road,2.0,DOWN,98513,V11,12.0,,LOCAL,NOT_SUN,Mumbai CSMT,Vashi,09:49,09:52
HR,sewri,vadala_road,2.0,DOWN,98321,BR15,12.0,,LOCAL,NOT_SUN,Mumbai CSMT,Belapur CBD,09:53,09:56
HR,sewri,vadala_road,2.0,DOWN,98825,B25,12.0,,LOCAL,DAILY,Mumbai CSMT,Bandra,09:57,10:00
HR,sewri,vadala_road,2.0,DOWN,98077,PL63,12.0,,LOCAL,DAILY,Mumbai CSMT,Panvel,10:00,10:03
HR,sewri,vadala_road,2.0,DOWN,98735,GN35,12.0,,LOCAL,DAILY,Mumbai CSMT,Goregaon,12:03,12:06
HR,sewri,vadala_road,2.0,DOWN,98103,PL87,12.0,,LOCAL,DAILY,Mumbai CSMT,Panvel,12:07,12:10
HR,sewri,vadala_road,2.0,DOWN,98105,PL89,12.0,,LOCAL,NOT_SUN,Mumbai CSMT,Panvel,12:11,12:14
HR,sewri,vadala_road,2.0,DOWN,98835,B35,12.0,,LOCAL,DAILY,Mumbai CSMT,Bandra,12:15,12:18
HR,sewri,vadala_road,2.0,DOWN,98109,PL91,12.0,,LOCAL,DAILY,Mumbai CSMT,Panvel,12:23,12:26
HR,sewri,vadala_road,2.0,DOWN,98737,GN37,12.0,,LOCAL,DAILY,Mumbai CSMT,Goregaon,12:27,12:30
HR,sewri,vadala_road,2.0,DOWN,98111,PL93,12.0,,LOCAL,NOT_SUN,Mumbai CSMT,Panvel,12:32,12:35
HR,sewri,vadala_road,2.0,DOWN,98837,B37,12.0,,LOCAL,DAILY,Mumbai CSMT,Bandra,12:36,12:39
HR,sewri,vadala_road,2.0,DOWN,98335,BR25,12.0,,LOCAL,DAILY,Mumbai CSMT,Belapur CBD,12:40,12:43
HR,sewri,vadala_road,2.0,DOWN,98113,PL95,12.0,,LOCAL,DAILY,Mumbai CSMT,Panvel,12:44,12:47
HR,sewri,vadala_road,2.0,DOWN,91393,WGN1,12.0,,LOCAL,NOT_SUN,Mumbai CSMT,Goregaon,12:50,12:53
HR,sewri,vadala_road,2.0,DOWN,98337,BR27,12.0,,LOCAL,DAILY,Mumbai CSMT,Belapur CBD,12:54,12:57
HR,sewri,vadala_road,2.0,DOWN,98839,B39,12.0,,LOCAL,DAILY,Mumbai CSMT,Bandra,13:02,13:05
HR,sewri,vadala_road,2.0,DOWN,98117,PL97,12.0,,LOCAL,DAILY,Mumbai CSMT,Panvel,13:06,13:09
HR,sewri,vadala_road,2.0,DOWN,98527,V25,12.0,,LOCAL,NOT_SUN,Mumbai CSMT,Vashi,13:10,13:13
HR,sewri,vadala_road,2.0,DOWN,98739,GN39,12.0,,LOCAL,DAILY,Mumbai CSMT,Goregaon,13:13,13:17
HR,sewri,vadala_road,2.0,DOWN,98121,PL99,12.0,,LOCAL,DAILY,Mumbai CSMT,Panvel,13:18,13:21
HR,sewri,vadala_road,2.0,DOWN,98339,BR29,12.0,,AC,DAILY,Mumbai CSMT,Belapur CBD,13:22,13:25
HR,sewri,vadala_road,2.0,DOWN,98841,B41,12.0,,LOCAL,DAILY,Mumbai CSMT,Bandra,13:26,13:29
HR,sewri,vadala_road,2.0,DOWN,98123,PL101,12.0,,LOCAL,DAILY,Mumbai CSMT,Panvel,13:30,13:33
HR,sewri,vadala_road,2.0,DOWN,98125,PL103,12.0,,LOCAL,DAILY,Mumbai CSMT,Panvel,13:34,13:37
HR,sewri,vadala_road,2.0,DOWN,98741,GN41,12.0,,LOCAL,DAILY,Mumbai CSMT,Goregaon,13:41,13:44
HR,sewri,vadala_road,2.0,DOWN,98127,PL105,12.0,,LOCAL,DAILY,Mumbai CSMT,Panvel,13:45,13:48
HR,sewri,vadala_road,2.0,DOWN,98529,V27,12.0,,LOCAL,DAILY,Mumbai CSMT,Vashi,13:49,13:52
HR,sewri,vadala_road,2.0,DOWN,98843,B43,12.0,,LOCAL,DAILY,Mumbai CSMT,Bandra,13:53,13:56
HR,sewri,vadala_road,2.0,DOWN,98751,GN51,12.0,,LOCAL,DAILY,Mumbai CSMT,Goregaon,16:03,16:06
HR,sewri,vadala_road,2.0,DOWN,98533,V29,12.0,,AC,DAILY,Mumbai CSMT,Vashi,16:09,16:12
HR,sewri,vadala_road,2.0,DOWN,98163,PL135,12.0,,LOCAL,DAILY,Mumbai CSMT,Panvel,16:15,16:18
HR,sewri,vadala_road,2.0,DOWN,98853,B53,12.0,,LOCAL,NOT_SUN,Mumbai CSMT,Bandra,16:19,16:22
HR,sewri,vadala_road,2.0,DOWN,98165,PL137,12.0,,LOCAL,DAILY,Mumbai CSMT,Panvel,16:23,16:26
HR,sewri,vadala_road,2.0,DOWN,98535,V31,12.0,,LOCAL,NOT_SUN,Mumbai CSMT,Vashi,16:27,16:30
HR,sewri,vadala_road,2.0,DOWN,98753,GN53,12.0,,LOCAL,DAILY,Mumbai CSMT,Goregaon,16:31,16:34
HR,sewri,vadala_road,2.0,DOWN,98169,PL139,12.0,,LOCAL,DAILY,Mumbai CSMT,Panvel,16:38,16:41
HR,sewri,vadala_road,2.0,DOWN,98347,BR35,12.0,,LOCAL,NOT_SUN,Mumbai CSMT,Belapur CBD,16:42,16:45
HR,sewri,vadala_road,2.0,DOWN,98855,B55,12.0,,LOCAL,DAILY,Mumbai CSMT,Bandra,16:46,16:49
HR,sewri,vadala_road,2.0,DOWN,98171,PL141,12.0,,LOCAL,DAILY,Mumbai CSMT,Panvel,16:50,16:53
HR,sewri,vadala_road,2.0,DOWN,98349,BR37,12.0,,LOCAL,DAILY,Mumbai CSMT,Belapur CBD,16:54,16:57
HR,sewri,vadala_road,2.0,DOWN,98755,GN55,12.0,,LOCAL,DAILY,Mumbai CSMT,Goregaon,16:58,17:01
HR,sewri,vadala_road,2.0,DOWN,98537,V33,12.0,,LOCAL,DAILY,Mumbai CSMT,Vashi,17:02,17:05
HR,sewri,vadala_road,2.0,DOWN,98175,PL143,12.0,,LOCAL,DAILY,Mumbai CSMT,Panvel,17:06,17:09
HR,sewri,vadala_road,2.0,DOWN,98857,B57,12.0,,LOCAL,DAILY,Mumbai CSMT,Bandra,17:11,17:14
HR,sewri,vadala_road,2.0,DOWN,98351,BR39,12.0,,LOCAL,DAILY,Mumbai CSMT,Belapur CBD,17:15,17:18
HR,sewri,vadala_road,2.0,DOWN,98539,V35,12.0,,LOCAL,NOT_SUN,Mumbai CSMT,Vashi,17:19,17:22
HR,sewri,vadala_road,2.0,DOWN,98179,PL145,12.0,,LOCAL,DAILY,Mumbai CSMT,Panvel,17:23,17:26
HR,sewri,vadala_road,2.0,DOWN,98757,GN57,12.0,,LOCAL,DAILY,Mumbai CSMT,Goregaon,17:27,17:30
HR,sewri,vadala_road,2.0,DOWN,98353,BR41,12.0,,LOCAL,NOT_SUN,Mumbai CSMT,Belapur CBD,17:31,17:34
HR,sewri,vadala_road,2.0,DOWN,98183,PL147,12.0,,LOCAL,DAILY,Mumbai CSMT,Panvel,17:35,17:38
HR,sewri,vadala_road,2.0,DOWN,98541,V37,12.0,,LOCAL,NOT_SUN,Mumbai CSMT,Vashi,17:41,17:44
HR,sewri,vadala_road,2.0,DOWN,98859,B59,12.0,,LOCAL,DAILY,Mumbai CSMT,Bandra,17:44,17:47
HR,sewri,vadala_road,2.0,DOWN,98185,PL149,12.0,,LOCAL,DAILY,Mumbai CSMT,Panvel,17:48,17:51
HR,sewri,vadala_road,2.0,DOWN,98759,GN59,12.0,,LOCAL,NOT_SUN,Mumbai CSMT,Goregaon,17:52,17:55
HR,sewri,vadala_road,2.0,DOWN,98543,V39,12.0,,LOCAL,DAILY,Mumbai CSMT,Vashi,17:56,17:59
HR,sewri,vadala_road,2.0,DOWN,98189,PL151,12.0,,LOCAL,DAILY,Mumbai CSMT,Panvel,18:00,18:03
HR,sewri,vadala_road,2.0,DOWN,98217,PL173,12.0,,LOCAL,DAILY,Mumbai CSMT,Panvel,20:03,20:06
HR,sewri,vadala_road,2.0,DOWN,98365,BR51,12.0,,LOCAL,NOT_SUN,Mumbai CSMT,Belapur CBD,20:07,20:10
HR,sewri,vadala_road,2.0,DOWN,98869,B69,12.0,,LOCAL,DAILY,Mumbai CSMT,Bandra,20:11,20:14
HR,sewri,vadala_road,2.0,DOWN,98221,PL175,12.0,,AC,DAILY,Mumbai CSMT,Panvel,20:15,20:18
HR,sewri,vadala_road,2.0,DOWN,98555,V51,12.0,,LOCAL,DAILY,Mumbai CSMT,Vashi,20:19,20:22
HR,sewri,vadala_road,2.0,DOWN,98771,GN71,12.0,,LOCAL,DAILY,Mumbai CSMT,Goregaon,20:23,20:26
HR,sewri,vadala_road,2.0,DOWN,98223,PL177,12.0,,LOCAL,DAILY,Mumbai CSMT,Panvel,20:31,20:34
HR,sewri,vadala_road,2.0,DOWN,98871,B71,12.0,,LOCAL,DAILY,Mumbai CSMT,Bandra,20:35,20:38
HR,sewri,vadala_road,2.0,DOWN,98367,BR53,12.0,,LOCAL,DAILY,Mumbai CSMT,Belapur CBD,20:43,20:46
HR,sewri,vadala_road,2.0,DOWN,98225,PL179,12.0,,LOCAL,DAILY,Mumbai CSMT,Panvel,20:47,20:50
HR,sewri,vadala_road,2.0,DOWN,98773,GN73,12.0,,LOCAL,DAILY,Mumbai CSMT,Goregaon,20:51,20:54
HR,sewri,vadala_road,2.0,DOWN,98557,V53,12.0,,LOCAL,NOT_SUN,Mumbai CSMT,Vashi,20:55,20:58
HR,sewri,vadala_road,2.0,DOWN,91491,WBO1,12.0,,LOCAL,DAILY,Mumbai CSMT,Tilaknagar,21:00,21:03
HR,sewri,vadala_road,2.0,DOWN,98229,PL181,12.0,,LOCAL,DAILY,Mumbai CSMT,Panvel,21:04,21:07
HR,sewri,vadala_road,2.0,DOWN,98873,B73,12.0,,LOCAL,DAILY,Mumbai CSMT,Bandra,21:09,21:12
HR,sewri,vadala_road,2.0,DOWN,98233,PL183,12.0,,LOCAL,DAILY,Mumbai CSMT,Panvel,21:17,21:20
HR,sewri,vadala_road,2.0,DOWN,98559,V55,12.0,,LOCAL,NOT_SUN,Mumbai CSMT,Vashi,21:21,21:24
HR,sewri,vadala_road,2.0,DOWN,98775,GN75,12.0,,LOCAL,DAILY,Mumbai CSMT,Goregaon,21:25,21:28
HR,sewri,vadala_road,2.0,DOWN,98235,PL185,12.0,,LOCAL,DAILY,Mumbai CSMT,Panvel,21:29,21:32
HR,sewri,vadala_road,2.0,DOWN,98369,BR55,12.0,,LOCAL,DAILY,Mumbai CSMT,Belapur CBD,21:33,21:36
HR,sewri,vadala_road,2.0,DOWN,98875,B75,12.0,,LOCAL,DAILY,Mumbai CSMT,Bandra,21:37,21:40
HR,sewri,vadala_road,2.0,DOWN,98561,V57,12.0,,LOCAL,NOT_SUN,Mumbai CSMT,Vashi,21:41,21:44
HR,sewri,vadala_road,2.0,DOWN,98239,PL187,12.0,,AC,DAILY,Mumbai CSMT,Panvel,21:45,21:48
HR,sewri,vadala_road,2.0,DOWN,98777,GN77,12.0,,LOCAL,DAILY,Mumbai CSMT,Goregaon,21:49,21:52
HR,sewri,vadala_road,2.0,DOWN,98371,BR57,12.0,,LOCAL,NOT_SUN,Mumbai CSMT,Belapur CBD,21:53,21:56
HR,sewri,vadala_road,2.0,DOWN,98241,PL189,12.0,,LOCAL,DAILY,Mumbai CSMT,Panvel,21:57,22:00
HR,vadala_road,kings_circle,1.7,DOWN,98787,GN87,12.0,,LOCAL,DAILY,Mumbai CSMT,Goregaon,00:04,00:08
HR,vadala_road,kings_circle,1.7,DOWN,98801,B1,12.0,,LOCAL,DAILY,Mumbai CSMT,Bandra,00:35,00:39
HR,vadala_road,kings_circle,1.7,DOWN,98803,B3,12.0,,LOCAL,DAILY,Mumbai CSMT,Bandra,00:54,00:58
HR,vadala_road,kings_circle,1.7,DOWN,98701,GN1,12.0,,LOCAL,DAILY,Mumbai CSMT,Goregaon,04:46,04:50
HR,vadala_road,kings_circle,1.7,DOWN,98703,GN3,12.0,,LOCAL,NOT_SUN,Mumbai CSMT,Goregaon,05:14,05:18
HR,vadala_road,kings_circle,1.7,DOWN,98705,GN5,12.0,,LOCAL,DAILY,Mumbai CSMT,Goregaon,05:28,05:32
HR,vadala_road,kings_circle,1.7,DOWN,98707,GN7,12.0,,LOCAL,DAILY,Mumbai CSMT,Goregaon,05:44,05:48
HR,vadala_road,kings_circle,1.7,DOWN,98805,B5,12.0,,LOCAL,DAILY,Mumbai CSMT,Bandra,05:51,05:55
HR,vadala_road,kings_circle,1.7,DOWN,98815,B15,12.0,,LOCAL,DAILY,Mumbai CSMT,Bandra,08:09,08:13
HR,vadala_road,kings_circle,1.7,DOWN,98719,GN19,12.0,,LOCAL,DAILY,Mumbai CSMT,Goregaon,08:22,08:26
HR,vadala_road,kings_circle,1.7,DOWN,98817,B17,12.0,,LOCAL,DAILY,Mumbai CSMT,Bandra,08:34,08:38
HR,vadala_road,kings_circle,1.7,DOWN,98819,B19,12.0,,LOCAL,DAILY,Mumbai CSMT,Bandra,08:48,08:53
HR,vadala_road,kings_circle,1.7,DOWN,98721,GN21,12.0,,LOCAL,DAILY,Mumbai CSMT,Goregaon,09:00,09:04
HR,vadala_road,kings_circle,1.7,DOWN,98821,B21,12.0,,LOCAL,DAILY,Mumbai CSMT,Bandra,09:08,09:12
HR,vadala_road,kings_circle,1.7,DOWN,98723,GN23,12.0,,LOCAL,DAILY,Mumbai CSMT,Goregaon,09:20,09:24
HR,vadala_road,kings_circle,1.7,DOWN,98823,B23,12.0,,LOCAL,DAILY,Mumbai CSMT,Bandra,09:32,09:36
HR,vadala_road,kings_circle,1.7,DOWN,98725,GN25,12.0,,LOCAL,DAILY,Mumbai CSMT,Goregaon,09:44,09:48
HR,vadala_road,kings_circle,1.7,DOWN,98825,B25,12.0,,LOCAL,DAILY,Mumbai CSMT,Bandra,10:00,10:04
HR,vadala_road,kings_circle,1.7,DOWN,98735,GN35,12.0,,LOCAL,DAILY,Mumbai CSMT,Goregaon,12:06,12:10
HR,vadala_road,kings_circle,1.7,DOWN,98835,B35,12.0,,LOCAL,DAILY,Mumbai CSMT,Bandra,12:18,12:22
HR,vadala_road,kings_circle,1.7,DOWN,98737,GN37,12.0,,LOCAL,DAILY,Mumbai CSMT,Goregaon,12:30,12:34
HR,vadala_road,kings_circle,1.7,DOWN,98837,B37,12.0,,LOCAL,DAILY,Mumbai CSMT,Bandra,12:39,12:43
HR,vadala_road,kings_circle,1.7,DOWN,91393,WGN1,12.0,,LOCAL,NOT_SUN,Mumbai CSMT,Goregaon,12:53,12:57
HR,vadala_road,kings_circle,1.7,DOWN,98839,B39,12.0,,LOCAL,DAILY,Mumbai CSMT,Bandra,13:05,13:09
HR,vadala_road,kings_circle,1.7,DOWN,98739,GN39,12.0,,LOCAL,DAILY,Mumbai CSMT,Goregaon,13:17,13:21
HR,vadala_road,kings_circle,1.7,DOWN,98841,B41,12.0,,LOCAL,DAILY,Mumbai CSMT,Bandra,13:29,13:33
HR,vadala_road,kings_circle,1.7,DOWN,98741,GN41,12.0,,LOCAL,DAILY,Mumbai CSMT,Goregaon,13:44,13:48
HR,vadala_road,kings_circle,1.7,DOWN,98843,B43,12.0,,LOCAL,DAILY,Mumbai CSMT,Bandra,13:56,14:00
HR,vadala_road,kings_circle,1.7,DOWN,98751,GN51,12.0,,LOCAL,DAILY,Mumbai CSMT,Goregaon,16:06,16:10
HR,vadala_road,kings_circle,1.7,DOWN,98853,B53,12.0,,LOCAL,NOT_SUN,Mumbai CSMT,Bandra,16:22,16:26
HR,vadala_road,kings_circle,1.7,DOWN,98753,GN53,12.0,,LOCAL,DAILY,Mumbai CSMT,Goregaon,16:34,16:38
HR,vadala_road,kings_circle,1.7,DOWN,98855,B55,12.0,,LOCAL,DAILY,Mumbai CSMT,Bandra,16:49,16:53
HR,vadala_road,kings_circle,1.7,DOWN,98755,GN55,12.0,,LOCAL,DAILY,Mumbai CSMT,Goregaon,17:01,17:05
HR,vadala_road,kings_circle,1.7,DOWN,98857,B57,12.0,,LOCAL,DAILY,Mumbai CSMT,Bandra,17:14,17:18
HR,vadala_road,kings_circle,1.7,DOWN,98757,GN57,12.0,,LOCAL,DAILY,Mumbai CSMT,Goregaon,17:30,17:34
HR,vadala_road,kings_circle,1.7,DOWN,98859,B59,12.0,,LOCAL,DAILY,Mumbai CSMT,Bandra,17:47,17:51
HR,vadala_road,kings_circle,1.7,DOWN,98759,GN59,12.0,,LOCAL,NOT_SUN,Mumbai CSMT,Goregaon,17:55,18:00
HR,vadala_road,kings_circle,1.7,DOWN,98869,B69,12.0,,LOCAL,DAILY,Mumbai CSMT,Bandra,20:14,20:18
HR,vadala_road,kings_circle,1.7,DOWN,98771,GN71,12.0,,LOCAL,DAILY,Mumbai CSMT,Goregaon,20:26,20:31
HR,vadala_road,kings_circle,1.7,DOWN,98871,B71,12.0,,LOCAL,DAILY,Mumbai CSMT,Bandra,20:38,20:42
HR,vadala_road,kings_circle,1.7,DOWN,98773,GN73,12.0,,LOCAL,DAILY,Mumbai CSMT,Goregaon,20:54,20:59
HR,vadala_road,kings_circle,1.7,DOWN,91491,WBO1,12.0,,LOCAL,DAILY,Mumbai CSMT,Tilaknagar,21:03,21:07
HR,vadala_road,kings_circle,1.7,DOWN,98873,B73,12.0,,LOCAL,DAILY,Mumbai CSMT,Bandra,21:12,21:16
HR,vadala_road,kings_circle,1.7,DOWN,98775,GN75,12.0,,LOCAL,DAILY,Mumbai CSMT,Goregaon,21:28,21:33
HR,vadala_road,kings_circle,1.7,DOWN,98875,B75,12.0,,LOCAL,DAILY,Mumbai CSMT,Bandra,21:40,21:44
HR,vadala_road,kings_circle,1.7,DOWN,98777,GN77,12.0,,LOCAL,DAILY,Mumbai CSMT,Goregaon,21:52,21:57
HR,kings_circle,mahim_jn_hr,1.7,DOWN,98885,B85,12.0,,LOCAL,DAILY,Mumbai CSMT,Bandra,00:00,00:02
HR,kings_circle,mahim_jn_hr,1.7,DOWN,98787,GN87,12.0,,LOCAL,DAILY,Mumbai CSMT,Goregaon,00:08,00:11
HR,kings_circle,mahim_jn_hr,1.7,DOWN,98801,B1,12.0,,LOCAL,DAILY,Mumbai CSMT,Bandra,00:39,00:41
HR,kings_circle,mahim_jn_hr,1.7,DOWN,98803,B3,12.0,,LOCAL,DAILY,Mumbai CSMT,Bandra,00:58,01:00
HR,kings_circle,mahim_jn_hr,1.7,DOWN,98701,GN1,12.0,,LOCAL,DAILY,Mumbai CSMT,Goregaon,04:50,04:53
HR,kings_circle,mahim_jn_hr,1.7,DOWN,98703,GN3,12.0,,LOCAL,NOT_SUN,Mumbai CSMT,Goregaon,05:18,05:21
HR,kings_circle,mahim_jn_hr,1.7,DOWN,98705,GN5,12.0,,LOCAL,DAILY,Mumbai CSMT,Goregaon,05:32,05:35
HR,kings_circle,mahim_jn_hr,1.7,DOWN,98707,GN7,12.0,,LOCAL,DAILY,Mumbai CSMT,Goregaon,05:48,05:51
HR,kings_circle,mahim_jn_hr,1.7,DOWN,98805,B5,12.0,,LOCAL,DAILY,Mumbai CSMT,Bandra,05:55,05:58
HR,kings_circle,mahim_jn_hr,1.7,DOWN,98815,B15,12.0,,LOCAL,DAILY,Mumbai CSMT,Bandra,08:13,08:16
HR,kings_circle,mahim_jn_hr,1.7,DOWN,98719,GN19,12.0,,LOCAL,DAILY,Mumbai CSMT,Goregaon,08:26,08:29
HR,kings_circle,mahim_jn_hr,1.7,DOWN,98817,B17,12.0,,LOCAL,DAILY,Mumbai CSMT,Bandra,08:38,08:41
HR,kings_circle,mahim_jn_hr,1.7,DOWN,98819,B19,12.0,,LOCAL,DAILY,Mumbai CSMT,Bandra,08:53,08:56
HR,kings_circle,mahim_jn_hr,1.7,DOWN,98721,GN21,12.0,,LOCAL,DAILY,Mumbai CSMT,Goregaon,09:04,09:08
HR,kings_circle,mahim_jn_hr,1.7,DOWN,98821,B21,12.0,,LOCAL,DAILY,Mumbai CSMT,Bandra,09:12,09:15
HR,kings_circle,mahim_jn_hr,1.7,DOWN,98723,GN23,12.0,,LOCAL,DAILY,Mumbai CSMT,Goregaon,09:24,09:27
HR,kings_circle,mahim_jn_hr,1.7,DOWN,98823,B23,12.0,,LOCAL,DAILY,Mumbai CSMT,Bandra,09:36,09:39
HR,kings_circle,mahim_jn_hr,1.7,DOWN,98725,GN25,12.0,,LOCAL,DAILY,Mumbai CSMT,Goregaon,09:48,09:51
HR,kings_circle,mahim_jn_hr,1.7,DOWN,98735,GN35,12.0,,LOCAL,DAILY,Mumbai CSMT,Goregaon,12:10,12:13
HR,kings_circle,mahim_jn_hr,1.7,DOWN,98835,B35,12.0,,LOCAL,DAILY,Mumbai CSMT,Bandra,12:22,12:24
HR,kings_circle,mahim_jn_hr,1.7,DOWN,98737,GN37,12.0,,LOCAL,DAILY,Mumbai CSMT,Goregaon,12:34,12:37
HR,kings_circle,mahim_jn_hr,1.7,DOWN,98837,B37,12.0,,LOCAL,DAILY,Mumbai CSMT,Bandra,12:43,12:46
HR,kings_circle,mahim_jn_hr,1.7,DOWN,91393,WGN1,12.0,,LOCAL,NOT_SUN,Mumbai CSMT,Goregaon,12:57,13:00
HR,kings_circle,mahim_jn_hr,1.7,DOWN,98839,B39,12.0,,LOCAL,DAILY,Mumbai CSMT,Bandra,13:09,13:12
HR,kings_circle,mahim_jn_hr,1.7,DOWN,98739,GN39,12.0,,LOCAL,DAILY,Mumbai CSMT,Goregaon,13:21,13:24
HR,kings_circle,mahim_jn_hr,1.7,DOWN,98841,B41,12.0,,LOCAL,DAILY,Mumbai CSMT,Bandra,13:33,13:36
HR,kings_circle,mahim_jn_hr,1.7,DOWN,98741,GN41,12.0,,LOCAL,DAILY,Mumbai CSMT,Goregaon,13:48,13:51
HR,kings_circle,mahim_jn_hr,1.7,DOWN,98843,B43,12.0,,LOCAL,DAILY,Mumbai CSMT,Bandra,14:00,14:03
HR,kings_circle,mahim_jn_hr,1.7,DOWN,98751,GN51,12.0,,LOCAL,DAILY,Mumbai CSMT,Goregaon,16:10,16:13
HR,kings_circle,mahim_jn_hr,1.7,DOWN,98853,B53,12.0,,LOCAL,NOT_SUN,Mumbai CSMT,Bandra,16:26,16:29
HR,kings_circle,mahim_jn_hr,1.7,DOWN,98753,GN53,12.0,,LOCAL,DAILY,Mumbai CSMT,Goregaon,16:38,16:41
HR,kings_circle,mahim_jn_hr,1.7,DOWN,98855,B55,12.0,,LOCAL,DAILY,Mumbai CSMT,Bandra,16:53,16:55
HR,kings_circle,mahim_jn_hr,1.7,DOWN,98755,GN55,12.0,,LOCAL,DAILY,Mumbai CSMT,Goregaon,17:05,17:08
HR,kings_circle,mahim_jn_hr,1.7,DOWN,98857,B57,12.0,,LOCAL,DAILY,Mumbai CSMT,Bandra,17:18,17:20
HR,kings_circle,mahim_jn_hr,1.7,DOWN,98757,GN57,12.0,,LOCAL,DAILY,Mumbai CSMT,Goregaon,17:34,17:37
HR,kings_circle,mahim_jn_hr,1.7,DOWN,98859,B59,12.0,,LOCAL,DAILY,Mumbai CSMT,Bandra,17:51,17:53
HR,kings_circle,mahim_jn_hr,1.7,DOWN,98759,GN59,12.0,,LOCAL,NOT_SUN,Mumbai CSMT,Goregaon,18:00,18:02
HR,kings_circle,mahim_jn_hr,1.7,DOWN,98769,GN69,12.0,,LOCAL,DAILY,Mumbai CSMT,Goregaon,20:03,20:05
HR,kings_circle,mahim_jn_hr,1.7,DOWN,98869,B69,12.0,,LOCAL,DAILY,Mumbai CSMT,Bandra,20:18,20:20
HR,kings_circle,mahim_jn_hr,1.7,DOWN,98771,GN71,12.0,,LOCAL,DAILY,Mumbai CSMT,Goregaon,20:31,20:33
HR,kings_circle,mahim_jn_hr,1.7,DOWN,98871,B71,12.0,,LOCAL,DAILY,Mumbai CSMT,Bandra,20:42,20:44
HR,kings_circle,mahim_jn_hr,1.7,DOWN,98773,GN73,12.0,,LOCAL,DAILY,Mumbai CSMT,Goregaon,20:59,21:01
HR,kings_circle,mahim_jn_hr,1.7,DOWN,91491,WBO1,12.0,,LOCAL,DAILY,Mumbai CSMT,Tilaknagar,21:07,21:09
HR,kings_circle,mahim_jn_hr,1.7,DOWN,98873,B73,12.0,,LOCAL,DAILY,Mumbai CSMT,Bandra,21:16,21:18
HR,kings_circle,mahim_jn_hr,1.7,DOWN,98775,GN75,12.0,,LOCAL,DAILY,Mumbai CSMT,Goregaon,21:33,21:35
HR,kings_circle,mahim_jn_hr,1.7,DOWN,98875,B75,12.0,,LOCAL,DAILY,Mumbai CSMT,Bandra,21:44,21:46
HR,kings_circle,mahim_jn_hr,1.7,DOWN,98777,GN77,12.0,,LOCAL,DAILY,Mumbai CSMT,Goregaon,21:57,21:59
HR,mahim_jn_hr,bandra_hr,1.6,DOWN,98885,B85,12.0,,LOCAL,DAILY,Mumbai CSMT,Bandra,00:02,00:07
HR,mahim_jn_hr,bandra_hr,1.6,DOWN,98787,GN87,12.0,,LOCAL,DAILY,Mumbai CSMT,Goregaon,00:11,00:15
HR,mahim_jn_hr,bandra_hr,1.6,DOWN,98801,B1,12.0,,LOCAL,DAILY,Mumbai CSMT,Bandra,00:41,00:45
HR,mahim_jn_hr,bandra_hr,1.6,DOWN,98803,B3,12.0,,LOCAL,DAILY,Mumbai CSMT,Bandra,01:00,01:04
HR,mahim_jn_hr,bandra_hr,1.6,DOWN,98701,GN1,12.0,,LOCAL,DAILY,Mumbai CSMT,Goregaon,04:53,04:57
HR,mahim_jn_hr,bandra_hr,1.6,DOWN,98703,GN3,12.0,,LOCAL,NOT_SUN,Mumbai CSMT,Goregaon,05:21,05:25
HR,mahim_jn_hr,bandra_hr,1.6,DOWN,98705,GN5,12.0,,LOCAL,DAILY,Mumbai CSMT,Goregaon,05:35,05:39
HR,mahim_jn_hr,bandra_hr,1.6,DOWN,98707,GN7,12.0,,LOCAL,DAILY,Mumbai CSMT,Goregaon,05:51,05:55
HR,mahim_jn_hr,bandra_hr,1.6,DOWN,98805,B5,12.0,,LOCAL,DAILY,Mumbai CSMT,Bandra,05:58,06:02
HR,mahim_jn_hr,bandra_hr,1.6,DOWN,98717,GN17,12.0,,LOCAL,DAILY,Mumbai CSMT,Goregaon,08:01,08:05
HR,mahim_jn_hr,bandra_hr,1.6,DOWN,98815,B15,12.0,,LOCAL,DAILY,Mumbai CSMT,Bandra,08:16,08:20
HR,mahim_jn_hr,bandra_hr,1.6,DOWN,98719,GN19,12.0,,LOCAL,DAILY,Mumbai CSMT,Goregaon,08:29,08:33
HR,mahim_jn_hr,bandra_hr,1.6,DOWN,98817,B17,12.0,,LOCAL,DAILY,Mumbai CSMT,Bandra,08:41,08:45
HR,mahim_jn_hr,bandra_hr,1.6,DOWN,98819,B19,12.0,,LOCAL,DAILY,Mumbai CSMT,Bandra,08:56,09:00
HR,mahim_jn_hr,bandra_hr,1.6,DOWN,98721,GN21,12.0,,LOCAL,DAILY,Mumbai CSMT,Goregaon,09:08,09:12
HR,mahim_jn_hr,bandra_hr,1.6,DOWN,98821,B21,12.0,,LOCAL,DAILY,Mumbai CSMT,Bandra,09:15,09:19
HR,mahim_jn_hr,bandra_hr,1.6,DOWN,98723,GN23,12.0,,LOCAL,DAILY,Mumbai CSMT,Goregaon,09:27,09:31
HR,mahim_jn_hr,bandra_hr,1.6,DOWN,98823,B23,12.0,,LOCAL,DAILY,Mumbai CSMT,Bandra,09:39,09:43
HR,mahim_jn_hr,bandra_hr,1.6,DOWN,98725,GN25,12.0,,LOCAL,DAILY,Mumbai CSMT,Goregaon,09:51,09:55
HR,mahim_jn_hr,bandra_hr,1.6,DOWN,98833,B33,12.0,,LOCAL,DAILY,Mumbai CSMT,Bandra,12:02,12:06
HR,mahim_jn_hr,bandra_hr,1.6,DOWN,98735,GN35,12.0,,LOCAL,DAILY,Mumbai CSMT,Goregaon,12:13,12:17
HR,mahim_jn_hr,bandra_hr,1.6,DOWN,98835,B35,12.0,,LOCAL,DAILY,Mumbai CSMT,Bandra,12:24,12:28
HR,mahim_jn_hr,bandra_hr,1.6,DOWN,98737,GN37,12.0,,LOCAL,DAILY,Mumbai CSMT,Goregaon,12:37,12:41
HR,mahim_jn_hr,bandra_hr,1.6,DOWN,98837,B37,12.0,,LOCAL,DAILY,Mumbai CSMT,Bandra,12:46,12:50
HR,mahim_jn_hr,bandra_hr,1.6,DOWN,91393,WGN1,12.0,,LOCAL,NOT_SUN,Mumbai CSMT,Goregaon,13:00,13:04
HR,mahim_jn_hr,bandra_hr,1.6,DOWN,98839,B39,12.0,,LOCAL,DAILY,Mumbai CSMT,Bandra,13:12,13:16
HR,mahim_jn_hr,bandra_hr,1.6,DOWN,98739,GN39,12.0,,LOCAL,DAILY,Mumbai CSMT,Goregaon,13:24,13:28
HR,mahim_jn_hr,bandra_hr,1.6,DOWN,98841,B41,12.0,,LOCAL,DAILY,Mumbai CSMT,Bandra,13:36,13:40
HR,mahim_jn_hr,bandra_hr,1.6,DOWN,98741,GN41,12.0,,LOCAL,DAILY,Mumbai CSMT,Goregaon,13:51,13:55
HR,mahim_jn_hr,bandra_hr,1.6,DOWN,98751,GN51,12.0,,LOCAL,DAILY,Mumbai CSMT,Goregaon,16:13,16:17
HR,mahim_jn_hr,bandra_hr,1.6,DOWN,98853,B53,12.0,,LOCAL,NOT_SUN,Mumbai CSMT,Bandra,16:29,16:33
HR,mahim_jn_hr,bandra_hr,1.6,DOWN,98753,GN53,12.0,,LOCAL,DAILY,Mumbai CSMT,Goregaon,16:41,16:45
HR,mahim_jn_hr,bandra_hr,1.6,DOWN,98855,B55,12.0,,LOCAL,DAILY,Mumbai CSMT,Bandra,16:55,17:00
HR,mahim_jn_hr,bandra_hr,1.6,DOWN,98755,GN55,12.0,,LOCAL,DAILY,Mumbai CSMT,Goregaon,17:08,17:12
HR,mahim_jn_hr,bandra_hr,1.6,DOWN,98857,B57,12.0,,LOCAL,DAILY,Mumbai CSMT,Bandra,17:20,17:25
HR,mahim_jn_hr,bandra_hr,1.6,DOWN,98757,GN57,12.0,,LOCAL,DAILY,Mumbai CSMT,Goregaon,17:37,17:41
HR,mahim_jn_hr,bandra_hr,1.6,DOWN,98859,B59,12.0,,LOCAL,DAILY,Mumbai CSMT,Bandra,17:53,17:58
HR,mahim_jn_hr,bandra_hr,1.6,DOWN,98769,GN69,12.0,,LOCAL,DAILY,Mumbai CSMT,Goregaon,20:05,20:09
HR,mahim_jn_hr,bandra_hr,1.6,DOWN,98869,B69,12.0,,LOCAL,DAILY,Mumbai CSMT,Bandra,20:20,20:24
HR,mahim_jn_hr,bandra_hr,1.6,DOWN,98771,GN71,12.0,,LOCAL,DAILY,Mumbai CSMT,Goregaon,20:33,20:37
HR,mahim_jn_hr,bandra_hr,1.6,DOWN,98871,B71,12.0,,LOCAL,DAILY,Mumbai CSMT,Bandra,20:44,20:50
HR,mahim_jn_hr,bandra_hr,1.6,DOWN,98773,GN73,12.0,,LOCAL,DAILY,Mumbai CSMT,Goregaon,21:01,21:05
HR,mahim_jn_hr,bandra_hr,1.6,DOWN,91491,WBO1,12.0,,LOCAL,DAILY,Mumbai CSMT,Tilaknagar,21:09,21:13
HR,mahim_jn_hr,bandra_hr,1.6,DOWN,98873,B73,12.0,,LOCAL,DAILY,Mumbai CSMT,Bandra,21:18,21:23
HR,mahim_jn_hr,bandra_hr,1.6,DOWN,98775,GN75,12.0,,LOCAL,DAILY,Mumbai CSMT,Goregaon,21:35,21:39
HR,mahim_jn_hr,bandra_hr,1.6,DOWN,98875,B75,12.0,,LOCAL,DAILY,Mumbai CSMT,Bandra,21:46,21:51
HR,mahim_jn_hr,bandra_hr,1.6,DOWN,98777,GN77,12.0,,LOCAL,DAILY,Mumbai CSMT,Goregaon,21:59,22:03
HR,bandra_hr,khar_road_hr,1.6,DOWN,98787,GN87,12.0,,LOCAL,DAILY,Mumbai CSMT,Goregaon,00:15,00:20
HR,bandra_hr,khar_road_hr,1.6,DOWN,98701,GN1,12.0,,LOCAL,DAILY,Mumbai CSMT,Goregaon,04:57,05:01
HR,bandra_hr,khar_road_hr,1.6,DOWN,98703,GN3,12.0,,LOCAL,NOT_SUN,Mumbai CSMT,Goregaon,05:25,05:29
HR,bandra_hr,khar_road_hr,1.6,DOWN,98705,GN5,12.0,,LOCAL,DAILY,Mumbai CSMT,Goregaon,05:39,05:43
HR,bandra_hr,khar_road_hr,1.6,DOWN,98707,GN7,12.0,,LOCAL,DAILY,Mumbai CSMT,Goregaon,05:55,05:59
HR,bandra_hr,khar_road_hr,1.6,DOWN,98717,GN17,12.0,,LOCAL,DAILY,Mumbai CSMT,Goregaon,08:05,08:09
HR,bandra_hr,khar_road_hr,1.6,DOWN,98719,GN19,12.0,,LOCAL,DAILY,Mumbai CSMT,Goregaon,08:33,08:37
HR,bandra_hr,khar_road_hr,1.6,DOWN,98721,GN21,12.0,,LOCAL,DAILY,Mumbai CSMT,Goregaon,09:12,09:16
HR,bandra_hr,khar_road_hr,1.6,DOWN,98723,GN23,12.0,,LOCAL,DAILY,Mumbai CSMT,Goregaon,09:31,09:35
HR,bandra_hr,khar_road_hr,1.6,DOWN,98725,GN25,12.0,,LOCAL,DAILY,Mumbai CSMT,Goregaon,09:55,09:59
HR,bandra_hr,khar_road_hr,1.6,DOWN,98735,GN35,12.0,,LOCAL,DAILY,Mumbai CSMT,Goregaon,12:17,12:21
HR,bandra_hr,khar_road_hr,1.6,DOWN,98737,GN37,12.0,,LOCAL,DAILY,Mumbai CSMT,Goregaon,12:41,12:45
HR,bandra_hr,khar_road_hr,1.6,DOWN,91393,WGN1,12.0,,LOCAL,NOT_SUN,Mumbai CSMT,Goregaon,13:04,13:08
HR,bandra_hr,khar_road_hr,1.6,DOWN,98739,GN39,12.0,,LOCAL,DAILY,Mumbai CSMT,Goregaon,13:28,13:32
HR,bandra_hr,khar_road_hr,1.6,DOWN,98741,GN41,12.0,,LOCAL,DAILY,Mumbai CSMT,Goregaon,13:55,13:59
HR,bandra_hr,khar_road_hr,1.6,DOWN,98751,GN51,12.0,,LOCAL,DAILY,Mumbai CSMT,Goregaon,16:17,16:21
HR,bandra_hr,khar_road_hr,1.6,DOWN,98753,GN53,12.0,,LOCAL,DAILY,Mumbai CSMT,Goregaon,16:45,16:49
HR,bandra_hr,khar_road_hr,1.6,DOWN,98755,GN55,12.0,,LOCAL,DAILY,Mumbai CSMT,Goregaon,17:12,17:16
HR,bandra_hr,khar_road_hr,1.6,DOWN,98757,GN57,12.0,,LOCAL,DAILY,Mumbai CSMT,Goregaon,17:41,17:45
HR,bandra_hr,khar_road_hr,1.6,DOWN,98769,GN69,12.0,,LOCAL,DAILY,Mumbai CSMT,Goregaon,20:09,20:14
HR,bandra_hr,khar_road_hr,1.6,DOWN,98771,GN71,12.0,,LOCAL,DAILY,Mumbai CSMT,Goregaon,20:37,20:42
HR,bandra_hr,khar_road_hr,1.6,DOWN,98773,GN73,12.0,,LOCAL,DAILY,Mumbai CSMT,Goregaon,21:05,21:10
HR,bandra_hr,khar_road_hr,1.6,DOWN,91491,WBO1,12.0,,LOCAL,DAILY,Mumbai CSMT,Tilaknagar,21:13,21:17
HR,bandra_hr,khar_road_hr,1.6,DOWN,98775,GN75,12.0,,LOCAL,DAILY,Mumbai CSMT,Goregaon,21:39,21:44
HR,khar_road_hr,santa_cruz_hr,1.3,DOWN,98787,GN87,12.0,,LOCAL,DAILY,Mumbai CSMT,Goregaon,00:20,00:23
HR,khar_road_hr,santa_cruz_hr,1.3,DOWN,98701,GN1,12.0,,LOCAL,DAILY,Mumbai CSMT,Goregaon,05:01,05:04
HR,khar_road_hr,santa_cruz_hr,1.3,DOWN,98703,GN3,12.0,,LOCAL,NOT_SUN,Mumbai CSMT,Goregaon,05:29,05:32
HR,khar_road_hr,santa_cruz_hr,1.3,DOWN,98705,GN5,12.0,,LOCAL,DAILY,Mumbai CSMT,Goregaon,05:43,05:46
HR,khar_road_hr,santa_cruz_hr,1.3,DOWN,98707,GN7,12.0,,LOCAL,DAILY,Mumbai CSMT,Goregaon,05:59,06:02
HR,khar_road_hr,santa_cruz_hr,1.3,DOWN,98717,GN17,12.0,,LOCAL,DAILY,Mumbai CSMT,Goregaon,08:09,08:12
HR,khar_road_hr,santa_cruz_hr,1.3,DOWN,98719,GN19,12.0,,LOCAL,DAILY,Mumbai CSMT,Goregaon,08:37,08:40
HR,khar_road_hr,santa_cruz_hr,1.3,DOWN,98721,GN21,12.0,,LOCAL,DAILY,Mumbai CSMT,Goregaon,09:16,09:19
HR,khar_road_hr,santa_cruz_hr,1.3,DOWN,98723,GN23,12.0,,LOCAL,DAILY,Mumbai CSMT,Goregaon,09:35,09:38
HR,khar_road_hr,santa_cruz_hr,1.3,DOWN,98725,GN25,12.0,,LOCAL,DAILY,Mumbai CSMT,Goregaon,09:59,10:02
HR,khar_road_hr,santa_cruz_hr,1.3,DOWN,98735,GN35,12.0,,LOCAL,DAILY,Mumbai CSMT,Goregaon,12:21,12:24
HR,khar_road_hr,santa_cruz_hr,1.3,DOWN,98737,GN37,12.0,,LOCAL,DAILY,Mumbai CSMT,Goregaon,12:45,12:48
HR,khar_road_hr,santa_cruz_hr,1.3,DOWN,91393,WGN1,12.0,,LOCAL,NOT_SUN,Mumbai CSMT,Goregaon,13:08,13:11
HR,khar_road_hr,santa_cruz_hr,1.3,DOWN,98739,GN39,12.0,,LOCAL,DAILY,Mumbai CSMT,Goregaon,13:32,13:35
HR,khar_road_hr,santa_cruz_hr,1.3,DOWN,98741,GN41,12.0,,LOCAL,DAILY,Mumbai CSMT,Goregaon,13:59,14:02
HR,khar_road_hr,santa_cruz_hr,1.3,DOWN,98751,GN51,12.0,,LOCAL,DAILY,Mumbai CSMT,Goregaon,16:21,16:24
HR,khar_road_hr,santa_cruz_hr,1.3,DOWN,98753,GN53,12.0,,LOCAL,DAILY,Mumbai CSMT,Goregaon,16:49,16:52
HR,khar_road_hr,santa_cruz_hr,1.3,DOWN,98755,GN55,12.0,,LOCAL,DAILY,Mumbai CSMT,Goregaon,17:16,17:19
HR,khar_road_hr,santa_cruz_hr,1.3,DOWN,98757,GN57,12.0,,LOCAL,DAILY,Mumbai CSMT,Goregaon,17:45,17:48
HR,khar_road_hr,santa_cruz_hr,1.3,DOWN,98769,GN69,12.0,,LOCAL,DAILY,Mumbai CSMT,Goregaon,20:14,20:17
HR,khar_road_hr,santa_cruz_hr,1.3,DOWN,98771,GN71,12.0,,LOCAL,DAILY,Mumbai CSMT,Goregaon,20:42,20:45
HR,khar_road_hr,santa_cruz_hr,1.3,DOWN,98773,GN73,12.0,,LOCAL,DAILY,Mumbai CSMT,Goregaon,21:10,21:13
HR,khar_road_hr,santa_cruz_hr,1.3,DOWN,91491,WBO1,12.0,,LOCAL,DAILY,Mumbai CSMT,Tilaknagar,21:17,21:20
HR,khar_road_hr,santa_cruz_hr,1.3,DOWN,98775,GN75,12.0,,LOCAL,DAILY,Mumbai CSMT,Goregaon,21:44,21:47
HR,santa_cruz_hr,vile_parle_hr,2.1,DOWN,98785,GN85,12.0,,LOCAL,DAILY,Mumbai CSMT,Goregaon,00:03,00:06
HR,santa_cruz_hr,vile_parle_hr,2.1,DOWN,98787,GN87,12.0,,LOCAL,DAILY,Mumbai CSMT,Goregaon,00:23,00:26
HR,santa_cruz_hr,vile_parle_hr,2.1,DOWN,98701,GN1,12.0,,LOCAL,DAILY,Mumbai CSMT,Goregaon,05:04,05:07
HR,santa_cruz_hr,vile_parle_hr,2.1,DOWN,98703,GN3,12.0,,LOCAL,NOT_SUN,Mumbai CSMT,Goregaon,05:32,05:35
HR,santa_cruz_hr,vile_parle_hr,2.1,DOWN,98705,GN5,12.0,,LOCAL,DAILY,Mumbai CSMT,Goregaon,05:46,05:49
HR,santa_cruz_hr,vile_parle_hr,2.1,DOWN,98717,GN17,12.0,,LOCAL,DAILY,Mumbai CSMT,Goregaon,08:12,08:15
HR,santa_cruz_hr,vile_parle_hr,2.1,DOWN,98719,GN19,12.0,,LOCAL,DAILY,Mumbai CSMT,Goregaon,08:40,08:43
HR,santa_cruz_hr,vile_parle_hr,2.1,DOWN,98721,GN21,12.0,,LOCAL,DAILY,Mumbai CSMT,Goregaon,09:19,09:22
HR,santa_cruz_hr,vile_parle_hr,2.1,DOWN,98723,GN23,12.0,,LOCAL,DAILY,Mumbai CSMT,Goregaon,09:38,09:41
HR,santa_cruz_hr,vile_parle_hr,2.1,DOWN,98735,GN35,12.0,,LOCAL,DAILY,Mumbai CSMT,Goregaon,12:24,12:27
HR,santa_cruz_hr,vile_parle_hr,2.1,DOWN,98737,GN37,12.0,,LOCAL,DAILY,Mumbai CSMT,Goregaon,12:48,12:51
HR,santa_cruz_hr,vile_parle_hr,2.1,DOWN,91393,WGN1,12.0,,LOCAL,NOT_SUN,Mumbai CSMT,Goregaon,13:11,13:14
HR,santa_cruz_hr,vile_parle_hr,2.1,DOWN,98739,GN39,12.0,,LOCAL,DAILY,Mumbai CSMT,Goregaon,13:35,13:38
HR,santa_cruz_hr,vile_parle_hr,2.1,DOWN,98751,GN51,12.0,,LOCAL,DAILY,Mumbai CSMT,Goregaon,16:24,16:27
HR,santa_cruz_hr,vile_parle_hr,2.1,DOWN,98753,GN53,12.0,,LOCAL,DAILY,Mumbai CSMT,Goregaon,16:52,16:55
HR,santa_cruz_hr,vile_parle_hr,2.1,DOWN,98755,GN55,12.0,,LOCAL,DAILY,Mumbai CSMT,Goregaon,17:19,17:22
HR,santa_cruz_hr,vile_parle_hr,2.1,DOWN,98757,GN57,12.0,,LOCAL,DAILY,Mumbai CSMT,Goregaon,17:48,17:51
HR,santa_cruz_hr,vile_parle_hr,2.1,DOWN,98769,GN69,12.0,,LOCAL,DAILY,Mumbai CSMT,Goregaon,20:17,20:20
HR,santa_cruz_hr,vile_parle_hr,2.1,DOWN,98771,GN71,12.0,,LOCAL,DAILY,Mumbai CSMT,Goregaon,20:45,20:48
HR,santa_cruz_hr,vile_parle_hr,2.1,DOWN,98773,GN73,12.0,,LOCAL,DAILY,Mumbai CSMT,Goregaon,21:13,21:16
HR,santa_cruz_hr,vile_parle_hr,2.1,DOWN,91491,WBO1,12.0,,LOCAL,DAILY,Mumbai CSMT,Tilaknagar,21:20,21:23
HR,santa_cruz_hr,vile_parle_hr,2.1,DOWN,98775,GN75,12.0,,LOCAL,DAILY,Mumbai CSMT,Goregaon,21:47,21:50
HR,vile_parle_hr,andheri_hr,2.2,DOWN,98785,GN85,12.0,,LOCAL,DAILY,Mumbai CSMT,Goregaon,00:06,00:10
HR,vile_parle_hr,andheri_hr,2.2,DOWN,98787,GN87,12.0,,LOCAL,DAILY,Mumbai CSMT,Goregaon,00:26,00:30
HR,vile_parle_hr,andheri_hr,2.2,DOWN,98701,GN1,12.0,,LOCAL,DAILY,Mumbai CSMT,Goregaon,05:07,05:11
HR,vile_parle_hr,andheri_hr,2.2,DOWN,98703,GN3,12.0,,LOCAL,NOT_SUN,Mumbai CSMT,Goregaon,05:35,05:39
HR,vile_parle_hr,andheri_hr,2.2,DOWN,98705,GN5,12.0,,LOCAL,DAILY,Mumbai CSMT,Goregaon,05:49,05:53
HR,vile_parle_hr,andheri_hr,2.2,DOWN,98717,GN17,12.0,,LOCAL,DAILY,Mumbai CSMT,Goregaon,08:15,08:19
HR,vile_parle_hr,andheri_hr,2.2,DOWN,98719,GN19,12.0,,LOCAL,DAILY,Mumbai CSMT,Goregaon,08:43,08:47
HR,vile_parle_hr,andheri_hr,2.2,DOWN,98721,GN21,12.0,,LOCAL,DAILY,Mumbai CSMT,Goregaon,09:22,09:26
HR,vile_parle_hr,andheri_hr,2.2,DOWN,98723,GN23,12.0,,LOCAL,DAILY,Mumbai CSMT,Goregaon,09:41,09:45
HR,vile_parle_hr,andheri_hr,2.2,DOWN,98735,GN35,12.0,,LOCAL,DAILY,Mumbai CSMT,Goregaon,12:27,12:31
HR,vile_parle_hr,andheri_hr,2.2,DOWN,98737,GN37,12.0,,LOCAL,DAILY,Mumbai CSMT,Goregaon,12:51,12:55
HR,vile_parle_hr,andheri_hr,2.2,DOWN,91393,WGN1,12.0,,LOCAL,NOT_SUN,Mumbai CSMT,Goregaon,13:14,13:18
HR,vile_parle_hr,andheri_hr,2.2,DOWN,98739,GN39,12.0,,LOCAL,DAILY,Mumbai CSMT,Goregaon,13:38,13:42
HR,vile_parle_hr,andheri_hr,2.2,DOWN,98751,GN51,12.0,,LOCAL,DAILY,Mumbai CSMT,Goregaon,16:27,16:31
HR,vile_parle_hr,andheri_hr,2.2,DOWN,98753,GN53,12.0,,LOCAL,DAILY,Mumbai CSMT,Goregaon,16:55,16:59
HR,vile_parle_hr,andheri_hr,2.2,DOWN,98755,GN55,12.0,,LOCAL,DAILY,Mumbai CSMT,Goregaon,17:22,17:26
HR,vile_parle_hr,andheri_hr,2.2,DOWN,98757,GN57,12.0,,LOCAL,DAILY,Mumbai CSMT,Goregaon,17:51,17:55
HR,vile_parle_hr,andheri_hr,2.2,DOWN,98769,GN69,12.0,,LOCAL,DAILY,Mumbai CSMT,Goregaon,20:20,20:24
HR,vile_parle_hr,andheri_hr,2.2,DOWN,98771,GN71,12.0,,LOCAL,DAILY,Mumbai CSMT,Goregaon,20:48,20:52
HR,vile_parle_hr,andheri_hr,2.2,DOWN,98773,GN73,12.0,,LOCAL,DAILY,Mumbai CSMT,Goregaon,21:16,21:20
HR,vile_parle_hr,andheri_hr,2.2,DOWN,91491,WBO1,12.0,,LOCAL,DAILY,Mumbai CSMT,Tilaknagar,21:23,21:27
HR,vile_parle_hr,andheri_hr,2.2,DOWN,98775,GN75,12.0,,LOCAL,DAILY,Mumbai CSMT,Goregaon,21:50,21:54
HR,andheri_hr,jogeshwari_hr,1.7,DOWN,98785,GN85,12.0,,LOCAL,DAILY,Mumbai CSMT,Goregaon,00:10,00:14
HR,andheri_hr,jogeshwari_hr,1.7,DOWN,98787,GN87,12.0,,LOCAL,DAILY,Mumbai CSMT,Goregaon,00:30,00:34
HR,andheri_hr,jogeshwari_hr,1.7,DOWN,98701,GN1,12.0,,LOCAL,DAILY,Mumbai CSMT,Goregaon,05:11,05:15
HR,andheri_hr,jogeshwari_hr,1.7,DOWN,98703,GN3,12.0,,LOCAL,NOT_SUN,Mumbai CSMT,Goregaon,05:39,05:43
HR,andheri_hr,jogeshwari_hr,1.7,DOWN,98705,GN5,12.0,,LOCAL,DAILY,Mumbai CSMT,Goregaon,05:53,05:57
HR,andheri_hr,jogeshwari_hr,1.7,DOWN,98717,GN17,12.0,,LOCAL,DAILY,Mumbai CSMT,Goregaon,08:19,08:23
HR,andheri_hr,jogeshwari_hr,1.7,DOWN,98719,GN19,12.0,,LOCAL,DAILY,Mumbai CSMT,Goregaon,08:47,08:51
HR,andheri_hr,jogeshwari_hr,1.7,DOWN,98721,GN21,12.0,,LOCAL,DAILY,Mumbai CSMT,Goregaon,09:26,09:30
HR,andheri_hr,jogeshwari_hr,1.7,DOWN,98723,GN23,12.0,,LOCAL,DAILY,Mumbai CSMT,Goregaon,09:45,09:49
HR,andheri_hr,jogeshwari_hr,1.7,DOWN,98735,GN35,12.0,,LOCAL,DAILY,Mumbai CSMT,Goregaon,12:31,12:35
HR,andheri_hr,jogeshwari_hr,1.7,DOWN,98737,GN37,12.0,,LOCAL,DAILY,Mumbai CSMT,Goregaon,12:55,12:59
HR,andheri_hr,jogeshwari_hr,1.7,DOWN,91393,WGN1,12.0,,LOCAL,NOT_SUN,Mumbai CSMT,Goregaon,13:18,13:22
HR,andheri_hr,jogeshwari_hr,1.7,DOWN,98739,GN39,12.0,,LOCAL,DAILY,Mumbai CSMT,Goregaon,13:42,13:46
HR,andheri_hr,jogeshwari_hr,1.7,DOWN,98749,GN49,12.0,,LOCAL,DAILY,Mumbai CSMT,Goregaon,16:03,16:07
HR,andheri_hr,jogeshwari_hr,1.7,DOWN,98751,GN51,12.0,,LOCAL,DAILY,Mumbai CSMT,Goregaon,16:31,16:35
HR,andheri_hr,jogeshwari_hr,1.7,DOWN,98753,GN53,12.0,,LOCAL,DAILY,Mumbai CSMT,Goregaon,16:59,17:03
HR,andheri_hr,jogeshwari_hr,1.7,DOWN,98755,GN55,12.0,,LOCAL,DAILY,Mumbai CSMT,Goregaon,17:26,17:30
HR,andheri_hr,jogeshwari_hr,1.7,DOWN,98757,GN57,12.0,,LOCAL,DAILY,Mumbai CSMT,Goregaon,17:55,17:59
HR,andheri_hr,jogeshwari_hr,1.7,DOWN,98769,GN69,12.0,,LOCAL,DAILY,Mumbai CSMT,Goregaon,20:24,20:28
HR,andheri_hr,jogeshwari_hr,1.7,DOWN,98771,GN71,12.0,,LOCAL,DAILY,Mumbai CSMT,Goregaon,20:52,20:56
HR,andheri_hr,jogeshwari_hr,1.7,DOWN,98773,GN73,12.0,,LOCAL,DAILY,Mumbai CSMT,Goregaon,21:20,21:24
HR,andheri_hr,jogeshwari_hr,1.7,DOWN,91491,WBO1,12.0,,LOCAL,DAILY,Mumbai CSMT,Tilaknagar,21:27,21:31
HR,andheri_hr,jogeshwari_hr,1.7,DOWN,98775,GN75,12.0,,LOCAL,DAILY,Mumbai CSMT,Goregaon,21:54,21:58
HR,jogeshwari_hr,ramnagar,1.8,DOWN,98785,GN85,12.0,,LOCAL,DAILY,Mumbai CSMT,Goregaon,00:14,00:17
HR,jogeshwari_hr,ramnagar,1.8,DOWN,98787,GN87,12.0,,LOCAL,DAILY,Mumbai CSMT,Goregaon,00:34,00:37
HR,jogeshwari_hr,ramnagar,1.8,DOWN,98701,GN1,12.0,,LOCAL,DAILY,Mumbai CSMT,Goregaon,05:15,05:18
HR,jogeshwari_hr,ramnagar,1.8,DOWN,98703,GN3,12.0,,LOCAL,NOT_SUN,Mumbai CSMT,Goregaon,05:43,05:46
HR,jogeshwari_hr,ramnagar,1.8,DOWN,98705,GN5,12.0,,LOCAL,DAILY,Mumbai CSMT,Goregaon,05:57,06:00
HR,jogeshwari_hr,ramnagar,1.8,DOWN,98717,GN17,12.0,,LOCAL,DAILY,Mumbai CSMT,Goregaon,08:23,08:26
HR,jogeshwari_hr,ramnagar,1.8,DOWN,98719,GN19,12.0,,LOCAL,DAILY,Mumbai CSMT,Goregaon,08:51,08:54
HR,jogeshwari_hr,ramnagar,1.8,DOWN,98721,GN21,12.0,,LOCAL,DAILY,Mumbai CSMT,Goregaon,09:30,09:33
HR,jogeshwari_hr,ramnagar,1.8,DOWN,98723,GN23,12.0,,LOCAL,DAILY,Mumbai CSMT,Goregaon,09:49,09:52
HR,jogeshwari_hr,ramnagar,1.8,DOWN,98735,GN35,12.0,,LOCAL,DAILY,Mumbai CSMT,Goregaon,12:35,12:38
HR,jogeshwari_hr,ramnagar,1.8,DOWN,98737,GN37,12.0,,LOCAL,DAILY,Mumbai CSMT,Goregaon,12:59,13:02
HR,jogeshwari_hr,ramnagar,1.8,DOWN,91393,WGN1,12.0,,LOCAL,NOT_SUN,Mumbai CSMT,Goregaon,13:22,13:25
HR,jogeshwari_hr,ramnagar,1.8,DOWN,98739,GN39,12.0,,LOCAL,DAILY,Mumbai CSMT,Goregaon,13:46,13:49
HR,jogeshwari_hr,ramnagar,1.8,DOWN,98749,GN49,12.0,,LOCAL,DAILY,Mumbai CSMT,Goregaon,16:07,16:10
HR,jogeshwari_hr,ramnagar,1.8,DOWN,98751,GN51,12.0,,LOCAL,DAILY,Mumbai CSMT,Goregaon,16:35,16:38
HR,jogeshwari_hr,ramnagar,1.8,DOWN,98753,GN53,12.0,,LOCAL,DAILY,Mumbai CSMT,Goregaon,17:03,17:06
HR,jogeshwari_hr,ramnagar,1.8,DOWN,98755,GN55,12.0,,LOCAL,DAILY,Mumbai CSMT,Goregaon,17:30,17:33
HR,jogeshwari_hr,ramnagar,1.8,DOWN,98757,GN57,12.0,,LOCAL,DAILY,Mumbai CSMT,Goregaon,17:59,18:02
HR,jogeshwari_hr,ramnagar,1.8,DOWN,98769,GN69,12.0,,LOCAL,DAILY,Mumbai CSMT,Goregaon,20:28,20:31
HR,jogeshwari_hr,ramnagar,1.8,DOWN,98771,GN71,12.0,,LOCAL,DAILY,Mumbai CSMT,Goregaon,20:56,20:59
HR,jogeshwari_hr,ramnagar,1.8,DOWN,98773,GN73,12.0,,LOCAL,DAILY,Mumbai CSMT,Goregaon,21:24,21:27
HR,jogeshwari_hr,ramnagar,1.8,DOWN,91491,WBO1,12.0,,LOCAL,DAILY,Mumbai CSMT,Tilaknagar,21:31,21:34
HR,jogeshwari_hr,ramnagar,1.8,DOWN,98775,GN75,12.0,,LOCAL,DAILY,Mumbai CSMT,Goregaon,21:58,22:01
HR,ramnagar,goregaon_hr,1.6,DOWN,98785,GN85,12.0,,LOCAL,DAILY,Mumbai CSMT,Goregaon,00:17,00:21
HR,ramnagar,goregaon_hr,1.6,DOWN,98787,GN87,12.0,,LOCAL,DAILY,Mumbai CSMT,Goregaon,00:37,00:41
HR,ramnagar,goregaon_hr,1.6,DOWN,98701,GN1,12.0,,LOCAL,DAILY,Mumbai CSMT,Goregaon,05:18,05:22
HR,ramnagar,goregaon_hr,1.6,DOWN,98703,GN3,12.0,,LOCAL,NOT_SUN,Mumbai CSMT,Goregaon,05:46,05:50
HR,ramnagar,goregaon_hr,1.6,DOWN,98705,GN5,12.0,,LOCAL,DAILY,Mumbai CSMT,Goregaon,06:00,06:04
HR,ramnagar,goregaon_hr,1.6,DOWN,98717,GN17,12.0,,LOCAL,DAILY,Mumbai CSMT,Goregaon,08:26,08:30
HR,ramnagar,goregaon_hr,1.6,DOWN,98719,GN19,12.0,,LOCAL,DAILY,Mumbai CSMT,Goregaon,08:54,08:58
HR,ramnagar,goregaon_hr,1.6,DOWN,98721,GN21,12.0,,LOCAL,DAILY,Mumbai CSMT,Goregaon,09:33,09:37
HR,ramnagar,goregaon_hr,1.6,DOWN,98723,GN23,12.0,,LOCAL,DAILY,Mumbai CSMT,Goregaon,09:52,09:56
HR,ramnagar,goregaon_hr,1.6,DOWN,98733,GN33,12.0,,LOCAL,DAILY,Mumbai CSMT,Goregaon,12:02,12:06
HR,ramnagar,goregaon_hr,1.6,DOWN,98735,GN35,12.0,,LOCAL,DAILY,Mumbai CSMT,Goregaon,12:38,12:42
HR,ramnagar,goregaon_hr,1.6,DOWN,98737,GN37,12.0,,LOCAL,DAILY,Mumbai CSMT,Goregaon,13:02,13:06
HR,ramnagar,goregaon_hr,1.6,DOWN,91393,WGN1,12.0,,LOCAL,NOT_SUN,Mumbai CSMT,Goregaon,13:25,13:29
HR,ramnagar,goregaon_hr,1.6,DOWN,98739,GN39,12.0,,LOCAL,DAILY,Mumbai CSMT,Goregaon,13:49,13:53
HR,ramnagar,goregaon_hr,1.6,DOWN,98749,GN49,12.0,,LOCAL,DAILY,Mumbai CSMT,Goregaon,16:10,16:14
HR,ramnagar,goregaon_hr,1.6,DOWN,98751,GN51,12.0,,LOCAL,DAILY,Mumbai CSMT,Goregaon,16:38,16:42
HR,ramnagar,goregaon_hr,1.6,DOWN,98753,GN53,12.0,,LOCAL,DAILY,Mumbai CSMT,Goregaon,17:06,17:10
HR,ramnagar,goregaon_hr,1.6,DOWN,98755,GN55,12.0,,LOCAL,DAILY,Mumbai CSMT,Goregaon,17:33,17:37
HR,ramnagar,goregaon_hr,1.6,DOWN,98767,GN67,12.0,,LOCAL,DAILY,Mumbai CSMT,Goregaon,20:00,20:04
HR,ramnagar,goregaon_hr,1.6,DOWN,98769,GN69,12.0,,LOCAL,DAILY,Mumbai CSMT,Goregaon,20:31,20:35
HR,ramnagar,goregaon_hr,1.6,DOWN,98771,GN71,12.0,,LOCAL,DAILY,Mumbai CSMT,Goregaon,20:59,21:03
HR,ramnagar,goregaon_hr,1.6,DOWN,98773,GN73,12.0,,LOCAL,DAILY,Mumbai CSMT,Goregaon,21:27,21:32
HR,ramnagar,goregaon_hr,1.6,DOWN,91491,WBO1,12.0,,LOCAL,DAILY,Mumbai CSMT,Tilaknagar,21:34,21:38
HR,goregaon_hr,gtb_nagar,14.8,DOWN,98904,GNPL4,12.0,,LOCAL,DAILY,Goregaon,Panvel,08:39,09:25
HR,goregaon_hr,gtb_nagar,14.8,DOWN,98906,GNPL6,12.0,,LOCAL,DAILY,Goregaon,Panvel,09:30,10:19
HR,goregaon_hr,gtb_nagar,14.8,DOWN,98908,GNPL8,12.0,,LOCAL,DAILY,Goregaon,Panvel,12:14,13:06
HR,goregaon_hr,gtb_nagar,14.8,DOWN,98916,GNPL16,12.0,,LOCAL,DAILY,Goregaon,Panvel,20:12,21:08
HR,goregaon_hr,gtb_nagar,14.8,DOWN,98918,GNPL18,12.0,,LOCAL,DAILY,Goregaon,Panvel,21:28,22:25
HR,gtb_nagar,chunabhatti,2.0,DOWN,98003,PL3,12.0,,LOCAL,DAILY,Mumbai CSMT,Panvel,00:05,00:08
HR,gtb_nagar,chunabhatti,2.0,DOWN,98259,PL207,12.0,,LOCAL,DAILY,Mumbai CSMT,Panvel,00:15,00:18
HR,gtb_nagar,chunabhatti,2.0,DOWN,98575,V71,12.0,,LOCAL,DAILY,Mumbai CSMT,Vashi,00:20,00:23
HR,gtb_nagar,chunabhatti,2.0,DOWN,98301,BR1,12.0,,LOCAL,DAILY,Mumbai CSMT,Belapur CBD,00:28,00:31
HR,gtb_nagar,chunabhatti,2.0,DOWN,98001,PL1,12.0,,LOCAL,DAILY,Mumbai CSMT,Panvel,00:36,00:39
HR,gtb_nagar,chunabhatti,2.0,DOWN,98573,V69,12.0,,AC,DAILY,Mumbai CSMT,Vashi,00:47,00:50
HR,gtb_nagar,chunabhatti,2.0,DOWN,98303,BRVD1,12.0,,LOCAL,DAILY,Vadala Road,Belapur CBD,00:55,00:58
HR,gtb_nagar,chunabhatti,2.0,DOWN,98005,PL5,12.0,,LOCAL,DAILY,Mumbai CSMT,Panvel,01:03,01:06
HR,gtb_nagar,chunabhatti,2.0,DOWN,98007,PL7,12.0,,LOCAL,DAILY,Mumbai CSMT,Panvel,04:55,04:58
HR,gtb_nagar,chunabhatti,2.0,DOWN,98009,PLVD1,12.0,,AC,NOT_SUN,Vadala Road,Panvel,05:11,05:14
HR,gtb_nagar,chunabhatti,2.0,DOWN,98011,PL9,12.0,,LOCAL,DAILY,Mumbai CSMT,Panvel,05:15,05:18
HR,gtb_nagar,chunabhatti,2.0,DOWN,98013,PL11,12.0,,LOCAL,DAILY,Mumbai CSMT,Panvel,05:29,05:32
HR,gtb_nagar,chunabhatti,2.0,DOWN,98015,PL13,12.0,,LOCAL,DAILY,Mumbai CSMT,Panvel,05:41,05:44
HR,gtb_nagar,chunabhatti,2.0,DOWN,98017,PL15,12.0,,LOCAL,DAILY,Mumbai CSMT,Panvel,05:45,05:48
HR,gtb_nagar,chunabhatti,2.0,DOWN,98019,PL17,12.0,,LOCAL,DAILY,Mumbai CSMT,Panvel,05:53,05:56
HR,gtb_nagar,chunabhatti,2.0,DOWN,98021,PLVD3,12.0,,LOCAL,NOT_SUN,Vadala Road,Panvel,05:57,06:00
HR,gtb_nagar,chunabhatti,2.0,DOWN,98051,PL43,12.0,,AC,DAILY,Mumbai CSMT,Panvel,08:03,08:06
HR,gtb_nagar,chunabhatti,2.0,DOWN,98311,BR9,12.0,,LOCAL,DAILY,Mumbai CSMT,Belapur CBD,08:11,08:14
HR,gtb_nagar,chunabhatti,2.0,DOWN,98902,GNPL2,12.0,,LOCAL,DAILY,Goregaon,Panvel,08:15,08:18
HR,gtb_nagar,chunabhatti,2.0,DOWN,98053,PL45,12.0,,LOCAL,DAILY,Mumbai CSMT,Panvel,08:19,08:22
HR,gtb_nagar,chunabhatti,2.0,DOWN,98055,PL47,12.0,,LOCAL,NOT_SUN,Mumbai CSMT,Panvel,08:23,08:26
HR,gtb_nagar,chunabhatti,2.0,DOWN,98313,BRVD3,12.0,,LOCAL,NOT_SUN,Vadala Road,Belapur CBD,08:27,08:30
HR,gtb_nagar,chunabhatti,2.0,DOWN,98057,PL49,12.0,,LOCAL,DAILY,Mumbai CSMT,Panvel,08:31,08:34
HR,gtb_nagar,chunabhatti,2.0,DOWN,98505,V3,12.0,,LOCAL,DAILY,Mumbai CSMT,Vashi,08:35,08:38
HR,gtb_nagar,chunabhatti,2.0,DOWN,98059,PLVD9,12.0,,LOCAL,NOT_SUN,Vadala Road,Panvel,08:39,08:42
HR,gtb_nagar,chunabhatti,2.0,DOWN,98315,BR11,12.0,,LOCAL,DAILY,Mumbai CSMT,Belapur CBD,08:43,08:46
HR,gtb_nagar,chunabhatti,2.0,DOWN,98061,PL51,12.0,,LOCAL,DAILY,Mumbai CSMT,Panvel,08:47,08:50
HR,gtb_nagar,chunabhatti,2.0,DOWN,98063,PL53,12.0,,LOCAL,DAILY,Mumbai CSMT,Panvel,08:57,09:00
HR,gtb_nagar,chunabhatti,2.0,DOWN,98605,CM1,12.0,,LOCAL,DAILY,Mumbai CSMT,Chembur,09:00,09:03
HR,gtb_nagar,chunabhatti,2.0,DOWN,98507,V5,12.0,,LOCAL,DAILY,Mumbai CSMT,Vashi,09:09,09:12
HR,gtb_nagar,chunabhatti,2.0,DOWN,98065,PLVD11,12.0,,LOCAL,DAILY,Vadala Road,Panvel,09:13,09:16
HR,gtb_nagar,chunabhatti,2.0,DOWN,98067,PL55,12.0,,LOCAL,DAILY,Mumbai CSMT,Panvel,09:17,09:20
HR,gtb_nagar,chunabhatti,2.0,DOWN,98317,BR13,12.0,,LOCAL,DAILY,Mumbai CSMT,Belapur CBD,09:21,09:24
HR,gtb_nagar,chunabhatti,2.0,DOWN,98904,GNPL4,12.0,,LOCAL,DAILY,Goregaon,Panvel,09:25,09:28
HR,gtb_nagar,chunabhatti,2.0,DOWN,98069,PL57,12.0,,LOCAL,DAILY,Mumbai CSMT,Panvel,09:29,09:32
HR,gtb_nagar,chunabhatti,2.0,DOWN,98509,V7,12.0,,LOCAL,DAILY,Mumbai CSMT,Vashi,09:33,09:36
HR,gtb_nagar,chunabhatti,2.0,DOWN,98071,PL59,12.0,,LOCAL,DAILY,Mumbai CSMT,Panvel,09:41,09:44
HR,gtb_nagar,chunabhatti,2.0,DOWN,98511,V9,12.0,,LOCAL,NOT_SUN,Mumbai CSMT,Vashi,09:45,09:48
HR,gtb_nagar,chunabhatti,2.0,DOWN,98319,BRVD5,12.0,,LOCAL,DAILY,Vadala Road,Belapur CBD,09:49,09:52
HR,gtb_nagar,chunabhatti,2.0,DOWN,98073,PL61,12.0,,LOCAL,DAILY,Mumbai CSMT,Panvel,09:53,09:56
HR,gtb_nagar,chunabhatti,2.0,DOWN,98513,V11,12.0,,LOCAL,NOT_SUN,Mumbai CSMT,Vashi,09:57,10:00
HR,gtb_nagar,chunabhatti,2.0,DOWN,98101,PL85,12.0,,LOCAL,DAILY,Mumbai CSMT,Panvel,12:03,12:06
HR,gtb_nagar,chunabhatti,2.0,DOWN,98103,PL87,12.0,,LOCAL,DAILY,Mumbai CSMT,Panvel,12:15,12:18
HR,gtb_nagar,chunabhatti,2.0,DOWN,98105,PL89,12.0,,LOCAL,NOT_SUN,Mumbai CSMT,Panvel,12:19,12:22
HR,gtb_nagar,chunabhatti,2.0,DOWN,98107,PLVD17,12.0,,LOCAL,NOT_SUN,Vadala Road,Panvel,12:23,12:26
HR,gtb_nagar,chunabhatti,2.0,DOWN,98109,PL91,12.0,,LOCAL,DAILY,Mumbai CSMT,Panvel,12:31,12:34
HR,gtb_nagar,chunabhatti,2.0,DOWN,98111,PL93,12.0,,LOCAL,NOT_SUN,Mumbai CSMT,Panvel,12:40,12:43
HR,gtb_nagar,chunabhatti,2.0,DOWN,98335,BR25,12.0,,LOCAL,DAILY,Mumbai CSMT,Belapur CBD,12:48,12:51
HR,gtb_nagar,chunabhatti,2.0,DOWN,98113,PL95,12.0,,LOCAL,DAILY,Mumbai CSMT,Panvel,12:52,12:55
HR,gtb_nagar,chunabhatti,2.0,DOWN,98115,PLVD19,12.0,,LOCAL,DAILY,Vadala Road,Panvel,12:56,12:59
HR,gtb_nagar,chunabhatti,2.0,DOWN,98337,BR27,12.0,,LOCAL,DAILY,Mumbai CSMT,Belapur CBD,13:02,13:05
HR,gtb_nagar,chunabhatti,2.0,DOWN,98908,GNPL8,12.0,,LOCAL,DAILY,Goregaon,Panvel,13:06,13:09
HR,gtb_nagar,chunabhatti,2.0,DOWN,98117,PL97,12.0,,LOCAL,DAILY,Mumbai CSMT,Panvel,13:14,13:17
HR,gtb_nagar,chunabhatti,2.0,DOWN,98527,V25,12.0,,LOCAL,NOT_SUN,Mumbai CSMT,Vashi,13:18,13:21
HR,gtb_nagar,chunabhatti,2.0,DOWN,98119,PLVD21,12.0,,AC,DAILY,Vadala Road,Panvel,13:22,13:25
HR,gtb_nagar,chunabhatti,2.0,DOWN,98121,PL99,12.0,,LOCAL,DAILY,Mumbai CSMT,Panvel,13:26,13:29
HR,gtb_nagar,chunabhatti,2.0,DOWN,98339,BR29,12.0,,AC,DAILY,Mumbai CSMT,Belapur CBD,13:30,13:33
HR,gtb_nagar,chunabhatti,2.0,DOWN,98123,PL101,12.0,,LOCAL,DAILY,Mumbai CSMT,Panvel,13:38,13:41
HR,gtb_nagar,chunabhatti,2.0,DOWN,98125,PL103,12.0,,LOCAL,DAILY,Mumbai CSMT,Panvel,13:42,13:45
HR,gtb_nagar,chunabhatti,2.0,DOWN,98127,PL105,12.0,,LOCAL,DAILY,Mumbai CSMT,Panvel,13:53,13:56
HR,gtb_nagar,chunabhatti,2.0,DOWN,98529,V27,12.0,,LOCAL,DAILY,Mumbai CSMT,Vashi,13:57,14:00
HR,gtb_nagar,chunabhatti,2.0,DOWN,98159,PL133,12.0,,LOCAL,DAILY,Mumbai CSMT,Panvel,16:07,16:10
HR,gtb_nagar,chunabhatti,2.0,DOWN,98161,PLVD27,12.0,,LOCAL,DAILY,Vadala Road,Panvel,16:13,16:16
HR,gtb_nagar,chunabhatti,2.0,DOWN,98533,V29,12.0,,AC,DAILY,Mumbai CSMT,Vashi,16:17,16:20
HR,gtb_nagar,chunabhatti,2.0,DOWN,98163,PL135,12.0,,LOCAL,DAILY,Mumbai CSMT,Panvel,16:23,16:26
HR,gtb_nagar,chunabhatti,2.0,DOWN,98165,PL137,12.0,,LOCAL,DAILY,Mumbai CSMT,Panvel,16:31,16:34
HR,gtb_nagar,chunabhatti,2.0,DOWN,98535,V31,12.0,,LOCAL,NOT_SUN,Mumbai CSMT,Vashi,16:35,16:38
HR,gtb_nagar,chunabhatti,2.0,DOWN,98167,PLVD29,12.0,,LOCAL,NOT_SUN,Vadala Road,Panvel,16:39,16:42
HR,gtb_nagar,chunabhatti,2.0,DOWN,98169,PL139,12.0,,LOCAL,DAILY,Mumbai CSMT,Panvel,16:46,16:49
HR,gtb_nagar,chunabhatti,2.0,DOWN,98347,BR35,12.0,,LOCAL,NOT_SUN,Mumbai CSMT,Belapur CBD,16:50,16:53
HR,gtb_nagar,chunabhatti,2.0,DOWN,98171,PL141,12.0,,LOCAL,DAILY,Mumbai CSMT,Panvel,16:58,17:01
HR,gtb_nagar,chunabhatti,2.0,DOWN,98349,BR37,12.0,,LOCAL,DAILY,Mumbai CSMT,Belapur CBD,17:02,17:05
HR,gtb_nagar,chunabhatti,2.0,DOWN,98173,PLVD31,12.0,,LOCAL,NOT_SUN,Vadala Road,Panvel,17:06,17:09
HR,gtb_nagar,chunabhatti,2.0,DOWN,98537,V33,12.0,,LOCAL,DAILY,Mumbai CSMT,Vashi,17:10,17:13
HR,gtb_nagar,chunabhatti,2.0,DOWN,98175,PL143,12.0,,LOCAL,DAILY,Mumbai CSMT,Panvel,17:14,17:17
HR,gtb_nagar,chunabhatti,2.0,DOWN,98177,PLVD33,12.0,,LOCAL,DAILY,Vadala Road,Panvel,17:19,17:22
HR,gtb_nagar,chunabhatti,2.0,DOWN,98351,BR39,12.0,,LOCAL,DAILY,Mumbai CSMT,Belapur CBD,17:23,17:26
HR,gtb_nagar,chunabhatti,2.0,DOWN,98539,V35,12.0,,LOCAL,NOT_SUN,Mumbai CSMT,Vashi,17:27,17:30
HR,gtb_nagar,chunabhatti,2.0,DOWN,98179,PL145,12.0,,LOCAL,DAILY,Mumbai CSMT,Panvel,17:31,17:34
HR,gtb_nagar,chunabhatti,2.0,DOWN,98181,PLVD35,12.0,,AC,DAILY,Vadala Road,Panvel,17:35,17:38
HR,gtb_nagar,chunabhatti,2.0,DOWN,98353,BR41,12.0,,LOCAL,NOT_SUN,Mumbai CSMT,Belapur CBD,17:39,17:42
HR,gtb_nagar,chunabhatti,2.0,DOWN,98183,PL147,12.0,,LOCAL,DAILY,Mumbai CSMT,Panvel,17:43,17:46
HR,gtb_nagar,chunabhatti,2.0,DOWN,98541,V37,12.0,,LOCAL,NOT_SUN,Mumbai CSMT,Vashi,17:50,17:53
HR,gtb_nagar,chunabhatti,2.0,DOWN,98185,PL149,12.0,,LOCAL,DAILY,Mumbai CSMT,Panvel,17:56,17:59
HR,gtb_nagar,chunabhatti,2.0,DOWN,98187,PLVD37,12.0,,LOCAL,DAILY,Vadala Road,Panvel,18:00,18:03
HR,gtb_nagar,chunabhatti,2.0,DOWN,98363,BR49,12.0,,LOCAL,DAILY,Mumbai CSMT,Belapur CBD,20:00,20:03
HR,gtb_nagar,chunabhatti,2.0,DOWN,98215,PLVD43,12.0,,LOCAL,DAILY,Vadala Road,Panvel,20:04,20:07
HR,gtb_nagar,chunabhatti,2.0,DOWN,98553,V49,12.0,,LOCAL,NOT_SUN,Mumbai CSMT,Vashi,20:08,20:11
HR,gtb_nagar,chunabhatti,2.0,DOWN,98217,PL173,12.0,,LOCAL,DAILY,Mumbai CSMT,Panvel,20:12,20:15
HR,gtb_nagar,chunabhatti,2.0,DOWN,98365,BR51,12.0,,LOCAL,NOT_SUN,Mumbai CSMT,Belapur CBD,20:16,20:19
HR,gtb_nagar,chunabhatti,2.0,DOWN,98219,PLVD45,12.0,,LOCAL,NOT_SUN,Vadala Road,Panvel,20:20,20:23
HR,gtb_nagar,chunabhatti,2.0,DOWN,98221,PL175,12.0,,AC,DAILY,Mumbai CSMT,Panvel,20:24,20:27
HR,gtb_nagar,chunabhatti,2.0,DOWN,98555,V51,12.0,,LOCAL,DAILY,Mumbai CSMT,Vashi,20:28,20:31
HR,gtb_nagar,chunabhatti,2.0,DOWN,98914,GNPL14,12.0,,LOCAL,DAILY,Goregaon,Panvel,20:32,20:35
HR,gtb_nagar,chunabhatti,2.0,DOWN,98223,PL177,12.0,,LOCAL,DAILY,Mumbai CSMT,Panvel,20:40,20:43
HR,gtb_nagar,chunabhatti,2.0,DOWN,98367,BR53,12.0,,LOCAL,DAILY,Mumbai CSMT,Belapur CBD,20:52,20:55
HR,gtb_nagar,chunabhatti,2.0,DOWN,98225,PL179,12.0,,LOCAL,DAILY,Mumbai CSMT,Panvel,20:56,20:59
HR,gtb_nagar,chunabhatti,2.0,DOWN,98227,PLVD47,12.0,,LOCAL,NOT_SUN,Vadala Road,Panvel,21:00,21:03
HR,gtb_nagar,chunabhatti,2.0,DOWN,98557,V53,12.0,,LOCAL,NOT_SUN,Mumbai CSMT,Vashi,21:04,21:07
HR,gtb_nagar,chunabhatti,2.0,DOWN,98916,GNPL16,12.0,,LOCAL,DAILY,Goregaon,Panvel,21:08,21:11
HR,gtb_nagar,chunabhatti,2.0,DOWN,98229,PL181,12.0,,LOCAL,DAILY,Mumbai CSMT,Panvel,21:12,21:15
HR,gtb_nagar,chunabhatti,2.0,DOWN,98231,PLVD49,12.0,,LOCAL,DAILY,Vadala Road,Panvel,21:16,21:19
HR,gtb_nagar,chunabhatti,2.0,DOWN,98233,PL183,12.0,,LOCAL,DAILY,Mumbai CSMT,Panvel,21:25,21:28
HR,gtb_nagar,chunabhatti,2.0,DOWN,98559,V55,12.0,,LOCAL,NOT_SUN,Mumbai CSMT,Vashi,21:29,21:32
HR,gtb_nagar,chunabhatti,2.0,DOWN,98235,PL185,12.0,,LOCAL,DAILY,Mumbai CSMT,Panvel,21:37,21:40
HR,gtb_nagar,chunabhatti,2.0,DOWN,98369,BR55,12.0,,LOCAL,DAILY,Mumbai CSMT,Belapur CBD,21:41,21:44
HR,gtb_nagar,chunabhatti,2.0,DOWN,98237,PLVD51,12.0,,LOCAL,NOT_SUN,Vadala Road,Panvel,21:45,21:48
HR,gtb_nagar,chunabhatti,2.0,DOWN,98561,V57,12.0,,LOCAL,NOT_SUN,Mumbai CSMT,Vashi,21:49,21:52
HR,gtb_nagar,chunabhatti,2.0,DOWN,98239,PL187,12.0,,AC,DAILY,Mumbai CSMT,Panvel,21:53,21:56
HR,chunabhatti,kurla_hr,1.9,DOWN,98003,PL3,12.0,,LOCAL,DAILY,Mumbai CSMT,Panvel,00:08,00:11
HR,chunabhatti,kurla_hr,1.9,DOWN,98259,PL207,12.0,,LOCAL,DAILY,Mumbai CSMT,Panvel,00:18,00:21
HR,chunabhatti,kurla_hr,1.9,DOWN,98575,V71,12.0,,LOCAL,DAILY,Mumbai CSMT,Vashi,00:23,00:26
HR,chunabhatti,kurla_hr,1.9,DOWN,98301,BR1,12.0,,LOCAL,DAILY,Mumbai CSMT,Belapur CBD,00:31,00:34
HR,chunabhatti,kurla_hr,1.9,DOWN,98001,PL1,12.0,,LOCAL,DAILY,Mumbai CSMT,Panvel,00:39,00:42
HR,chunabhatti,kurla_hr,1.9,DOWN,98573,V69,12.0,,AC,DAILY,Mumbai CSMT,Vashi,00:50,00:53
HR,chunabhatti,kurla_hr,1.9,DOWN,98303,BRVD1,12.0,,LOCAL,DAILY,Vadala Road,Belapur CBD,00:58,01:01
HR,chunabhatti,kurla_hr,1.9,DOWN,98005,PL5,12.0,,LOCAL,DAILY,Mumbai CSMT,Panvel,01:06,01:09
HR,chunabhatti,kurla_hr,1.9,DOWN,98007,PL7,12.0,,LOCAL,DAILY,Mumbai CSMT,Panvel,04:58,05:01
HR,chunabhatti,kurla_hr,1.9,DOWN,98009,PLVD1,12.0,,AC,NOT_SUN,Vadala Road,Panvel,05:14,05:17
HR,chunabhatti,kurla_hr,1.9,DOWN,98011,PL9,12.0,,LOCAL,DAILY,Mumbai CSMT,Panvel,05:18,05:21
HR,chunabhatti,kurla_hr,1.9,DOWN,98013,PL11,12.0,,LOCAL,DAILY,Mumbai CSMT,Panvel,05:32,05:35
HR,chunabhatti,kurla_hr,1.9,DOWN,98015,PL13,12.0,,LOCAL,DAILY,Mumbai CSMT,Panvel,05:44,05:47
HR,chunabhatti,kurla_hr,1.9,DOWN,98017,PL15,12.0,,LOCAL,DAILY,Mumbai CSMT,Panvel,05:48,05:51
HR,chunabhatti,kurla_hr,1.9,DOWN,98019,PL17,12.0,,LOCAL,DAILY,Mumbai CSMT,Panvel,05:56,05:59
HR,chunabhatti,kurla_hr,1.9,DOWN,98021,PLVD3,12.0,,LOCAL,NOT_SUN,Vadala Road,Panvel,06:00,06:03
HR,chunabhatti,kurla_hr,1.9,DOWN,98503,VVD1,12.0,,LOCAL,DAILY,Vadala Road,Vashi,08:02,08:05
HR,chunabhatti,kurla_hr,1.9,DOWN,98051,PL43,12.0,,AC,DAILY,Mumbai CSMT,Panvel,08:06,08:09
HR,chunabhatti,kurla_hr,1.9,DOWN,98311,BR9,12.0,,LOCAL,DAILY,Mumbai CSMT,Belapur CBD,08:14,08:17
HR,chunabhatti,kurla_hr,1.9,DOWN,98902,GNPL2,12.0,,LOCAL,DAILY,Goregaon,Panvel,08:18,08:21
HR,chunabhatti,kurla_hr,1.9,DOWN,98053,PL45,12.0,,LOCAL,DAILY,Mumbai CSMT,Panvel,08:22,08:25
HR,chunabhatti,kurla_hr,1.9,DOWN,98055,PL47,12.0,,LOCAL,NOT_SUN,Mumbai CSMT,Panvel,08:26,08:29
HR,chunabhatti,kurla_hr,1.9,DOWN,98313,BRVD3,12.0,,LOCAL,NOT_SUN,Vadala Road,Belapur CBD,08:30,08:33
HR,chunabhatti,kurla_hr,1.9,DOWN,98057,PL49,12.0,,LOCAL,DAILY,Mumbai CSMT,Panvel,08:34,08:37
HR,chunabhatti,kurla_hr,1.9,DOWN,98505,V3,12.0,,LOCAL,DAILY,Mumbai CSMT,Vashi,08:38,08:41
HR,chunabhatti,kurla_hr,1.9,DOWN,98059,PLVD9,12.0,,LOCAL,NOT_SUN,Vadala Road,Panvel,08:42,08:45
HR,chunabhatti,kurla_hr,1.9,DOWN,98315,BR11,12.0,,LOCAL,DAILY,Mumbai CSMT,Belapur CBD,08:46,08:49
HR,chunabhatti,kurla_hr,1.9,DOWN,98061,PL51,12.0,,LOCAL,DAILY,Mumbai CSMT,Panvel,08:50,08:53
HR,chunabhatti,kurla_hr,1.9,DOWN,98063,PL53,12.0,,LOCAL,DAILY,Mumbai CSMT,Panvel,09:00,09:03
HR,chunabhatti,kurla_hr,1.9,DOWN,98605,CM1,12.0,,LOCAL,DAILY,Mumbai CSMT,Chembur,09:03,09:06
HR,chunabhatti,kurla_hr,1.9,DOWN,98507,V5,12.0,,LOCAL,DAILY,Mumbai CSMT,Vashi,09:12,09:15
HR,chunabhatti,kurla_hr,1.9,DOWN,98065,PLVD11,12.0,,LOCAL,DAILY,Vadala Road,Panvel,09:16,09:19
HR,chunabhatti,kurla_hr,1.9,DOWN,98067,PL55,12.0,,LOCAL,DAILY,Mumbai CSMT,Panvel,09:20,09:23
HR,chunabhatti,kurla_hr,1.9,DOWN,98317,BR13,12.0,,LOCAL,DAILY,Mumbai CSMT,Belapur CBD,09:24,09:27
HR,chunabhatti,kurla_hr,1.9,DOWN,98904,GNPL4,12.0,,LOCAL,DAILY,Goregaon,Panvel,09:28,09:31
HR,chunabhatti,kurla_hr,1.9,DOWN,98069,PL57,12.0,,LOCAL,DAILY,Mumbai CSMT,Panvel,09:32,09:35
HR,chunabhatti,kurla_hr,1.9,DOWN,98509,V7,12.0,,LOCAL,DAILY,Mumbai CSMT,Vashi,09:36,09:39
HR,chunabhatti,kurla_hr,1.9,DOWN,98071,PL59,12.0,,LOCAL,DAILY,Mumbai CSMT,Panvel,09:44,09:47
HR,chunabhatti,kurla_hr,1.9,DOWN,98511,V9,12.0,,LOCAL,NOT_SUN,Mumbai CSMT,Vashi,09:48,09:51
HR,chunabhatti,kurla_hr,1.9,DOWN,98319,BRVD5,12.0,,LOCAL,DAILY,Vadala Road,Belapur CBD,09:52,09:55
HR,chunabhatti,kurla_hr,1.9,DOWN,98073,PL61,12.0,,LOCAL,DAILY,Mumbai CSMT,Panvel,09:56,09:59
HR,chunabhatti,kurla_hr,1.9,DOWN,98513,V11,12.0,,LOCAL,NOT_SUN,Mumbai CSMT,Vashi,10:00,10:03
HR,chunabhatti,kurla_hr,1.9,DOWN,98101,PL85,12.0,,LOCAL,DAILY,Mumbai CSMT,Panvel,12:06,12:09
HR,chunabhatti,kurla_hr,1.9,DOWN,98103,PL87,12.0,,LOCAL,DAILY,Mumbai CSMT,Panvel,12:18,12:21
HR,chunabhatti,kurla_hr,1.9,DOWN,98105,PL89,12.0,,LOCAL,NOT_SUN,Mumbai CSMT,Panvel,12:22,12:25
HR,chunabhatti,kurla_hr,1.9,DOWN,98107,PLVD17,12.0,,LOCAL,NOT_SUN,Vadala Road,Panvel,12:26,12:29
HR,chunabhatti,kurla_hr,1.9,DOWN,98109,PL91,12.0,,LOCAL,DAILY,Mumbai CSMT,Panvel,12:34,12:37
HR,chunabhatti,kurla_hr,1.9,DOWN,98111,PL93,12.0,,LOCAL,NOT_SUN,Mumbai CSMT,Panvel,12:43,12:46
HR,chunabhatti,kurla_hr,1.9,DOWN,98335,BR25,12.0,,LOCAL,DAILY,Mumbai CSMT,Belapur CBD,12:51,12:54
HR,chunabhatti,kurla_hr,1.9,DOWN,98113,PL95,12.0,,LOCAL,DAILY,Mumbai CSMT,Panvel,12:55,12:58
HR,chunabhatti,kurla_hr,1.9,DOWN,98115,PLVD19,12.0,,LOCAL,DAILY,Vadala Road,Panvel,12:59,13:02
HR,chunabhatti,kurla_hr,1.9,DOWN,98337,BR27,12.0,,LOCAL,DAILY,Mumbai CSMT,Belapur CBD,13:05,13:08
HR,chunabhatti,kurla_hr,1.9,DOWN,98908,GNPL8,12.0,,LOCAL,DAILY,Goregaon,Panvel,13:09,13:12
HR,chunabhatti,kurla_hr,1.9,DOWN,98117,PL97,12.0,,LOCAL,DAILY,Mumbai CSMT,Panvel,13:17,13:20
HR,chunabhatti,kurla_hr,1.9,DOWN,98527,V25,12.0,,LOCAL,NOT_SUN,Mumbai CSMT,Vashi,13:21,13:24
HR,chunabhatti,kurla_hr,1.9,DOWN,98119,PLVD21,12.0,,AC,DAILY,Vadala Road,Panvel,13:25,13:28
HR,chunabhatti,kurla_hr,1.9,DOWN,98121,PL99,12.0,,LOCAL,DAILY,Mumbai CSMT,Panvel,13:29,13:32
HR,chunabhatti,kurla_hr,1.9,DOWN,98339,BR29,12.0,,AC,DAILY,Mumbai CSMT,Belapur CBD,13:33,13:36
HR,chunabhatti,kurla_hr,1.9,DOWN,98123,PL101,12.0,,LOCAL,DAILY,Mumbai CSMT,Panvel,13:41,13:44
HR,chunabhatti,kurla_hr,1.9,DOWN,98125,PL103,12.0,,LOCAL,DAILY,Mumbai CSMT,Panvel,13:45,13:48
HR,chunabhatti,kurla_hr,1.9,DOWN,98127,PL105,12.0,,LOCAL,DAILY,Mumbai CSMT,Panvel,13:56,13:59
HR,chunabhatti,kurla_hr,1.9,DOWN,98529,V27,12.0,,LOCAL,DAILY,Mumbai CSMT,Vashi,14:00,14:03
HR,chunabhatti,kurla_hr,1.9,DOWN,98157,PL131,12.0,,AC,DAILY,Mumbai CSMT,Panvel,16:02,16:05
HR,chunabhatti,kurla_hr,1.9,DOWN,98159,PL133,12.0,,LOCAL,DAILY,Mumbai CSMT,Panvel,16:10,16:13
HR,chunabhatti,kurla_hr,1.9,DOWN,98161,PLVD27,12.0,,LOCAL,DAILY,Vadala Road,Panvel,16:16,16:19
HR,chunabhatti,kurla_hr,1.9,DOWN,98533,V29,12.0,,AC,DAILY,Mumbai CSMT,Vashi,16:20,16:23
HR,chunabhatti,kurla_hr,1.9,DOWN,98163,PL135,12.0,,LOCAL,DAILY,Mumbai CSMT,Panvel,16:26,16:29
HR,chunabhatti,kurla_hr,1.9,DOWN,98165,PL137,12.0,,LOCAL,DAILY,Mumbai CSMT,Panvel,16:34,16:37
HR,chunabhatti,kurla_hr,1.9,DOWN,98535,V31,12.0,,LOCAL,NOT_SUN,Mumbai CSMT,Vashi,16:38,16:41
HR,chunabhatti,kurla_hr,1.9,DOWN,98167,PLVD29,12.0,,LOCAL,NOT_SUN,Vadala Road,Panvel,16:42,16:45
HR,chunabhatti,kurla_hr,1.9,DOWN,98169,PL139,12.0,,LOCAL,DAILY,Mumbai CSMT,Panvel,16:49,16:52
HR,chunabhatti,kurla_hr,1.9,DOWN,98347,BR35,12.0,,LOCAL,NOT_SUN,Mumbai CSMT,Belapur CBD,16:53,16:56
HR,chunabhatti,kurla_hr,1.9,DOWN,98171,PL141,12.0,,LOCAL,DAILY,Mumbai CSMT,Panvel,17:01,17:04
HR,chunabhatti,kurla_hr,1.9,DOWN,98349,BR37,12.0,,LOCAL,DAILY,Mumbai CSMT,Belapur CBD,17:05,17:08
HR,chunabhatti,kurla_hr,1.9,DOWN,98173,PLVD31,12.0,,LOCAL,NOT_SUN,Vadala Road,Panvel,17:09,17:12
HR,chunabhatti,kurla_hr,1.9,DOWN,98537,V33,12.0,,LOCAL,DAILY,Mumbai CSMT,Vashi,17:13,17:16
HR,chunabhatti,kurla_hr,1.9,DOWN,98175,PL143,12.0,,LOCAL,DAILY,Mumbai CSMT,Panvel,17:17,17:20
HR,chunabhatti,kurla_hr,1.9,DOWN,98177,PLVD33,12.0,,LOCAL,DAILY,Vadala Road,Panvel,17:22,17:25
HR,chunabhatti,kurla_hr,1.9,DOWN,98351,BR39,12.0,,LOCAL,DAILY,Mumbai CSMT,Belapur CBD,17:26,17:29
HR,chunabhatti,kurla_hr,1.9,DOWN,98539,V35,12.0,,LOCAL,NOT_SUN,Mumbai CSMT,Vashi,17:30,17:33
HR,chunabhatti,kurla_hr,1.9,DOWN,98179,PL145,12.0,,LOCAL,DAILY,Mumbai CSMT,Panvel,17:34,17:37
HR,chunabhatti,kurla_hr,1.9,DOWN,98181,PLVD35,12.0,,AC,DAILY,Vadala Road,Panvel,17:38,17:41
HR,chunabhatti,kurla_hr,1.9,DOWN,98353,BR41,12.0,,LOCAL,NOT_SUN,Mumbai CSMT,Belapur CBD,17:42,17:45
HR,chunabhatti,kurla_hr,1.9,DOWN,98183,PL147,12.0,,LOCAL,DAILY,Mumbai CSMT,Panvel,17:46,17:49
HR,chunabhatti,kurla_hr,1.9,DOWN,98541,V37,12.0,,LOCAL,NOT_SUN,Mumbai CSMT,Vashi,17:53,17:56
HR,chunabhatti,kurla_hr,1.9,DOWN,98185,PL149,12.0,,LOCAL,DAILY,Mumbai CSMT,Panvel,17:59,18:02
HR,chunabhatti,kurla_hr,1.9,DOWN,98213,PL171,12.0,,LOCAL,DAILY,Mumbai CSMT,Panvel,20:00,20:03
HR,chunabhatti,kurla_hr,1.9,DOWN,98363,BR49,12.0,,LOCAL,DAILY,Mumbai CSMT,Belapur CBD,20:03,20:06
HR,chunabhatti,kurla_hr,1.9,DOWN,98215,PLVD43,12.0,,LOCAL,DAILY,Vadala Road,Panvel,20:07,20:10
HR,chunabhatti,kurla_hr,1.9,DOWN,98553,V49,12.0,,LOCAL,NOT_SUN,Mumbai CSMT,Vashi,20:11,20:14
HR,chunabhatti,kurla_hr,1.9,DOWN,98217,PL173,12.0,,LOCAL,DAILY,Mumbai CSMT,Panvel,20:15,20:18
HR,chunabhatti,kurla_hr,1.9,DOWN,98365,BR51,12.0,,LOCAL,NOT_SUN,Mumbai CSMT,Belapur CBD,20:19,20:22
HR,chunabhatti,kurla_hr,1.9,DOWN,98219,PLVD45,12.0,,LOCAL,NOT_SUN,Vadala Road,Panvel,20:23,20:26
HR,chunabhatti,kurla_hr,1.9,DOWN,98221,PL175,12.0,,AC,DAILY,Mumbai CSMT,Panvel,20:27,20:30
HR,chunabhatti,kurla_hr,1.9,DOWN,98555,V51,12.0,,LOCAL,DAILY,Mumbai CSMT,Vashi,20:31,20:34
HR,chunabhatti,kurla_hr,1.9,DOWN,98914,GNPL14,12.0,,LOCAL,DAILY,Goregaon,Panvel,20:35,20:38
HR,chunabhatti,kurla_hr,1.9,DOWN,98223,PL177,12.0,,LOCAL,DAILY,Mumbai CSMT,Panvel,20:43,20:46
HR,chunabhatti,kurla_hr,1.9,DOWN,98367,BR53,12.0,,LOCAL,DAILY,Mumbai CSMT,Belapur CBD,20:55,20:58
HR,chunabhatti,kurla_hr,1.9,DOWN,98225,PL179,12.0,,LOCAL,DAILY,Mumbai CSMT,Panvel,20:59,21:02
HR,chunabhatti,kurla_hr,1.9,DOWN,98227,PLVD47,12.0,,LOCAL,NOT_SUN,Vadala Road,Panvel,21:03,21:06
HR,chunabhatti,kurla_hr,1.9,DOWN,98557,V53,12.0,,LOCAL,NOT_SUN,Mumbai CSMT,Vashi,21:07,21:10
HR,chunabhatti,kurla_hr,1.9,DOWN,98916,GNPL16,12.0,,LOCAL,DAILY,Goregaon,Panvel,21:11,21:14
HR,chunabhatti,kurla_hr,1.9,DOWN,98229,PL181,12.0,,LOCAL,DAILY,Mumbai CSMT,Panvel,21:15,21:18
HR,chunabhatti,kurla_hr,1.9,DOWN,98231,PLVD49,12.0,,LOCAL,DAILY,Vadala Road,Panvel,21:19,21:22
HR,chunabhatti,kurla_hr,1.9,DOWN,98233,PL183,12.0,,LOCAL,DAILY,Mumbai CSMT,Panvel,21:28,21:31
HR,chunabhatti,kurla_hr,1.9,DOWN,98559,V55,12.0,,LOCAL,NOT_SUN,Mumbai CSMT,Vashi,21:32,21:35
HR,chunabhatti,kurla_hr,1.9,DOWN,98235,PL185,12.0,,LOCAL,DAILY,Mumbai CSMT,Panvel,21:40,21:43
HR,chunabhatti,kurla_hr,1.9,DOWN,98369,BR55,12.0,,LOCAL,DAILY,Mumbai CSMT,Belapur CBD,21:44,21:47
HR,chunabhatti,kurla_hr,1.9,DOWN,98237,PLVD51,12.0,,LOCAL,NOT_SUN,Vadala Road,Panvel,21:48,21:51
HR,chunabhatti,kurla_hr,1.9,DOWN,98561,V57,12.0,,LOCAL,NOT_SUN,Mumbai CSMT,Vashi,21:52,21:55
HR,chunabhatti,kurla_hr,1.9,DOWN,98239,PL187,12.0,,AC,DAILY,Mumbai CSMT,Panvel,21:56,21:59
HR,kurla_hr,tilaknagar,1.0,DOWN,98003,PL3,12.0,,LOCAL,DAILY,Mumbai CSMT,Panvel,00:11,00:14
HR,kurla_hr,tilaknagar,1.0,DOWN,98259,PL207,12.0,,LOCAL,DAILY,Mumbai CSMT,Panvel,00:21,00:24
HR,kurla_hr,tilaknagar,1.0,DOWN,98575,V71,12.0,,LOCAL,DAILY,Mumbai CSMT,Vashi,00:26,00:29
HR,kurla_hr,tilaknagar,1.0,DOWN,98301,BR1,12.0,,LOCAL,DAILY,Mumbai CSMT,Belapur CBD,00:34,00:37
HR,kurla_hr,tilaknagar,1.0,DOWN,98001,PL1,12.0,,LOCAL,DAILY,Mumbai CSMT,Panvel,00:42,00:45
HR,kurla_hr,tilaknagar,1.0,DOWN,98573,V69,12.0,,AC,DAILY,Mumbai CSMT,Vashi,00:53,00:56
HR,kurla_hr,tilaknagar,1.0,DOWN,98303,BRVD1,12.0,,LOCAL,DAILY,Vadala Road,Belapur CBD,01:01,01:04
HR,kurla_hr,tilaknagar,1.0,DOWN,98005,PL5,12.0,,LOCAL,DAILY,Mumbai CSMT,Panvel,01:09,01:12
HR,kurla_hr,tilaknagar,1.0,DOWN,98007,PL7,12.0,,LOCAL,DAILY,Mumbai CSMT,Panvel,05:01,05:04
HR,kurla_hr,tilaknagar,1.0,DOWN,98009,PLVD1,12.0,,AC,NOT_SUN,Vadala Road,Panvel,05:17,05:20
HR,kurla_hr,tilaknagar,1.0,DOWN,98011,PL9,12.0,,LOCAL,DAILY,Mumbai CSMT,Panvel,05:21,05:24
HR,kurla_hr,tilaknagar,1.0,DOWN,98013,PL11,12.0,,LOCAL,DAILY,Mumbai CSMT,Panvel,05:35,05:38
HR,kurla_hr,tilaknagar,1.0,DOWN,98015,PL13,12.0,,LOCAL,DAILY,Mumbai CSMT,Panvel,05:47,05:50
HR,kurla_hr,tilaknagar,1.0,DOWN,98017,PL15,12.0,,LOCAL,DAILY,Mumbai CSMT,Panvel,05:51,05:54
HR,kurla_hr,tilaknagar,1.0,DOWN,98019,PL17,12.0,,LOCAL,DAILY,Mumbai CSMT,Panvel,05:59,06:02
HR,kurla_hr,tilaknagar,1.0,DOWN,98503,VVD1,12.0,,LOCAL,DAILY,Vadala Road,Vashi,08:05,08:08
HR,kurla_hr,tilaknagar,1.0,DOWN,98051,PL43,12.0,,AC,DAILY,Mumbai CSMT,Panvel,08:09,08:12
HR,kurla_hr,tilaknagar,1.0,DOWN,98311,BR9,12.0,,LOCAL,DAILY,Mumbai CSMT,Belapur CBD,08:17,08:20
HR,kurla_hr,tilaknagar,1.0,DOWN,98902,GNPL2,12.0,,LOCAL,DAILY,Goregaon,Panvel,08:21,08:24
HR,kurla_hr,tilaknagar,1.0,DOWN,98053,PL45,12.0,,LOCAL,DAILY,Mumbai CSMT,Panvel,08:25,08:28
HR,kurla_hr,tilaknagar,1.0,DOWN,98055,PL47,12.0,,LOCAL,NOT_SUN,Mumbai CSMT,Panvel,08:29,08:32
HR,kurla_hr,tilaknagar,1.0,DOWN,98313,BRVD3,12.0,,LOCAL,NOT_SUN,Vadala Road,Belapur CBD,08:33,08:36
HR,kurla_hr,tilaknagar,1.0,DOWN,98057,PL49,12.0,,LOCAL,DAILY,Mumbai CSMT,Panvel,08:37,08:40
HR,kurla_hr,tilaknagar,1.0,DOWN,98505,V3,12.0,,LOCAL,DAILY,Mumbai CSMT,Vashi,08:41,08:44
HR,kurla_hr,tilaknagar,1.0,DOWN,98059,PLVD9,12.0,,LOCAL,NOT_SUN,Vadala Road,Panvel,08:45,08:48
HR,kurla_hr,tilaknagar,1.0,DOWN,98315,BR11,12.0,,LOCAL,DAILY,Mumbai CSMT,Belapur CBD,08:49,08:52
HR,kurla_hr,tilaknagar,1.0,DOWN,98061,PL51,12.0,,LOCAL,DAILY,Mumbai CSMT,Panvel,08:53,08:56
HR,kurla_hr,tilaknagar,1.0,DOWN,98063,PL53,12.0,,LOCAL,DAILY,Mumbai CSMT,Panvel,09:03,09:06
HR,kurla_hr,tilaknagar,1.0,DOWN,98605,CM1,12.0,,LOCAL,DAILY,Mumbai CSMT,Chembur,09:06,09:09
HR,kurla_hr,tilaknagar,1.0,DOWN,98507,V5,12.0,,LOCAL,DAILY,Mumbai CSMT,Vashi,09:15,09:18
HR,kurla_hr,tilaknagar,1.0,DOWN,98065,PLVD11,12.0,,LOCAL,DAILY,Vadala Road,Panvel,09:19,09:22
HR,kurla_hr,tilaknagar,1.0,DOWN,98067,PL55,12.0,,LOCAL,DAILY,Mumbai CSMT,Panvel,09:23,09:26
HR,kurla_hr,tilaknagar,1.0,DOWN,98317,BR13,12.0,,LOCAL,DAILY,Mumbai CSMT,Belapur CBD,09:27,09:30
HR,kurla_hr,tilaknagar,1.0,DOWN,98904,GNPL4,12.0,,LOCAL,DAILY,Goregaon,Panvel,09:31,09:34
HR,kurla_hr,tilaknagar,1.0,DOWN,98069,PL57,12.0,,LOCAL,DAILY,Mumbai CSMT,Panvel,09:35,09:38
HR,kurla_hr,tilaknagar,1.0,DOWN,98509,V7,12.0,,LOCAL,DAILY,Mumbai CSMT,Vashi,09:39,09:42
HR,kurla_hr,tilaknagar,1.0,DOWN,98071,PL59,12.0,,LOCAL,DAILY,Mumbai CSMT,Panvel,09:47,09:50
HR,kurla_hr,tilaknagar,1.0,DOWN,98511,V9,12.0,,LOCAL,NOT_SUN,Mumbai CSMT,Vashi,09:51,09:54
HR,kurla_hr,tilaknagar,1.0,DOWN,98319,BRVD5,12.0,,LOCAL,DAILY,Vadala Road,Belapur CBD,09:55,09:58
HR,kurla_hr,tilaknagar,1.0,DOWN,98073,PL61,12.0,,LOCAL,DAILY,Mumbai CSMT,Panvel,09:59,10:02
HR,kurla_hr,tilaknagar,1.0,DOWN,98333,BR23,12.0,,LOCAL,DAILY,Mumbai CSMT,Belapur CBD,12:01,12:04
HR,kurla_hr,tilaknagar,1.0,DOWN,98101,PL85,12.0,,LOCAL,DAILY,Mumbai CSMT,Panvel,12:09,12:12
HR,kurla_hr,tilaknagar,1.0,DOWN,98103,PL87,12.0,,LOCAL,DAILY,Mumbai CSMT,Panvel,12:21,12:24
HR,kurla_hr,tilaknagar,1.0,DOWN,98105,PL89,12.0,,LOCAL,NOT_SUN,Mumbai CSMT,Panvel,12:25,12:28
HR,kurla_hr,tilaknagar,1.0,DOWN,98107,PLVD17,12.0,,LOCAL,NOT_SUN,Vadala Road,Panvel,12:29,12:32
HR,kurla_hr,tilaknagar,1.0,DOWN,98109,PL91,12.0,,LOCAL,DAILY,Mumbai CSMT,Panvel,12:37,12:40
HR,kurla_hr,tilaknagar,1.0,DOWN,98111,PL93,12.0,,LOCAL,NOT_SUN,Mumbai CSMT,Panvel,12:46,12:49
HR,kurla_hr,tilaknagar,1.0,DOWN,98335,BR25,12.0,,LOCAL,DAILY,Mumbai CSMT,Belapur CBD,12:54,12:57
HR,kurla_hr,tilaknagar,1.0,DOWN,98113,PL95,12.0,,LOCAL,DAILY,Mumbai CSMT,Panvel,12:58,13:01
HR,kurla_hr,tilaknagar,1.0,DOWN,98115,PLVD19,12.0,,LOCAL,DAILY,Vadala Road,Panvel,13:02,13:05
HR,kurla_hr,tilaknagar,1.0,DOWN,98337,BR27,12.0,,LOCAL,DAILY,Mumbai CSMT,Belapur CBD,13:08,13:11
HR,kurla_hr,tilaknagar,1.0,DOWN,98908,GNPL8,12.0,,LOCAL,DAILY,Goregaon,Panvel,13:12,13:15
HR,kurla_hr,tilaknagar,1.0,DOWN,98117,PL97,12.0,,LOCAL,DAILY,Mumbai CSMT,Panvel,13:20,13:23
HR,kurla_hr,tilaknagar,1.0,DOWN,98527,V25,12.0,,LOCAL,NOT_SUN,Mumbai CSMT,Vashi,13:24,13:27
HR,kurla_hr,tilaknagar,1.0,DOWN,98119,PLVD21,12.0,,AC,DAILY,Vadala Road,Panvel,13:28,13:31
HR,kurla_hr,tilaknagar,1.0,DOWN,98121,PL99,12.0,,LOCAL,DAILY,Mumbai CSMT,Panvel,13:32,13:35
HR,kurla_hr,tilaknagar,1.0,DOWN,98339,BR29,12.0,,AC,DAILY,Mumbai CSMT,Belapur CBD,13:36,13:39
HR,kurla_hr,tilaknagar,1.0,DOWN,98123,PL101,12.0,,LOCAL,DAILY,Mumbai CSMT,Panvel,13:44,13:47
HR,kurla_hr,tilaknagar,1.0,DOWN,98125,PL103,12.0,,LOCAL,DAILY,Mumbai CSMT,Panvel,13:48,13:51
HR,kurla_hr,tilaknagar,1.0,DOWN,98127,PL105,12.0,,LOCAL,DAILY,Mumbai CSMT,Panvel,13:59,14:02
HR,kurla_hr,tilaknagar,1.0,DOWN,98531,VVD3,12.0,,LOCAL,DAILY,Vadala Road,Vashi,16:01,16:04
HR,kurla_hr,tilaknagar,1.0,DOWN,98157,PL131,12.0,,AC,DAILY,Mumbai CSMT,Panvel,16:05,16:08
HR,kurla_hr,tilaknagar,1.0,DOWN,98159,PL133,12.0,,LOCAL,DAILY,Mumbai CSMT,Panvel,16:13,16:16
HR,kurla_hr,tilaknagar,1.0,DOWN,98161,PLVD27,12.0,,LOCAL,DAILY,Vadala Road,Panvel,16:19,16:22
HR,kurla_hr,tilaknagar,1.0,DOWN,98533,V29,12.0,,AC,DAILY,Mumbai CSMT,Vashi,16:23,16:26
HR,kurla_hr,tilaknagar,1.0,DOWN,98163,PL135,12.0,,LOCAL,DAILY,Mumbai CSMT,Panvel,16:29,16:32
HR,kurla_hr,tilaknagar,1.0,DOWN,98165,PL137,12.0,,LOCAL,DAILY,Mumbai CSMT,Panvel,16:37,16:40
HR,kurla_hr,tilaknagar,1.0,DOWN,98535,V31,12.0,,LOCAL,NOT_SUN,Mumbai CSMT,Vashi,16:41,16:44
HR,kurla_hr,tilaknagar,1.0,DOWN,98167,PLVD29,12.0,,LOCAL,NOT_SUN,Vadala Road,Panvel,16:45,16:48
HR,kurla_hr,tilaknagar,1.0,DOWN,98169,PL139,12.0,,LOCAL,DAILY,Mumbai CSMT,Panvel,16:52,16:55
HR,kurla_hr,tilaknagar,1.0,DOWN,98347,BR35,12.0,,LOCAL,NOT_SUN,Mumbai CSMT,Belapur CBD,16:56,16:59
HR,kurla_hr,tilaknagar,1.0,DOWN,98171,PL141,12.0,,LOCAL,DAILY,Mumbai CSMT,Panvel,17:04,17:07
HR,kurla_hr,tilaknagar,1.0,DOWN,98349,BR37,12.0,,LOCAL,DAILY,Mumbai CSMT,Belapur CBD,17:08,17:11
HR,kurla_hr,tilaknagar,1.0,DOWN,98173,PLVD31,12.0,,LOCAL,NOT_SUN,Vadala Road,Panvel,17:12,17:15
HR,kurla_hr,tilaknagar,1.0,DOWN,98537,V33,12.0,,LOCAL,DAILY,Mumbai CSMT,Vashi,17:16,17:19
HR,kurla_hr,tilaknagar,1.0,DOWN,98175,PL143,12.0,,LOCAL,DAILY,Mumbai CSMT,Panvel,17:20,17:23
HR,kurla_hr,tilaknagar,1.0,DOWN,98177,PLVD33,12.0,,LOCAL,DAILY,Vadala Road,Panvel,17:25,17:27
HR,kurla_hr,tilaknagar,1.0,DOWN,98351,BR39,12.0,,LOCAL,DAILY,Mumbai CSMT,Belapur CBD,17:29,17:32
HR,kurla_hr,tilaknagar,1.0,DOWN,98539,V35,12.0,,LOCAL,NOT_SUN,Mumbai CSMT,Vashi,17:33,17:36
HR,kurla_hr,tilaknagar,1.0,DOWN,98179,PL145,12.0,,LOCAL,DAILY,Mumbai CSMT,Panvel,17:37,17:40
HR,kurla_hr,tilaknagar,1.0,DOWN,98181,PLVD35,12.0,,AC,DAILY,Vadala Road,Panvel,17:41,17:44
HR,kurla_hr,tilaknagar,1.0,DOWN,98353,BR41,12.0,,LOCAL,NOT_SUN,Mumbai CSMT,Belapur CBD,17:45,17:48
HR,kurla_hr,tilaknagar,1.0,DOWN,98183,PL147,12.0,,LOCAL,DAILY,Mumbai CSMT,Panvel,17:49,17:52
HR,kurla_hr,tilaknagar,1.0,DOWN,98541,V37,12.0,,LOCAL,NOT_SUN,Mumbai CSMT,Vashi,17:56,17:59
HR,kurla_hr,tilaknagar,1.0,DOWN,98213,PL171,12.0,,LOCAL,DAILY,Mumbai CSMT,Panvel,20:03,20:06
HR,kurla_hr,tilaknagar,1.0,DOWN,98363,BR49,12.0,,LOCAL,DAILY,Mumbai CSMT,Belapur CBD,20:06,20:09
HR,kurla_hr,tilaknagar,1.0,DOWN,98215,PLVD43,12.0,,LOCAL,DAILY,Vadala Road,Panvel,20:10,20:13
HR,kurla_hr,tilaknagar,1.0,DOWN,98553,V49,12.0,,LOCAL,NOT_SUN,Mumbai CSMT,Vashi,20:14,20:17
HR,kurla_hr,tilaknagar,1.0,DOWN,98217,PL173,12.0,,LOCAL,DAILY,Mumbai CSMT,Panvel,20:18,20:21
HR,kurla_hr,tilaknagar,1.0,DOWN,98365,BR51,12.0,,LOCAL,NOT_SUN,Mumbai CSMT,Belapur CBD,20:22,20:25
HR,kurla_hr,tilaknagar,1.0,DOWN,98219,PLVD45,12.0,,LOCAL,NOT_SUN,Vadala Road,Panvel,20:26,20:28
HR,kurla_hr,tilaknagar,1.0,DOWN,98221,PL175,12.0,,AC,DAILY,Mumbai CSMT,Panvel,20:30,20:32
HR,kurla_hr,tilaknagar,1.0,DOWN,98555,V51,12.0,,LOCAL,DAILY,Mumbai CSMT,Vashi,20:34,20:36
HR,kurla_hr,tilaknagar,1.0,DOWN,98914,GNPL14,12.0,,LOCAL,DAILY,Goregaon,Panvel,20:38,20:41
HR,kurla_hr,tilaknagar,1.0,DOWN,98223,PL177,12.0,,LOCAL,DAILY,Mumbai CSMT,Panvel,20:46,20:49
HR,kurla_hr,tilaknagar,1.0,DOWN,98367,BR53,12.0,,LOCAL,DAILY,Mumbai CSMT,Belapur CBD,20:58,21:01
HR,kurla_hr,tilaknagar,1.0,DOWN,98225,PL179,12.0,,LOCAL,DAILY,Mumbai CSMT,Panvel,21:02,21:05
HR,kurla_hr,tilaknagar,1.0,DOWN,98227,PLVD47,12.0,,LOCAL,NOT_SUN,Vadala Road,Panvel,21:06,21:08
HR,kurla_hr,tilaknagar,1.0,DOWN,98557,V53,12.0,,LOCAL,NOT_SUN,Mumbai CSMT,Vashi,21:10,21:13
HR,kurla_hr,tilaknagar,1.0,DOWN,98916,GNPL16,12.0,,LOCAL,DAILY,Goregaon,Panvel,21:14,21:17
HR,kurla_hr,tilaknagar,1.0,DOWN,98229,PL181,12.0,,LOCAL,DAILY,Mumbai CSMT,Panvel,21:18,21:21
HR,kurla_hr,tilaknagar,1.0,DOWN,98231,PLVD49,12.0,,LOCAL,DAILY,Vadala Road,Panvel,21:22,21:25
HR,kurla_hr,tilaknagar,1.0,DOWN,98233,PL183,12.0,,LOCAL,DAILY,Mumbai CSMT,Panvel,21:31,21:34
HR,kurla_hr,tilaknagar,1.0,DOWN,98559,V55,12.0,,LOCAL,NOT_SUN,Mumbai CSMT,Vashi,21:35,21:38
HR,kurla_hr,tilaknagar,1.0,DOWN,98235,PL185,12.0,,LOCAL,DAILY,Mumbai CSMT,Panvel,21:43,21:46
HR,kurla_hr,tilaknagar,1.0,DOWN,98369,BR55,12.0,,LOCAL,DAILY,Mumbai CSMT,Belapur CBD,21:47,21:50
HR,kurla_hr,tilaknagar,1.0,DOWN,98237,PLVD51,12.0,,LOCAL,NOT_SUN,Vadala Road,Panvel,21:51,21:54
HR,kurla_hr,tilaknagar,1.0,DOWN,98561,V57,12.0,,LOCAL,NOT_SUN,Mumbai CSMT,Vashi,21:55,21:58
HR,kurla_hr,tilaknagar,1.0,DOWN,98239,PL187,12.0,,AC,DAILY,Mumbai CSMT,Panvel,21:59,22:02
HR,tilaknagar,chembur,0.9,DOWN,98257,PL205,12.0,,LOCAL,DAILY,Mumbai CSMT,Panvel,00:02,00:04
HR,tilaknagar,chembur,0.9,DOWN,98003,PL3,12.0,,LOCAL,DAILY,Mumbai CSMT,Panvel,00:14,00:16
HR,tilaknagar,chembur,0.9,DOWN,98259,PL207,12.0,,LOCAL,DAILY,Mumbai CSMT,Panvel,00:24,00:26
HR,tilaknagar,chembur,0.9,DOWN,98575,V71,12.0,,LOCAL,DAILY,Mumbai CSMT,Vashi,00:29,00:31
HR,tilaknagar,chembur,0.9,DOWN,98301,BR1,12.0,,LOCAL,DAILY,Mumbai CSMT,Belapur CBD,00:37,00:39
HR,tilaknagar,chembur,0.9,DOWN,98001,PL1,12.0,,LOCAL,DAILY,Mumbai CSMT,Panvel,00:45,00:47
HR,tilaknagar,chembur,0.9,DOWN,98573,V69,12.0,,AC,DAILY,Mumbai CSMT,Vashi,00:56,00:58
HR,tilaknagar,chembur,0.9,DOWN,98303,BRVD1,12.0,,LOCAL,DAILY,Vadala Road,Belapur CBD,01:04,01:06
HR,tilaknagar,chembur,0.9,DOWN,98005,PL5,12.0,,LOCAL,DAILY,Mumbai CSMT,Panvel,01:12,01:14
HR,tilaknagar,chembur,0.9,DOWN,98007,PL7,12.0,,LOCAL,DAILY,Mumbai CSMT,Panvel,05:04,05:06
HR,tilaknagar,chembur,0.9,DOWN,98009,PLVD1,12.0,,AC,NOT_SUN,Vadala Road,Panvel,05:20,05:22
HR,tilaknagar,chembur,0.9,DOWN,98011,PL9,12.0,,LOCAL,DAILY,Mumbai CSMT,Panvel,05:24,05:26
HR,tilaknagar,chembur,0.9,DOWN,98013,PL11,12.0,,LOCAL,DAILY,Mumbai CSMT,Panvel,05:38,05:40
HR,tilaknagar,chembur,0.9,DOWN,98015,PL13,12.0,,LOCAL,DAILY,Mumbai CSMT,Panvel,05:50,05:52
HR,tilaknagar,chembur,0.9,DOWN,98017,PL15,12.0,,LOCAL,DAILY,Mumbai CSMT,Panvel,05:54,05:56
HR,tilaknagar,chembur,0.9,DOWN,98309,BR7,12.0,,LOCAL,NOT_SUN,Mumbai CSMT,Belapur CBD,08:02,08:04
HR,tilaknagar,chembur,0.9,DOWN,98503,VVD1,12.0,,LOCAL,DAILY,Vadala Road,Vashi,08:08,08:10
HR,tilaknagar,chembur,0.9,DOWN,98051,PL43,12.0,,AC,DAILY,Mumbai CSMT,Panvel,08:12,08:14
HR,tilaknagar,chembur,0.9,DOWN,98311,BR9,12.0,,LOCAL,DAILY,Mumbai CSMT,Belapur CBD,08:20,08:22
HR,tilaknagar,chembur,0.9,DOWN,98902,GNPL2,12.0,,LOCAL,DAILY,Goregaon,Panvel,08:24,08:26
HR,tilaknagar,chembur,0.9,DOWN,98053,PL45,12.0,,LOCAL,DAILY,Mumbai CSMT,Panvel,08:28,08:30
HR,tilaknagar,chembur,0.9,DOWN,98055,PL47,12.0,,LOCAL,NOT_SUN,Mumbai CSMT,Panvel,08:32,08:34
HR,tilaknagar,chembur,0.9,DOWN,98313,BRVD3,12.0,,LOCAL,NOT_SUN,Vadala Road,Belapur CBD,08:36,08:38
HR,tilaknagar,chembur,0.9,DOWN,98057,PL49,12.0,,LOCAL,DAILY,Mumbai CSMT,Panvel,08:40,08:42
HR,tilaknagar,chembur,0.9,DOWN,98505,V3,12.0,,LOCAL,DAILY,Mumbai CSMT,Vashi,08:44,08:46
HR,tilaknagar,chembur,0.9,DOWN,98059,PLVD9,12.0,,LOCAL,NOT_SUN,Vadala Road,Panvel,08:48,08:50
HR,tilaknagar,chembur,0.9,DOWN,98315,BR11,12.0,,LOCAL,DAILY,Mumbai CSMT,Belapur CBD,08:52,08:54
HR,tilaknagar,chembur,0.9,DOWN,98061,PL51,12.0,,LOCAL,DAILY,Mumbai CSMT,Panvel,08:56,08:58
HR,tilaknagar,chembur,0.9,DOWN,98063,PL53,12.0,,LOCAL,DAILY,Mumbai CSMT,Panvel,09:06,09:08
HR,tilaknagar,chembur,0.9,DOWN,98605,CM1,12.0,,LOCAL,DAILY,Mumbai CSMT,Chembur,09:09,09:11
HR,tilaknagar,chembur,0.9,DOWN,98507,V5,12.0,,LOCAL,DAILY,Mumbai CSMT,Vashi,09:18,09:20
HR,tilaknagar,chembur,0.9,DOWN,98065,PLVD11,12.0,,LOCAL,DAILY,Vadala Road,Panvel,09:22,09:24
HR,tilaknagar,chembur,0.9,DOWN,98067,PL55,12.0,,LOCAL,DAILY,Mumbai CSMT,Panvel,09:26,09:28
HR,tilaknagar,chembur,0.9,DOWN,98317,BR13,12.0,,LOCAL,DAILY,Mumbai CSMT,Belapur CBD,09:30,09:32
HR,tilaknagar,chembur,0.9,DOWN,98904,GNPL4,12.0,,LOCAL,DAILY,Goregaon,Panvel,09:34,09:36
HR,tilaknagar,chembur,0.9,DOWN,98069,PL57,12.0,,LOCAL,DAILY,Mumbai CSMT,Panvel,09:38,09:40
HR,tilaknagar,chembur,0.9,DOWN,98509,V7,12.0,,LOCAL,DAILY,Mumbai CSMT,Vashi,09:42,09:44
HR,tilaknagar,chembur,0.9,DOWN,98071,PL59,12.0,,LOCAL,DAILY,Mumbai CSMT,Panvel,09:50,09:52
HR,tilaknagar,chembur,0.9,DOWN,98511,V9,12.0,,LOCAL,NOT_SUN,Mumbai CSMT,Vashi,09:54,09:56
HR,tilaknagar,chembur,0.9,DOWN,98319,BRVD5,12.0,,LOCAL,DAILY,Vadala Road,Belapur CBD,09:58,10:00
HR,tilaknagar,chembur,0.9,DOWN,98333,BR23,12.0,,LOCAL,DAILY,Mumbai CSMT,Belapur CBD,12:04,12:06
HR,tilaknagar,chembur,0.9,DOWN,98101,PL85,12.0,,LOCAL,DAILY,Mumbai CSMT,Panvel,12:12,12:14
HR,tilaknagar,chembur,0.9,DOWN,98103,PL87,12.0,,LOCAL,DAILY,Mumbai CSMT,Panvel,12:24,12:26
HR,tilaknagar,chembur,0.9,DOWN,98105,PL89,12.0,,LOCAL,NOT_SUN,Mumbai CSMT,Panvel,12:28,12:30
HR,tilaknagar,chembur,0.9,DOWN,98107,PLVD17,12.0,,LOCAL,NOT_SUN,Vadala Road,Panvel,12:32,12:34
HR,tilaknagar,chembur,0.9,DOWN,98109,PL91,12.0,,LOCAL,DAILY,Mumbai CSMT,Panvel,12:40,12:42
HR,tilaknagar,chembur,0.9,DOWN,98111,PL93,12.0,,LOCAL,NOT_SUN,Mumbai CSMT,Panvel,12:49,12:51
HR,tilaknagar,chembur,0.9,DOWN,98335,BR25,12.0,,LOCAL,DAILY,Mumbai CSMT,Belapur CBD,12:57,12:59
HR,tilaknagar,chembur,0.9,DOWN,98113,PL95,12.0,,LOCAL,DAILY,Mumbai CSMT,Panvel,13:01,13:03
HR,tilaknagar,chembur,0.9,DOWN,98115,PLVD19,12.0,,LOCAL,DAILY,Vadala Road,Panvel,13:05,13:07
HR,tilaknagar,chembur,0.9,DOWN,98337,BR27,12.0,,LOCAL,DAILY,Mumbai CSMT,Belapur CBD,13:11,13:13
HR,tilaknagar,chembur,0.9,DOWN,98908,GNPL8,12.0,,LOCAL,DAILY,Goregaon,Panvel,13:15,13:17
HR,tilaknagar,chembur,0.9,DOWN,98117,PL97,12.0,,LOCAL,DAILY,Mumbai CSMT,Panvel,13:23,13:25
HR,tilaknagar,chembur,0.9,DOWN,98527,V25,12.0,,LOCAL,NOT_SUN,Mumbai CSMT,Vashi,13:27,13:29
HR,tilaknagar,chembur,0.9,DOWN,98119,PLVD21,12.0,,AC,DAILY,Vadala Road,Panvel,13:31,13:33
HR,tilaknagar,chembur,0.9,DOWN,98121,PL99,12.0,,LOCAL,DAILY,Mumbai CSMT,Panvel,13:35,13:37
HR,tilaknagar,chembur,0.9,DOWN,98339,BR29,12.0,,AC,DAILY,Mumbai CSMT,Belapur CBD,13:39,13:41
HR,tilaknagar,chembur,0.9,DOWN,98123,PL101,12.0,,LOCAL,DAILY,Mumbai CSMT,Panvel,13:47,13:49
HR,tilaknagar,chembur,0.9,DOWN,98125,PL103,12.0,,LOCAL,DAILY,Mumbai CSMT,Panvel,13:51,13:53
HR,tilaknagar,chembur,0.9,DOWN,98155,PL129,12.0,,LOCAL,DAILY,Mumbai CSMT,Panvel,16:00,16:02
HR,tilaknagar,chembur,0.9,DOWN,98531,VVD3,12.0,,LOCAL,DAILY,Vadala Road,Vashi,16:04,16:06
HR,tilaknagar,chembur,0.9,DOWN,98157,PL131,12.0,,AC,DAILY,Mumbai CSMT,Panvel,16:08,16:10
HR,tilaknagar,chembur,0.9,DOWN,98159,PL133,12.0,,LOCAL,DAILY,Mumbai CSMT,Panvel,16:16,16:18
HR,tilaknagar,chembur,0.9,DOWN,98161,PLVD27,12.0,,LOCAL,DAILY,Vadala Road,Panvel,16:22,16:24
HR,tilaknagar,chembur,0.9,DOWN,98533,V29,12.0,,AC,DAILY,Mumbai CSMT,Vashi,16:26,16:28
HR,tilaknagar,chembur,0.9,DOWN,98163,PL135,12.0,,LOCAL,DAILY,Mumbai CSMT,Panvel,16:32,16:34
HR,tilaknagar,chembur,0.9,DOWN,98165,PL137,12.0,,LOCAL,DAILY,Mumbai CSMT,Panvel,16:40,16:42
HR,tilaknagar,chembur,0.9,DOWN,98535,V31,12.0,,LOCAL,NOT_SUN,Mumbai CSMT,Vashi,16:44,16:46
HR,tilaknagar,chembur,0.9,DOWN,98167,PLVD29,12.0,,LOCAL,NOT_SUN,Vadala Road,Panvel,16:48,16:50
HR,tilaknagar,chembur,0.9,DOWN,98169,PL139,12.0,,LOCAL,DAILY,Mumbai CSMT,Panvel,16:55,16:57
HR,tilaknagar,chembur,0.9,DOWN,98347,BR35,12.0,,LOCAL,NOT_SUN,Mumbai CSMT,Belapur CBD,16:59,17:01
HR,tilaknagar,chembur,0.9,DOWN,98171,PL141,12.0,,LOCAL,DAILY,Mumbai CSMT,Panvel,17:07,17:09
HR,tilaknagar,chembur,0.9,DOWN,98349,BR37,12.0,,LOCAL,DAILY,Mumbai CSMT,Belapur CBD,17:11,17:13
HR,tilaknagar,chembur,0.9,DOWN,98173,PLVD31,12.0,,LOCAL,NOT_SUN,Vadala Road,Panvel,17:15,17:17
HR,tilaknagar,chembur,0.9,DOWN,98537,V33,12.0,,LOCAL,DAILY,Mumbai CSMT,Vashi,17:19,17:21
HR,tilaknagar,chembur,0.9,DOWN,98175,PL143,12.0,,LOCAL,DAILY,Mumbai CSMT,Panvel,17:23,17:25
HR,tilaknagar,chembur,0.9,DOWN,98177,PLVD33,12.0,,LOCAL,DAILY,Vadala Road,Panvel,17:27,17:30
HR,tilaknagar,chembur,0.9,DOWN,98351,BR39,12.0,,LOCAL,DAILY,Mumbai CSMT,Belapur CBD,17:32,17:34
HR,tilaknagar,chembur,0.9,DOWN,98539,V35,12.0,,LOCAL,NOT_SUN,Mumbai CSMT,Vashi,17:36,17:38
HR,tilaknagar,chembur,0.9,DOWN,98179,PL145,12.0,,LOCAL,DAILY,Mumbai CSMT,Panvel,17:40,17:42
HR,tilaknagar,chembur,0.9,DOWN,98181,PLVD35,12.0,,AC,DAILY,Vadala Road,Panvel,17:44,17:46
HR,tilaknagar,chembur,0.9,DOWN,98353,BR41,12.0,,LOCAL,NOT_SUN,Mumbai CSMT,Belapur CBD,17:48,17:50
HR,tilaknagar,chembur,0.9,DOWN,98183,PL147,12.0,,LOCAL,DAILY,Mumbai CSMT,Panvel,17:52,17:54
HR,tilaknagar,chembur,0.9,DOWN,98541,V37,12.0,,LOCAL,NOT_SUN,Mumbai CSMT,Vashi,17:59,18:01
HR,tilaknagar,chembur,0.9,DOWN,98551,V47,12.0,,LOCAL,NOT_SUN,Mumbai CSMT,Vashi,20:02,20:04
HR,tilaknagar,chembur,0.9,DOWN,98213,PL171,12.0,,LOCAL,DAILY,Mumbai CSMT,Panvel,20:06,20:08
HR,tilaknagar,chembur,0.9,DOWN,98363,BR49,12.0,,LOCAL,DAILY,Mumbai CSMT,Belapur CBD,20:09,20:11
HR,tilaknagar,chembur,0.9,DOWN,98215,PLVD43,12.0,,LOCAL,DAILY,Vadala Road,Panvel,20:13,20:15
HR,tilaknagar,chembur,0.9,DOWN,98553,V49,12.0,,LOCAL,NOT_SUN,Mumbai CSMT,Vashi,20:17,20:19
HR,tilaknagar,chembur,0.9,DOWN,98217,PL173,12.0,,LOCAL,DAILY,Mumbai CSMT,Panvel,20:21,20:23
HR,tilaknagar,chembur,0.9,DOWN,98365,BR51,12.0,,LOCAL,NOT_SUN,Mumbai CSMT,Belapur CBD,20:25,20:27
HR,tilaknagar,chembur,0.9,DOWN,98219,PLVD45,12.0,,LOCAL,NOT_SUN,Vadala Road,Panvel,20:28,20:31
HR,tilaknagar,chembur,0.9,DOWN,98221,PL175,12.0,,AC,DAILY,Mumbai CSMT,Panvel,20:32,20:35
HR,tilaknagar,chembur,0.9,DOWN,98555,V51,12.0,,LOCAL,DAILY,Mumbai CSMT,Vashi,20:36,20:39
HR,tilaknagar,chembur,0.9,DOWN,98914,GNPL14,12.0,,LOCAL,DAILY,Goregaon,Panvel,20:41,20:43
HR,tilaknagar,chembur,0.9,DOWN,98223,PL177,12.0,,LOCAL,DAILY,Mumbai CSMT,Panvel,20:49,20:51
HR,tilaknagar,chembur,0.9,DOWN,98367,BR53,12.0,,LOCAL,DAILY,Mumbai CSMT,Belapur CBD,21:01,21:03
HR,tilaknagar,chembur,0.9,DOWN,98225,PL179,12.0,,LOCAL,DAILY,Mumbai CSMT,Panvel,21:05,21:07
HR,tilaknagar,chembur,0.9,DOWN,98227,PLVD47,12.0,,LOCAL,NOT_SUN,Vadala Road,Panvel,21:08,21:11
HR,tilaknagar,chembur,0.9,DOWN,98557,V53,12.0,,LOCAL,NOT_SUN,Mumbai CSMT,Vashi,21:13,21:15
HR,tilaknagar,chembur,0.9,DOWN,98916,GNPL16,12.0,,LOCAL,DAILY,Goregaon,Panvel,21:17,21:19
HR,tilaknagar,chembur,0.9,DOWN,98229,PL181,12.0,,LOCAL,DAILY,Mumbai CSMT,Panvel,21:21,21:23
HR,tilaknagar,chembur,0.9,DOWN,98231,PLVD49,12.0,,LOCAL,DAILY,Vadala Road,Panvel,21:25,21:27
HR,tilaknagar,chembur,0.9,DOWN,98233,PL183,12.0,,LOCAL,DAILY,Mumbai CSMT,Panvel,21:34,21:36
HR,tilaknagar,chembur,0.9,DOWN,98559,V55,12.0,,LOCAL,NOT_SUN,Mumbai CSMT,Vashi,21:38,21:40
HR,tilaknagar,chembur,0.9,DOWN,98235,PL185,12.0,,LOCAL,DAILY,Mumbai CSMT,Panvel,21:46,21:48
HR,tilaknagar,chembur,0.9,DOWN,98369,BR55,12.0,,LOCAL,DAILY,Mumbai CSMT,Belapur CBD,21:50,21:52
HR,tilaknagar,chembur,0.9,DOWN,98237,PLVD51,12.0,,LOCAL,NOT_SUN,Vadala Road,Panvel,21:54,21:56
HR,tilaknagar,chembur,0.9,DOWN,98561,V57,12.0,,LOCAL,NOT_SUN,Mumbai CSMT,Vashi,21:58,22:00
HR,chembur,govandi,1.7,DOWN,98257,PL205,12.0,,LOCAL,DAILY,Mumbai CSMT,Panvel,00:04,00:07
HR,chembur,govandi,1.7,DOWN,98003,PL3,12.0,,LOCAL,DAILY,Mumbai CSMT,Panvel,00:16,00:19
HR,chembur,govandi,1.7,DOWN,98259,PL207,12.0,,LOCAL,DAILY,Mumbai CSMT,Panvel,00:26,00:29
HR,chembur,govandi,1.7,DOWN,98575,V71,12.0,,LOCAL,DAILY,Mumbai CSMT,Vashi,00:31,00:34
HR,chembur,govandi,1.7,DOWN,98301,BR1,12.0,,LOCAL,DAILY,Mumbai CSMT,Belapur CBD,00:39,00:42
HR,chembur,govandi,1.7,DOWN,98001,PL1,12.0,,LOCAL,DAILY,Mumbai CSMT,Panvel,00:47,00:50
HR,chembur,govandi,1.7,DOWN,98573,V69,12.0,,AC,DAILY,Mumbai CSMT,Vashi,00:58,01:01
HR,chembur,govandi,1.7,DOWN,98303,BRVD1,12.0,,LOCAL,DAILY,Vadala Road,Belapur CBD,01:06,01:09
HR,chembur,govandi,1.7,DOWN,98005,PL5,12.0,,LOCAL,DAILY,Mumbai CSMT,Panvel,01:14,01:17
HR,chembur,govandi,1.7,DOWN,98007,PL7,12.0,,LOCAL,DAILY,Mumbai CSMT,Panvel,05:06,05:09
HR,chembur,govandi,1.7,DOWN,98009,PLVD1,12.0,,AC,NOT_SUN,Vadala Road,Panvel,05:22,05:25
HR,chembur,govandi,1.7,DOWN,98011,PL9,12.0,,LOCAL,DAILY,Mumbai CSMT,Panvel,05:26,05:29
HR,chembur,govandi,1.7,DOWN,98013,PL11,12.0,,LOCAL,DAILY,Mumbai CSMT,Panvel,05:40,05:43
HR,chembur,govandi,1.7,DOWN,98015,PL13,12.0,,LOCAL,DAILY,Mumbai CSMT,Panvel,05:52,05:55
HR,chembur,govandi,1.7,DOWN,98017,PL15,12.0,,LOCAL,DAILY,Mumbai CSMT,Panvel,05:56,05:59
HR,chembur,govandi,1.7,DOWN,98049,PL41,12.0,,LOCAL,DAILY,Mumbai CSMT,Panvel,08:00,08:03
HR,chembur,govandi,1.7,DOWN,98309,BR7,12.0,,LOCAL,NOT_SUN,Mumbai CSMT,Belapur CBD,08:04,08:07
HR,chembur,govandi,1.7,DOWN,98503,VVD1,12.0,,LOCAL,DAILY,Vadala Road,Vashi,08:10,08:13
HR,chembur,govandi,1.7,DOWN,98051,PL43,12.0,,AC,DAILY,Mumbai CSMT,Panvel,08:14,08:17
HR,chembur,govandi,1.7,DOWN,98311,BR9,12.0,,LOCAL,DAILY,Mumbai CSMT,Belapur CBD,08:22,08:25
HR,chembur,govandi,1.7,DOWN,98902,GNPL2,12.0,,LOCAL,DAILY,Goregaon,Panvel,08:26,08:29
HR,chembur,govandi,1.7,DOWN,98053,PL45,12.0,,LOCAL,DAILY,Mumbai CSMT,Panvel,08:30,08:33
HR,chembur,govandi,1.7,DOWN,98055,PL47,12.0,,LOCAL,NOT_SUN,Mumbai CSMT,Panvel,08:34,08:37
HR,chembur,govandi,1.7,DOWN,98313,BRVD3,12.0,,LOCAL,NOT_SUN,Vadala Road,Belapur CBD,08:38,08:41
HR,chembur,govandi,1.7,DOWN,98057,PL49,12.0,,LOCAL,DAILY,Mumbai CSMT,Panvel,08:42,08:45
HR,chembur,govandi,1.7,DOWN,98505,V3,12.0,,LOCAL,DAILY,Mumbai CSMT,Vashi,08:46,08:49
HR,chembur,govandi,1.7,DOWN,98059,PLVD9,12.0,,LOCAL,NOT_SUN,Vadala Road,Panvel,08:50,08:53
HR,chembur,govandi,1.7,DOWN,98315,BR11,12.0,,LOCAL,DAILY,Mumbai CSMT,Belapur CBD,08:54,08:57
HR,chembur,govandi,1.7,DOWN,98061,PL51,12.0,,LOCAL,DAILY,Mumbai CSMT,Panvel,08:58,09:01
HR,chembur,govandi,1.7,DOWN,98063,PL53,12.0,,LOCAL,DAILY,Mumbai CSMT,Panvel,09:08,09:11
HR,chembur,govandi,1.7,DOWN,98507,V5,12.0,,LOCAL,DAILY,Mumbai CSMT,Vashi,09:20,09:23
HR,chembur,govandi,1.7,DOWN,98065,PLVD11,12.0,,LOCAL,DAILY,Vadala Road,Panvel,09:24,09:27
HR,chembur,govandi,1.7,DOWN,98067,PL55,12.0,,LOCAL,DAILY,Mumbai CSMT,Panvel,09:28,09:31
HR,chembur,govandi,1.7,DOWN,98317,BR13,12.0,,LOCAL,DAILY,Mumbai CSMT,Belapur CBD,09:32,09:35
HR,chembur,govandi,1.7,DOWN,98904,GNPL4,12.0,,LOCAL,DAILY,Goregaon,Panvel,09:36,09:39
HR,chembur,govandi,1.7,DOWN,98069,PL57,12.0,,LOCAL,DAILY,Mumbai CSMT,Panvel,09:40,09:43
HR,chembur,govandi,1.7,DOWN,98509,V7,12.0,,LOCAL,DAILY,Mumbai CSMT,Vashi,09:44,09:47
HR,chembur,govandi,1.7,DOWN,98071,PL59,12.0,,LOCAL,DAILY,Mumbai CSMT,Panvel,09:52,09:55
HR,chembur,govandi,1.7,DOWN,98511,V9,12.0,,LOCAL,NOT_SUN,Mumbai CSMT,Vashi,09:56,09:59
HR,chembur,govandi,1.7,DOWN,98319,BRVD5,12.0,,LOCAL,DAILY,Vadala Road,Belapur CBD,10:00,10:03
HR,chembur,govandi,1.7,DOWN,98099,PL83,12.0,,LOCAL,DAILY,Mumbai CSMT,Panvel,12:02,12:05
HR,chembur,govandi,1.7,DOWN,98333,BR23,12.0,,LOCAL,DAILY,Mumbai CSMT,Belapur CBD,12:06,12:09
HR,chembur,govandi,1.7,DOWN,98101,PL85,12.0,,LOCAL,DAILY,Mumbai CSMT,Panvel,12:14,12:17
HR,chembur,govandi,1.7,DOWN,98103,PL87,12.0,,LOCAL,DAILY,Mumbai CSMT,Panvel,12:26,12:29
HR,chembur,govandi,1.7,DOWN,98105,PL89,12.0,,LOCAL,NOT_SUN,Mumbai CSMT,Panvel,12:30,12:33
HR,chembur,govandi,1.7,DOWN,98107,PLVD17,12.0,,LOCAL,NOT_SUN,Vadala Road,Panvel,12:34,12:37
HR,chembur,govandi,1.7,DOWN,98109,PL91,12.0,,LOCAL,DAILY,Mumbai CSMT,Panvel,12:42,12:45
HR,chembur,govandi,1.7,DOWN,98111,PL93,12.0,,LOCAL,NOT_SUN,Mumbai CSMT,Panvel,12:51,12:54
HR,chembur,govandi,1.7,DOWN,98335,BR25,12.0,,LOCAL,DAILY,Mumbai CSMT,Belapur CBD,12:59,13:02
HR,chembur,govandi,1.7,DOWN,98113,PL95,12.0,,LOCAL,DAILY,Mumbai CSMT,Panvel,13:03,13:06
HR,chembur,govandi,1.7,DOWN,98115,PLVD19,12.0,,LOCAL,DAILY,Vadala Road,Panvel,13:07,13:10
HR,chembur,govandi,1.7,DOWN,98337,BR27,12.0,,LOCAL,DAILY,Mumbai CSMT,Belapur CBD,13:13,13:16
HR,chembur,govandi,1.7,DOWN,98908,GNPL8,12.0,,LOCAL,DAILY,Goregaon,Panvel,13:17,13:20
HR,chembur,govandi,1.7,DOWN,98117,PL97,12.0,,LOCAL,DAILY,Mumbai CSMT,Panvel,13:25,13:28
HR,chembur,govandi,1.7,DOWN,98527,V25,12.0,,LOCAL,NOT_SUN,Mumbai CSMT,Vashi,13:29,13:32
HR,chembur,govandi,1.7,DOWN,98119,PLVD21,12.0,,AC,DAILY,Vadala Road,Panvel,13:33,13:36
HR,chembur,govandi,1.7,DOWN,98121,PL99,12.0,,LOCAL,DAILY,Mumbai CSMT,Panvel,13:37,13:40
HR,chembur,govandi,1.7,DOWN,98339,BR29,12.0,,AC,DAILY,Mumbai CSMT,Belapur CBD,13:41,13:44
HR,chembur,govandi,1.7,DOWN,98123,PL101,12.0,,LOCAL,DAILY,Mumbai CSMT,Panvel,13:49,13:52
HR,chembur,govandi,1.7,DOWN,98125,PL103,12.0,,LOCAL,DAILY,Mumbai CSMT,Panvel,13:53,13:56
HR,chembur,govandi,1.7,DOWN,98155,PL129,12.0,,LOCAL,DAILY,Mumbai CSMT,Panvel,16:02,16:05
HR,chembur,govandi,1.7,DOWN,98531,VVD3,12.0,,LOCAL,DAILY,Vadala Road,Vashi,16:06,16:09
HR,chembur,govandi,1.7,DOWN,98157,PL131,12.0,,AC,DAILY,Mumbai CSMT,Panvel,16:10,16:13
HR,chembur,govandi,1.7,DOWN,98159,PL133,12.0,,LOCAL,DAILY,Mumbai CSMT,Panvel,16:18,16:21
HR,chembur,govandi,1.7,DOWN,98161,PLVD27,12.0,,LOCAL,DAILY,Vadala Road,Panvel,16:24,16:27
HR,chembur,govandi,1.7,DOWN,98533,V29,12.0,,AC,DAILY,Mumbai CSMT,Vashi,16:28,16:31
HR,chembur,govandi,1.7,DOWN,98163,PL135,12.0,,LOCAL,DAILY,Mumbai CSMT,Panvel,16:34,16:37
HR,chembur,govandi,1.7,DOWN,98165,PL137,12.0,,LOCAL,DAILY,Mumbai CSMT,Panvel,16:42,16:45
HR,chembur,govandi,1.7,DOWN,98535,V31,12.0,,LOCAL,NOT_SUN,Mumbai CSMT,Vashi,16:46,16:49
HR,chembur,govandi,1.7,DOWN,98167,PLVD29,12.0,,LOCAL,NOT_SUN,Vadala Road,Panvel,16:50,16:53
HR,chembur,govandi,1.7,DOWN,98169,PL139,12.0,,LOCAL,DAILY,Mumbai CSMT,Panvel,16:57,17:00
HR,chembur,govandi,1.7,DOWN,98347,BR35,12.0,,LOCAL,NOT_SUN,Mumbai CSMT,Belapur CBD,17:01,17:04
HR,chembur,govandi,1.7,DOWN,98171,PL141,12.0,,LOCAL,DAILY,Mumbai CSMT,Panvel,17:09,17:12
HR,chembur,govandi,1.7,DOWN,98349,BR37,12.0,,LOCAL,DAILY,Mumbai CSMT,Belapur CBD,17:13,17:16
HR,chembur,govandi,1.7,DOWN,98173,PLVD31,12.0,,LOCAL,NOT_SUN,Vadala Road,Panvel,17:17,17:20
HR,chembur,govandi,1.7,DOWN,98537,V33,12.0,,LOCAL,DAILY,Mumbai CSMT,Vashi,17:21,17:24
HR,chembur,govandi,1.7,DOWN,98175,PL143,12.0,,LOCAL,DAILY,Mumbai CSMT,Panvel,17:25,17:28
HR,chembur,govandi,1.7,DOWN,98177,PLVD33,12.0,,LOCAL,DAILY,Vadala Road,Panvel,17:30,17:33
HR,chembur,govandi,1.7,DOWN,98351,BR39,12.0,,LOCAL,DAILY,Mumbai CSMT,Belapur CBD,17:34,17:37
HR,chembur,govandi,1.7,DOWN,98539,V35,12.0,,LOCAL,NOT_SUN,Mumbai CSMT,Vashi,17:38,17:41
HR,chembur,govandi,1.7,DOWN,98179,PL145,12.0,,LOCAL,DAILY,Mumbai CSMT,Panvel,17:42,17:45
HR,chembur,govandi,1.7,DOWN,98181,PLVD35,12.0,,AC,DAILY,Vadala Road,Panvel,17:46,17:49
HR,chembur,govandi,1.7,DOWN,98353,BR41,12.0,,LOCAL,NOT_SUN,Mumbai CSMT,Belapur CBD,17:50,17:53
HR,chembur,govandi,1.7,DOWN,98183,PL147,12.0,,LOCAL,DAILY,Mumbai CSMT,Panvel,17:54,17:57
HR,chembur,govandi,1.7,DOWN,98912,GNPL12,12.0,,LOCAL,DAILY,Goregaon,Panvel,20:00,20:03
HR,chembur,govandi,1.7,DOWN,98551,V47,12.0,,LOCAL,NOT_SUN,Mumbai CSMT,Vashi,20:04,20:07
HR,chembur,govandi,1.7,DOWN,98213,PL171,12.0,,LOCAL,DAILY,Mumbai CSMT,Panvel,20:08,20:11
HR,chembur,govandi,1.7,DOWN,98363,BR49,12.0,,LOCAL,DAILY,Mumbai CSMT,Belapur CBD,20:11,20:14
HR,chembur,govandi,1.7,DOWN,98215,PLVD43,12.0,,LOCAL,DAILY,Vadala Road,Panvel,20:15,20:18
HR,chembur,govandi,1.7,DOWN,98553,V49,12.0,,LOCAL,NOT_SUN,Mumbai CSMT,Vashi,20:19,20:22
HR,chembur,govandi,1.7,DOWN,98217,PL173,12.0,,LOCAL,DAILY,Mumbai CSMT,Panvel,20:23,20:26
HR,chembur,govandi,1.7,DOWN,98365,BR51,12.0,,LOCAL,NOT_SUN,Mumbai CSMT,Belapur CBD,20:27,20:30
HR,chembur,govandi,1.7,DOWN,98219,PLVD45,12.0,,LOCAL,NOT_SUN,Vadala Road,Panvel,20:31,20:34
HR,chembur,govandi,1.7,DOWN,98221,PL175,12.0,,AC,DAILY,Mumbai CSMT,Panvel,20:35,20:38
HR,chembur,govandi,1.7,DOWN,98555,V51,12.0,,LOCAL,DAILY,Mumbai CSMT,Vashi,20:39,20:42
HR,chembur,govandi,1.7,DOWN,98914,GNPL14,12.0,,LOCAL,DAILY,Goregaon,Panvel,20:43,20:46
HR,chembur,govandi,1.7,DOWN,98223,PL177,12.0,,LOCAL,DAILY,Mumbai CSMT,Panvel,20:51,20:54
HR,chembur,govandi,1.7,DOWN,98367,BR53,12.0,,LOCAL,DAILY,Mumbai CSMT,Belapur CBD,21:03,21:06
HR,chembur,govandi,1.7,DOWN,98225,PL179,12.0,,LOCAL,DAILY,Mumbai CSMT,Panvel,21:07,21:10
HR,chembur,govandi,1.7,DOWN,98227,PLVD47,12.0,,LOCAL,NOT_SUN,Vadala Road,Panvel,21:11,21:14
HR,chembur,govandi,1.7,DOWN,98557,V53,12.0,,LOCAL,NOT_SUN,Mumbai CSMT,Vashi,21:15,21:18
HR,chembur,govandi,1.7,DOWN,98916,GNPL16,12.0,,LOCAL,DAILY,Goregaon,Panvel,21:19,21:22
HR,chembur,govandi,1.7,DOWN,98229,PL181,12.0,,LOCAL,DAILY,Mumbai CSMT,Panvel,21:23,21:26
HR,chembur,govandi,1.7,DOWN,98231,PLVD49,12.0,,LOCAL,DAILY,Vadala Road,Panvel,21:27,21:30
HR,chembur,govandi,1.7,DOWN,98233,PL183,12.0,,LOCAL,DAILY,Mumbai CSMT,Panvel,21:36,21:39
HR,chembur,govandi,1.7,DOWN,98559,V55,12.0,,LOCAL,NOT_SUN,Mumbai CSMT,Vashi,21:40,21:43
HR,chembur,govandi,1.7,DOWN,98235,PL185,12.0,,LOCAL,DAILY,Mumbai CSMT,Panvel,21:48,21:51
HR,chembur,govandi,1.7,DOWN,98369,BR55,12.0,,LOCAL,DAILY,Mumbai CSMT,Belapur CBD,21:52,21:55
HR,chembur,govandi,1.7,DOWN,98237,PLVD51,12.0,,LOCAL,NOT_SUN,Vadala Road,Panvel,21:56,21:59
HR,chembur,govandi,1.7,DOWN,98561,V57,12.0,,LOCAL,NOT_SUN,Mumbai CSMT,Vashi,22:00,22:03
HR,govandi,mankhurd,2.4,DOWN,98257,PL205,12.0,,LOCAL,DAILY,Mumbai CSMT,Panvel,00:07,00:10
HR,govandi,mankhurd,2.4,DOWN,98003,PL3,12.0,,LOCAL,DAILY,Mumbai CSMT,Panvel,00:19,00:22
HR,govandi,mankhurd,2.4,DOWN,98259,PL207,12.0,,LOCAL,DAILY,Mumbai CSMT,Panvel,00:29,00:32
HR,govandi,mankhurd,2.4,DOWN,98575,V71,12.0,,LOCAL,DAILY,Mumbai CSMT,Vashi,00:34,00:37
HR,govandi,mankhurd,2.4,DOWN,98301,BR1,12.0,,LOCAL,DAILY,Mumbai CSMT,Belapur CBD,00:42,00:45
HR,govandi,mankhurd,2.4,DOWN,98001,PL1,12.0,,LOCAL,DAILY,Mumbai CSMT,Panvel,00:50,00:53
HR,govandi,mankhurd,2.4,DOWN,98573,V69,12.0,,AC,DAILY,Mumbai CSMT,Vashi,01:01,01:04
HR,govandi,mankhurd,2.4,DOWN,98303,BRVD1,12.0,,LOCAL,DAILY,Vadala Road,Belapur CBD,01:09,01:13
HR,govandi,mankhurd,2.4,DOWN,98005,PL5,12.0,,LOCAL,DAILY,Mumbai CSMT,Panvel,01:17,01:20
HR,govandi,mankhurd,2.4,DOWN,98007,PL7,12.0,,LOCAL,DAILY,Mumbai CSMT,Panvel,05:09,05:12
HR,govandi,mankhurd,2.4,DOWN,98009,PLVD1,12.0,,AC,NOT_SUN,Vadala Road,Panvel,05:25,05:28
HR,govandi,mankhurd,2.4,DOWN,98011,PL9,12.0,,LOCAL,DAILY,Mumbai CSMT,Panvel,05:29,05:32
HR,govandi,mankhurd,2.4,DOWN,98013,PL11,12.0,,LOCAL,DAILY,Mumbai CSMT,Panvel,05:43,05:46
HR,govandi,mankhurd,2.4,DOWN,98015,PL13,12.0,,LOCAL,DAILY,Mumbai CSMT,Panvel,05:55,05:58
HR,govandi,mankhurd,2.4,DOWN,98017,PL15,12.0,,LOCAL,DAILY,Mumbai CSMT,Panvel,05:59,06:02
HR,govandi,mankhurd,2.4,DOWN,98049,PL41,12.0,,LOCAL,DAILY,Mumbai CSMT,Panvel,08:03,08:06
HR,govandi,mankhurd,2.4,DOWN,98309,BR7,12.0,,LOCAL,NOT_SUN,Mumbai CSMT,Belapur CBD,08:07,08:10
HR,govandi,mankhurd,2.4,DOWN,98503,VVD1,12.0,,LOCAL,DAILY,Vadala Road,Vashi,08:13,08:16
HR,govandi,mankhurd,2.4,DOWN,98051,PL43,12.0,,AC,DAILY,Mumbai CSMT,Panvel,08:17,08:20
HR,govandi,mankhurd,2.4,DOWN,98311,BR9,12.0,,LOCAL,DAILY,Mumbai CSMT,Belapur CBD,08:25,08:28
HR,govandi,mankhurd,2.4,DOWN,98902,GNPL2,12.0,,LOCAL,DAILY,Goregaon,Panvel,08:29,08:32
HR,govandi,mankhurd,2.4,DOWN,98053,PL45,12.0,,LOCAL,DAILY,Mumbai CSMT,Panvel,08:33,08:36
HR,govandi,mankhurd,2.4,DOWN,98055,PL47,12.0,,LOCAL,NOT_SUN,Mumbai CSMT,Panvel,08:37,08:40
HR,govandi,mankhurd,2.4,DOWN,98313,BRVD3,12.0,,LOCAL,NOT_SUN,Vadala Road,Belapur CBD,08:41,08:45
HR,govandi,mankhurd,2.4,DOWN,98057,PL49,12.0,,LOCAL,DAILY,Mumbai CSMT,Panvel,08:45,08:49
HR,govandi,mankhurd,2.4,DOWN,98505,V3,12.0,,LOCAL,DAILY,Mumbai CSMT,Vashi,08:49,08:53
HR,govandi,mankhurd,2.4,DOWN,98059,PLVD9,12.0,,LOCAL,NOT_SUN,Vadala Road,Panvel,08:53,08:56
HR,govandi,mankhurd,2.4,DOWN,98315,BR11,12.0,,LOCAL,DAILY,Mumbai CSMT,Belapur CBD,08:57,09:00
HR,govandi,mankhurd,2.4,DOWN,98061,PL51,12.0,,LOCAL,DAILY,Mumbai CSMT,Panvel,09:01,09:04
HR,govandi,mankhurd,2.4,DOWN,98063,PL53,12.0,,LOCAL,DAILY,Mumbai CSMT,Panvel,09:11,09:14
HR,govandi,mankhurd,2.4,DOWN,98507,V5,12.0,,LOCAL,DAILY,Mumbai CSMT,Vashi,09:23,09:26
HR,govandi,mankhurd,2.4,DOWN,98065,PLVD11,12.0,,LOCAL,DAILY,Vadala Road,Panvel,09:27,09:30
HR,govandi,mankhurd,2.4,DOWN,98067,PL55,12.0,,LOCAL,DAILY,Mumbai CSMT,Panvel,09:31,09:34
HR,govandi,mankhurd,2.4,DOWN,98317,BR13,12.0,,LOCAL,DAILY,Mumbai CSMT,Belapur CBD,09:35,09:38
HR,govandi,mankhurd,2.4,DOWN,98904,GNPL4,12.0,,LOCAL,DAILY,Goregaon,Panvel,09:39,09:42
HR,govandi,mankhurd,2.4,DOWN,98069,PL57,12.0,,LOCAL,DAILY,Mumbai CSMT,Panvel,09:43,09:46
HR,govandi,mankhurd,2.4,DOWN,98509,V7,12.0,,LOCAL,DAILY,Mumbai CSMT,Vashi,09:47,09:50
HR,govandi,mankhurd,2.4,DOWN,98071,PL59,12.0,,LOCAL,DAILY,Mumbai CSMT,Panvel,09:55,09:58
HR,govandi,mankhurd,2.4,DOWN,98511,V9,12.0,,LOCAL,NOT_SUN,Mumbai CSMT,Vashi,09:59,10:02
HR,govandi,mankhurd,2.4,DOWN,98099,PL83,12.0,,LOCAL,DAILY,Mumbai CSMT,Panvel,12:05,12:08
HR,govandi,mankhurd,2.4,DOWN,98333,BR23,12.0,,LOCAL,DAILY,Mumbai CSMT,Belapur CBD,12:09,12:12
HR,govandi,mankhurd,2.4,DOWN,98101,PL85,12.0,,LOCAL,DAILY,Mumbai CSMT,Panvel,12:17,12:20
HR,govandi,mankhurd,2.4,DOWN,98103,PL87,12.0,,LOCAL,DAILY,Mumbai CSMT,Panvel,12:29,12:32
HR,govandi,mankhurd,2.4,DOWN,98105,PL89,12.0,,LOCAL,NOT_SUN,Mumbai CSMT,Panvel,12:33,12:36
HR,govandi,mankhurd,2.4,DOWN,98107,PLVD17,12.0,,LOCAL,NOT_SUN,Vadala Road,Panvel,12:37,12:40
HR,govandi,mankhurd,2.4,DOWN,98109,PL91,12.0,,LOCAL,DAILY,Mumbai CSMT,Panvel,12:45,12:48
HR,govandi,mankhurd,2.4,DOWN,98111,PL93,12.0,,LOCAL,NOT_SUN,Mumbai CSMT,Panvel,12:54,12:57
HR,govandi,mankhurd,2.4,DOWN,98335,BR25,12.0,,LOCAL,DAILY,Mumbai CSMT,Belapur CBD,13:02,13:05
HR,govandi,mankhurd,2.4,DOWN,98113,PL95,12.0,,LOCAL,DAILY,Mumbai CSMT,Panvel,13:06,13:09
HR,govandi,mankhurd,2.4,DOWN,98115,PLVD19,12.0,,LOCAL,DAILY,Vadala Road,Panvel,13:10,13:13
HR,govandi,mankhurd,2.4,DOWN,98337,BR27,12.0,,LOCAL,DAILY,Mumbai CSMT,Belapur CBD,13:16,13:19
HR,govandi,mankhurd,2.4,DOWN,98908,GNPL8,12.0,,LOCAL,DAILY,Goregaon,Panvel,13:20,13:23
HR,govandi,mankhurd,2.4,DOWN,98117,PL97,12.0,,LOCAL,DAILY,Mumbai CSMT,Panvel,13:28,13:31
HR,govandi,mankhurd,2.4,DOWN,98527,V25,12.0,,LOCAL,NOT_SUN,Mumbai CSMT,Vashi,13:32,13:35
HR,govandi,mankhurd,2.4,DOWN,98119,PLVD21,12.0,,AC,DAILY,Vadala Road,Panvel,13:36,13:39
HR,govandi,mankhurd,2.4,DOWN,98121,PL99,12.0,,LOCAL,DAILY,Mumbai CSMT,Panvel,13:40,13:43
HR,govandi,mankhurd,2.4,DOWN,98339,BR29,12.0,,AC,DAILY,Mumbai CSMT,Belapur CBD,13:44,13:47
HR,govandi,mankhurd,2.4,DOWN,98123,PL101,12.0,,LOCAL,DAILY,Mumbai CSMT,Panvel,13:52,13:55
HR,govandi,mankhurd,2.4,DOWN,98125,PL103,12.0,,LOCAL,DAILY,Mumbai CSMT,Panvel,13:56,13:59
HR,govandi,mankhurd,2.4,DOWN,98153,PL127,12.0,,LOCAL,DAILY,Mumbai CSMT,Panvel,16:01,16:04
HR,govandi,mankhurd,2.4,DOWN,98155,PL129,12.0,,LOCAL,DAILY,Mumbai CSMT,Panvel,16:05,16:08
HR,govandi,mankhurd,2.4,DOWN,98531,VVD3,12.0,,LOCAL,DAILY,Vadala Road,Vashi,16:09,16:12
HR,govandi,mankhurd,2.4,DOWN,98157,PL131,12.0,,AC,DAILY,Mumbai CSMT,Panvel,16:13,16:16
HR,govandi,mankhurd,2.4,DOWN,98159,PL133,12.0,,LOCAL,DAILY,Mumbai CSMT,Panvel,16:21,16:24
HR,govandi,mankhurd,2.4,DOWN,98161,PLVD27,12.0,,LOCAL,DAILY,Vadala Road,Panvel,16:27,16:30
HR,govandi,mankhurd,2.4,DOWN,98533,V29,12.0,,AC,DAILY,Mumbai CSMT,Vashi,16:31,16:34
HR,govandi,mankhurd,2.4,DOWN,98163,PL135,12.0,,LOCAL,DAILY,Mumbai CSMT,Panvel,16:37,16:40
HR,govandi,mankhurd,2.4,DOWN,98165,PL137,12.0,,LOCAL,DAILY,Mumbai CSMT,Panvel,16:45,16:48
HR,govandi,mankhurd,2.4,DOWN,98535,V31,12.0,,LOCAL,NOT_SUN,Mumbai CSMT,Vashi,16:49,16:52
HR,govandi,mankhurd,2.4,DOWN,98167,PLVD29,12.0,,LOCAL,NOT_SUN,Vadala Road,Panvel,16:53,16:56
HR,govandi,mankhurd,2.4,DOWN,98169,PL139,12.0,,LOCAL,DAILY,Mumbai CSMT,Panvel,17:00,17:03
HR,govandi,mankhurd,2.4,DOWN,98347,BR35,12.0,,LOCAL,NOT_SUN,Mumbai CSMT,Belapur CBD,17:04,17:07
HR,govandi,mankhurd,2.4,DOWN,98171,PL141,12.0,,LOCAL,DAILY,Mumbai CSMT,Panvel,17:12,17:15
HR,govandi,mankhurd,2.4,DOWN,98349,BR37,12.0,,LOCAL,DAILY,Mumbai CSMT,Belapur CBD,17:16,17:19
HR,govandi,mankhurd,2.4,DOWN,98173,PLVD31,12.0,,LOCAL,NOT_SUN,Vadala Road,Panvel,17:20,17:23
HR,govandi,mankhurd,2.4,DOWN,98537,V33,12.0,,LOCAL,DAILY,Mumbai CSMT,Vashi,17:24,17:27
HR,govandi,mankhurd,2.4,DOWN,98175,PL143,12.0,,LOCAL,DAILY,Mumbai CSMT,Panvel,17:28,17:31
HR,govandi,mankhurd,2.4,DOWN,98177,PLVD33,12.0,,LOCAL,DAILY,Vadala Road,Panvel,17:33,17:36
HR,govandi,mankhurd,2.4,DOWN,98351,BR39,12.0,,LOCAL,DAILY,Mumbai CSMT,Belapur CBD,17:37,17:40
HR,govandi,mankhurd,2.4,DOWN,98539,V35,12.0,,LOCAL,NOT_SUN,Mumbai CSMT,Vashi,17:41,17:44
HR,govandi,mankhurd,2.4,DOWN,98179,PL145,12.0,,LOCAL,DAILY,Mumbai CSMT,Panvel,17:45,17:48
HR,govandi,mankhurd,2.4,DOWN,98181,PLVD35,12.0,,AC,DAILY,Vadala Road,Panvel,17:49,17:52
HR,govandi,mankhurd,2.4,DOWN,98353,BR41,12.0,,LOCAL,NOT_SUN,Mumbai CSMT,Belapur CBD,17:53,17:56
HR,govandi,mankhurd,2.4,DOWN,98183,PL147,12.0,,LOCAL,DAILY,Mumbai CSMT,Panvel,17:57,18:00
HR,govandi,mankhurd,2.4,DOWN,98912,GNPL12,12.0,,LOCAL,DAILY,Goregaon,Panvel,20:03,20:06
HR,govandi,mankhurd,2.4,DOWN,98551,V47,12.0,,LOCAL,NOT_SUN,Mumbai CSMT,Vashi,20:07,20:10
HR,govandi,mankhurd,2.4,DOWN,98213,PL171,12.0,,LOCAL,DAILY,Mumbai CSMT,Panvel,20:11,20:14
HR,govandi,mankhurd,2.4,DOWN,98363,BR49,12.0,,LOCAL,DAILY,Mumbai CSMT,Belapur CBD,20:14,20:17
HR,govandi,mankhurd,2.4,DOWN,98215,PLVD43,12.0,,LOCAL,DAILY,Vadala Road,Panvel,20:18,20:21
HR,govandi,mankhurd,2.4,DOWN,98553,V49,12.0,,LOCAL,NOT_SUN,Mumbai CSMT,Vashi,20:22,20:25
HR,govandi,mankhurd,2.4,DOWN,98217,PL173,12.0,,LOCAL,DAILY,Mumbai CSMT,Panvel,20:26,20:29
HR,govandi,mankhurd,2.4,DOWN,98365,BR51,12.0,,LOCAL,NOT_SUN,Mumbai CSMT,Belapur CBD,20:30,20:33
HR,govandi,mankhurd,2.4,DOWN,98219,PLVD45,12.0,,LOCAL,NOT_SUN,Vadala Road,Panvel,20:34,20:37
HR,govandi,mankhurd,2.4,DOWN,98221,PL175,12.0,,AC,DAILY,Mumbai CSMT,Panvel,20:38,20:41
HR,govandi,mankhurd,2.4,DOWN,98555,V51,12.0,,LOCAL,DAILY,Mumbai CSMT,Vashi,20:42,20:45
HR,govandi,mankhurd,2.4,DOWN,98914,GNPL14,12.0,,LOCAL,DAILY,Goregaon,Panvel,20:46,20:49
HR,govandi,mankhurd,2.4,DOWN,98223,PL177,12.0,,LOCAL,DAILY,Mumbai CSMT,Panvel,20:54,20:57
HR,govandi,mankhurd,2.4,DOWN,98367,BR53,12.0,,LOCAL,DAILY,Mumbai CSMT,Belapur CBD,21:06,21:09
HR,govandi,mankhurd,2.4,DOWN,98225,PL179,12.0,,LOCAL,DAILY,Mumbai CSMT,Panvel,21:10,21:13
HR,govandi,mankhurd,2.4,DOWN,98227,PLVD47,12.0,,LOCAL,NOT_SUN,Vadala Road,Panvel,21:14,21:17
HR,govandi,mankhurd,2.4,DOWN,98557,V53,12.0,,LOCAL,NOT_SUN,Mumbai CSMT,Vashi,21:18,21:21
HR,govandi,mankhurd,2.4,DOWN,98916,GNPL16,12.0,,LOCAL,DAILY,Goregaon,Panvel,21:22,21:25
HR,govandi,mankhurd,2.4,DOWN,98229,PL181,12.0,,LOCAL,DAILY,Mumbai CSMT,Panvel,21:26,21:29
HR,govandi,mankhurd,2.4,DOWN,98231,PLVD49,12.0,,LOCAL,DAILY,Vadala Road,Panvel,21:30,21:33
HR,govandi,mankhurd,2.4,DOWN,98233,PL183,12.0,,LOCAL,DAILY,Mumbai CSMT,Panvel,21:39,21:42
HR,govandi,mankhurd,2.4,DOWN,98559,V55,12.0,,LOCAL,NOT_SUN,Mumbai CSMT,Vashi,21:43,21:46
HR,govandi,mankhurd,2.4,DOWN,98235,PL185,12.0,,LOCAL,DAILY,Mumbai CSMT,Panvel,21:51,21:54
HR,govandi,mankhurd,2.4,DOWN,98369,BR55,12.0,,LOCAL,DAILY,Mumbai CSMT,Belapur CBD,21:55,21:58
HR,govandi,mankhurd,2.4,DOWN,98237,PLVD51,12.0,,LOCAL,NOT_SUN,Vadala Road,Panvel,21:59,22:02
HR,mankhurd,vashi,7.5,DOWN,98571,V67,12.0,,LOCAL,NOT_SUN,Mumbai CSMT,Vashi,00:00,00:09
HR,mankhurd,vashi,7.5,DOWN,98257,PL205,12.0,,LOCAL,DAILY,Mumbai CSMT,Panvel,00:10,00:19
HR,mankhurd,vashi,7.5,DOWN,98003,PL3,12.0,,LOCAL,DAILY,Mumbai CSMT,Panvel,00:22,00:31
HR,mankhurd,vashi,7.5,DOWN,98259,PL207,12.0,,LOCAL,DAILY,Mumbai CSMT,Panvel,00:32,00:41
HR,mankhurd,vashi,7.5,DOWN,98575,V71,12.0,,LOCAL,DAILY,Mumbai CSMT,Vashi,00:37,00:46
HR,mankhurd,vashi,7.5,DOWN,98301,BR1,12.0,,LOCAL,DAILY,Mumbai CSMT,Belapur CBD,00:45,00:54
HR,mankhurd,vashi,7.5,DOWN,98001,PL1,12.0,,LOCAL,DAILY,Mumbai CSMT,Panvel,00:53,01:02
HR,mankhurd,vashi,7.5,DOWN,98573,V69,12.0,,AC,DAILY,Mumbai CSMT,Vashi,01:04,01:13
HR,mankhurd,vashi,7.5,DOWN,98303,BRVD1,12.0,,LOCAL,DAILY,Vadala Road,Belapur CBD,01:13,01:22
HR,mankhurd,vashi,7.5,DOWN,98005,PL5,12.0,,LOCAL,DAILY,Mumbai CSMT,Panvel,01:20,01:29
HR,mankhurd,vashi,7.5,DOWN,98007,PL7,12.0,,LOCAL,DAILY,Mumbai CSMT,Panvel,05:12,05:21
HR,mankhurd,vashi,7.5,DOWN,98009,PLVD1,12.0,,AC,NOT_SUN,Vadala Road,Panvel,05:28,05:37
HR,mankhurd,vashi,7.5,DOWN,98011,PL9,12.0,,LOCAL,DAILY,Mumbai CSMT,Panvel,05:32,05:41
HR,mankhurd,vashi,7.5,DOWN,98013,PL11,12.0,,LOCAL,DAILY,Mumbai CSMT,Panvel,05:46,05:55
HR,mankhurd,vashi,7.5,DOWN,98015,PL13,12.0,,LOCAL,DAILY,Mumbai CSMT,Panvel,05:58,06:07
HR,mankhurd,vashi,7.5,DOWN,98047,PLVD7,12.0,,LOCAL,NOT_SUN,Vadala Road,Panvel,08:01,08:10
HR,mankhurd,vashi,7.5,DOWN,98049,PL41,12.0,,LOCAL,DAILY,Mumbai CSMT,Panvel,08:06,08:15
HR,mankhurd,vashi,7.5,DOWN,98309,BR7,12.0,,LOCAL,NOT_SUN,Mumbai CSMT,Belapur CBD,08:10,08:19
HR,mankhurd,vashi,7.5,DOWN,98503,VVD1,12.0,,LOCAL,DAILY,Vadala Road,Vashi,08:16,08:25
HR,mankhurd,vashi,7.5,DOWN,98051,PL43,12.0,,AC,DAILY,Mumbai CSMT,Panvel,08:20,08:29
HR,mankhurd,vashi,7.5,DOWN,98311,BR9,12.0,,LOCAL,DAILY,Mumbai CSMT,Belapur CBD,08:28,08:37
HR,mankhurd,vashi,7.5,DOWN,98902,GNPL2,12.0,,LOCAL,DAILY,Goregaon,Panvel,08:32,08:41
HR,mankhurd,vashi,7.5,DOWN,98053,PL45,12.0,,LOCAL,DAILY,Mumbai CSMT,Panvel,08:36,08:45
HR,mankhurd,vashi,7.5,DOWN,98055,PL47,12.0,,LOCAL,NOT_SUN,Mumbai CSMT,Panvel,08:40,08:49
HR,mankhurd,vashi,7.5,DOWN,98313,BRVD3,12.0,,LOCAL,NOT_SUN,Vadala Road,Belapur CBD,08:45,08:54
HR,mankhurd,vashi,7.5,DOWN,98057,PL49,12.0,,LOCAL,DAILY,Mumbai CSMT,Panvel,08:49,08:58
HR,mankhurd,vashi,7.5,DOWN,98505,V3,12.0,,LOCAL,DAILY,Mumbai CSMT,Vashi,08:53,09:02
HR,mankhurd,vashi,7.5,DOWN,98059,PLVD9,12.0,,LOCAL,NOT_SUN,Vadala Road,Panvel,08:56,09:05
HR,mankhurd,vashi,7.5,DOWN,98315,BR11,12.0,,LOCAL,DAILY,Mumbai CSMT,Belapur CBD,09:00,09:09
HR,mankhurd,vashi,7.5,DOWN,98061,PL51,12.0,,LOCAL,DAILY,Mumbai CSMT,Panvel,09:04,09:13
HR,mankhurd,vashi,7.5,DOWN,98063,PL53,12.0,,LOCAL,DAILY,Mumbai CSMT,Panvel,09:14,09:23
HR,mankhurd,vashi,7.5,DOWN,98507,V5,12.0,,LOCAL,DAILY,Mumbai CSMT,Vashi,09:26,09:35
HR,mankhurd,vashi,7.5,DOWN,98065,PLVD11,12.0,,LOCAL,DAILY,Vadala Road,Panvel,09:30,09:39
HR,mankhurd,vashi,7.5,DOWN,98067,PL55,12.0,,LOCAL,DAILY,Mumbai CSMT,Panvel,09:34,09:43
HR,mankhurd,vashi,7.5,DOWN,98317,BR13,12.0,,LOCAL,DAILY,Mumbai CSMT,Belapur CBD,09:38,09:47
HR,mankhurd,vashi,7.5,DOWN,98904,GNPL4,12.0,,LOCAL,DAILY,Goregaon,Panvel,09:42,09:51
HR,mankhurd,vashi,7.5,DOWN,98069,PL57,12.0,,LOCAL,DAILY,Mumbai CSMT,Panvel,09:46,09:55
HR,mankhurd,vashi,7.5,DOWN,98509,V7,12.0,,LOCAL,DAILY,Mumbai CSMT,Vashi,09:50,09:59
HR,mankhurd,vashi,7.5,DOWN,98071,PL59,12.0,,LOCAL,DAILY,Mumbai CSMT,Panvel,09:58,10:07
HR,mankhurd,vashi,7.5,DOWN,98525,V23,12.0,,LOCAL,DAILY,Mumbai CSMT,Vashi,12:00,12:09
HR,mankhurd,vashi,7.5,DOWN,98099,PL83,12.0,,LOCAL,DAILY,Mumbai CSMT,Panvel,12:08,12:17
HR,mankhurd,vashi,7.5,DOWN,98333,BR23,12.0,,LOCAL,DAILY,Mumbai CSMT,Belapur CBD,12:12,12:21
HR,mankhurd,vashi,7.5,DOWN,98101,PL85,12.0,,LOCAL,DAILY,Mumbai CSMT,Panvel,12:20,12:29
HR,mankhurd,vashi,7.5,DOWN,98103,PL87,12.0,,LOCAL,DAILY,Mumbai CSMT,Panvel,12:32,12:41
HR,mankhurd,vashi,7.5,DOWN,98105,PL89,12.0,,LOCAL,NOT_SUN,Mumbai CSMT,Panvel,12:36,12:45
HR,mankhurd,vashi,7.5,DOWN,98107,PLVD17,12.0,,LOCAL,NOT_SUN,Vadala Road,Panvel,12:40,12:49
HR,mankhurd,vashi,7.5,DOWN,98109,PL91,12.0,,LOCAL,DAILY,Mumbai CSMT,Panvel,12:48,12:57
HR,mankhurd,vashi,7.5,DOWN,98111,PL93,12.0,,LOCAL,NOT_SUN,Mumbai CSMT,Panvel,12:57,13:06
HR,mankhurd,vashi,7.5,DOWN,98335,BR25,12.0,,LOCAL,DAILY,Mumbai CSMT,Belapur CBD,13:05,13:14
HR,mankhurd,vashi,7.5,DOWN,98113,PL95,12.0,,LOCAL,DAILY,Mumbai CSMT,Panvel,13:09,13:18
HR,mankhurd,vashi,7.5,DOWN,98115,PLVD19,12.0,,LOCAL,DAILY,Vadala Road,Panvel,13:13,13:22
HR,mankhurd,vashi,7.5,DOWN,98337,BR27,12.0,,LOCAL,DAILY,Mumbai CSMT,Belapur CBD,13:19,13:28
HR,mankhurd,vashi,7.5,DOWN,98908,GNPL8,12.0,,LOCAL,DAILY,Goregaon,Panvel,13:23,13:32
HR,mankhurd,vashi,7.5,DOWN,98117,PL97,12.0,,LOCAL,DAILY,Mumbai CSMT,Panvel,13:31,13:40
HR,mankhurd,vashi,7.5,DOWN,98527,V25,12.0,,LOCAL,NOT_SUN,Mumbai CSMT,Vashi,13:35,13:44
HR,mankhurd,vashi,7.5,DOWN,98119,PLVD21,12.0,,AC,DAILY,Vadala Road,Panvel,13:39,13:48
HR,mankhurd,vashi,7.5,DOWN,98121,PL99,12.0,,LOCAL,DAILY,Mumbai CSMT,Panvel,13:43,13:52
HR,mankhurd,vashi,7.5,DOWN,98339,BR29,12.0,,AC,DAILY,Mumbai CSMT,Belapur CBD,13:47,13:56
HR,mankhurd,vashi,7.5,DOWN,98123,PL101,12.0,,LOCAL,DAILY,Mumbai CSMT,Panvel,13:55,14:04
HR,mankhurd,vashi,7.5,DOWN,98125,PL103,12.0,,LOCAL,DAILY,Mumbai CSMT,Panvel,13:59,14:08
HR,mankhurd,vashi,7.5,DOWN,98153,PL127,12.0,,LOCAL,DAILY,Mumbai CSMT,Panvel,16:04,16:13
HR,mankhurd,vashi,7.5,DOWN,98155,PL129,12.0,,LOCAL,DAILY,Mumbai CSMT,Panvel,16:08,16:17
HR,mankhurd,vashi,7.5,DOWN,98531,VVD3,12.0,,LOCAL,DAILY,Vadala Road,Vashi,16:12,16:21
HR,mankhurd,vashi,7.5,DOWN,98157,PL131,12.0,,AC,DAILY,Mumbai CSMT,Panvel,16:16,16:25
HR,mankhurd,vashi,7.5,DOWN,98159,PL133,12.0,,LOCAL,DAILY,Mumbai CSMT,Panvel,16:24,16:33
HR,mankhurd,vashi,7.5,DOWN,98161,PLVD27,12.0,,LOCAL,DAILY,Vadala Road,Panvel,16:30,16:39
HR,mankhurd,vashi,7.5,DOWN,98533,V29,12.0,,AC,DAILY,Mumbai CSMT,Vashi,16:34,16:43
HR,mankhurd,vashi,7.5,DOWN,98163,PL135,12.0,,LOCAL,DAILY,Mumbai CSMT,Panvel,16:40,16:49
HR,mankhurd,vashi,7.5,DOWN,98165,PL137,12.0,,LOCAL,DAILY,Mumbai CSMT,Panvel,16:48,16:57
HR,mankhurd,vashi,7.5,DOWN,98535,V31,12.0,,LOCAL,NOT_SUN,Mumbai CSMT,Vashi,16:52,17:01
HR,mankhurd,vashi,7.5,DOWN,98167,PLVD29,12.0,,LOCAL,NOT_SUN,Vadala Road,Panvel,16:56,17:05
HR,mankhurd,vashi,7.5,DOWN,98169,PL139,12.0,,LOCAL,DAILY,Mumbai CSMT,Panvel,17:03,17:12
HR,mankhurd,vashi,7.5,DOWN,98347,BR35,12.0,,LOCAL,NOT_SUN,Mumbai CSMT,Belapur CBD,17:07,17:16
HR,mankhurd,vashi,7.5,DOWN,98171,PL141,12.0,,LOCAL,DAILY,Mumbai CSMT,Panvel,17:15,17:24
HR,mankhurd,vashi,7.5,DOWN,98349,BR37,12.0,,LOCAL,DAILY,Mumbai CSMT,Belapur CBD,17:19,17:28
HR,mankhurd,vashi,7.5,DOWN,98173,PLVD31,12.0,,LOCAL,NOT_SUN,Vadala Road,Panvel,17:23,17:32
HR,mankhurd,vashi,7.5,DOWN,98537,V33,12.0,,LOCAL,DAILY,Mumbai CSMT,Vashi,17:27,17:36
HR,mankhurd,vashi,7.5,DOWN,98175,PL143,12.0,,LOCAL,DAILY,Mumbai CSMT,Panvel,17:31,17:40
HR,mankhurd,vashi,7.5,DOWN,98177,PLVD33,12.0,,LOCAL,DAILY,Vadala Road,Panvel,17:36,17:45
HR,mankhurd,vashi,7.5,DOWN,98351,BR39,12.0,,LOCAL,DAILY,Mumbai CSMT,Belapur CBD,17:40,17:49
HR,mankhurd,vashi,7.5,DOWN,98539,V35,12.0,,LOCAL,NOT_SUN,Mumbai CSMT,Vashi,17:44,17:53
HR,mankhurd,vashi,7.5,DOWN,98179,PL145,12.0,,LOCAL,DAILY,Mumbai CSMT,Panvel,17:48,17:57
HR,mankhurd,vashi,7.5,DOWN,98181,PLVD35,12.0,,AC,DAILY,Vadala Road,Panvel,17:52,18:01
HR,mankhurd,vashi,7.5,DOWN,98353,BR41,12.0,,LOCAL,NOT_SUN,Mumbai CSMT,Belapur CBD,17:56,18:05
HR,mankhurd,vashi,7.5,DOWN,98183,PL147,12.0,,LOCAL,DAILY,Mumbai CSMT,Panvel,18:00,18:09
HR,mankhurd,vashi,7.5,DOWN,98912,GNPL12,12.0,,LOCAL,DAILY,Goregaon,Panvel,20:06,20:15
HR,mankhurd,vashi,7.5,DOWN,98551,V47,12.0,,LOCAL,NOT_SUN,Mumbai CSMT,Vashi,20:10,20:19
HR,mankhurd,vashi,7.5,DOWN,98213,PL171,12.0,,LOCAL,DAILY,Mumbai CSMT,Panvel,20:14,20:23
HR,mankhurd,vashi,7.5,DOWN,98363,BR49,12.0,,LOCAL,DAILY,Mumbai CSMT,Belapur CBD,20:17,20:26
HR,mankhurd,vashi,7.5,DOWN,98215,PLVD43,12.0,,LOCAL,DAILY,Vadala Road,Panvel,20:21,20:30
HR,mankhurd,vashi,7.5,DOWN,98553,V49,12.0,,LOCAL,NOT_SUN,Mumbai CSMT,Vashi,20:25,20:34
HR,mankhurd,vashi,7.5,DOWN,98217,PL173,12.0,,LOCAL,DAILY,Mumbai CSMT,Panvel,20:29,20:38
HR,mankhurd,vashi,7.5,DOWN,98365,BR51,12.0,,LOCAL,NOT_SUN,Mumbai CSMT,Belapur CBD,20:33,20:42
HR,mankhurd,vashi,7.5,DOWN,98219,PLVD45,12.0,,LOCAL,NOT_SUN,Vadala Road,Panvel,20:37,20:46
HR,mankhurd,vashi,7.5,DOWN,98221,PL175,12.0,,AC,DAILY,Mumbai CSMT,Panvel,20:41,20:50
HR,mankhurd,vashi,7.5,DOWN,98555,V51,12.0,,LOCAL,DAILY,Mumbai CSMT,Vashi,20:45,20:54
HR,mankhurd,vashi,7.5,DOWN,98914,GNPL14,12.0,,LOCAL,DAILY,Goregaon,Panvel,20:49,20:58
HR,mankhurd,vashi,7.5,DOWN,98223,PL177,12.0,,LOCAL,DAILY,Mumbai CSMT,Panvel,20:57,21:06
HR,mankhurd,vashi,7.5,DOWN,98367,BR53,12.0,,LOCAL,DAILY,Mumbai CSMT,Belapur CBD,21:09,21:18
HR,mankhurd,vashi,7.5,DOWN,98225,PL179,12.0,,LOCAL,DAILY,Mumbai CSMT,Panvel,21:13,21:22
HR,mankhurd,vashi,7.5,DOWN,98227,PLVD47,12.0,,LOCAL,NOT_SUN,Vadala Road,Panvel,21:17,21:26
HR,mankhurd,vashi,7.5,DOWN,98557,V53,12.0,,LOCAL,NOT_SUN,Mumbai CSMT,Vashi,21:21,21:30
HR,mankhurd,vashi,7.5,DOWN,98916,GNPL16,12.0,,LOCAL,DAILY,Goregaon,Panvel,21:25,21:34
HR,mankhurd,vashi,7.5,DOWN,98229,PL181,12.0,,LOCAL,DAILY,Mumbai CSMT,Panvel,21:29,21:38
HR,mankhurd,vashi,7.5,DOWN,98231,PLVD49,12.0,,LOCAL,DAILY,Vadala Road,Panvel,21:33,21:42
HR,mankhurd,vashi,7.5,DOWN,98233,PL183,12.0,,LOCAL,DAILY,Mumbai CSMT,Panvel,21:42,21:51
HR,mankhurd,vashi,7.5,DOWN,98559,V55,12.0,,LOCAL,NOT_SUN,Mumbai CSMT,Vashi,21:46,21:55
HR,mankhurd,vashi,7.5,DOWN,98235,PL185,12.0,,LOCAL,DAILY,Mumbai CSMT,Panvel,21:54,22:03
HR,mankhurd,vashi,7.5,DOWN,98369,BR55,12.0,,LOCAL,DAILY,Mumbai CSMT,Belapur CBD,21:58,22:07
HR,vashi,sanpada,1.1,DOWN,98255,PL203,12.0,,LOCAL,DAILY,Mumbai CSMT,Panvel,00:03,00:05
HR,vashi,sanpada,1.1,DOWN,98257,PL205,12.0,,LOCAL,DAILY,Mumbai CSMT,Panvel,00:19,00:21
HR,vashi,sanpada,1.1,DOWN,98003,PL3,12.0,,LOCAL,DAILY,Mumbai CSMT,Panvel,00:31,00:33
HR,vashi,sanpada,1.1,DOWN,98259,PL207,12.0,,LOCAL,DAILY,Mumbai CSMT,Panvel,00:41,00:43
HR,vashi,sanpada,1.1,DOWN,98301,BR1,12.0,,LOCAL,DAILY,Mumbai CSMT,Belapur CBD,00:54,00:56
HR,vashi,sanpada,1.1,DOWN,98001,PL1,12.0,,LOCAL,DAILY,Mumbai CSMT,Panvel,01:02,01:04
HR,vashi,sanpada,1.1,DOWN,98303,BRVD1,12.0,,LOCAL,DAILY,Vadala Road,Belapur CBD,01:22,01:24
HR,vashi,sanpada,1.1,DOWN,98005,PL5,12.0,,LOCAL,DAILY,Mumbai CSMT,Panvel,01:29,01:31
HR,vashi,sanpada,1.1,DOWN,98007,PL7,12.0,,LOCAL,DAILY,Mumbai CSMT,Panvel,05:21,05:23
HR,vashi,sanpada,1.1,DOWN,98009,PLVD1,12.0,,AC,NOT_SUN,Vadala Road,Panvel,05:37,05:39
HR,vashi,sanpada,1.1,DOWN,98011,PL9,12.0,,LOCAL,DAILY,Mumbai CSMT,Panvel,05:41,05:43
HR,vashi,sanpada,1.1,DOWN,98013,PL11,12.0,,LOCAL,DAILY,Mumbai CSMT,Panvel,05:55,05:57
HR,vashi,sanpada,1.1,DOWN,98045,PL39,12.0,,AC,DAILY,Mumbai CSMT,Panvel,08:06,08:08
HR,vashi,sanpada,1.1,DOWN,98047,PLVD7,12.0,,LOCAL,NOT_SUN,Vadala Road,Panvel,08:10,08:12
HR,vashi,sanpada,1.1,DOWN,98049,PL41,12.0,,LOCAL,DAILY,Mumbai CSMT,Panvel,08:15,08:17
HR,vashi,sanpada,1.1,DOWN,98309,BR7,12.0,,LOCAL,NOT_SUN,Mumbai CSMT,Belapur CBD,08:19,08:21
HR,vashi,sanpada,1.1,DOWN,98051,PL43,12.0,,AC,DAILY,Mumbai CSMT,Panvel,08:29,08:31
HR,vashi,sanpada,1.1,DOWN,98311,BR9,12.0,,LOCAL,DAILY,Mumbai CSMT,Belapur CBD,08:37,08:39
HR,vashi,sanpada,1.1,DOWN,98902,GNPL2,12.0,,LOCAL,DAILY,Goregaon,Panvel,08:41,08:43
HR,vashi,sanpada,1.1,DOWN,98053,PL45,12.0,,LOCAL,DAILY,Mumbai CSMT,Panvel,08:45,08:47
HR,vashi,sanpada,1.1,DOWN,98055,PL47,12.0,,LOCAL,NOT_SUN,Mumbai CSMT,Panvel,08:49,08:51
HR,vashi,sanpada,1.1,DOWN,98313,BRVD3,12.0,,LOCAL,NOT_SUN,Vadala Road,Belapur CBD,08:54,08:56
HR,vashi,sanpada,1.1,DOWN,98057,PL49,12.0,,LOCAL,DAILY,Mumbai CSMT,Panvel,08:58,09:00
HR,vashi,sanpada,1.1,DOWN,98059,PLVD9,12.0,,LOCAL,NOT_SUN,Vadala Road,Panvel,09:05,09:07
HR,vashi,sanpada,1.1,DOWN,98315,BR11,12.0,,LOCAL,DAILY,Mumbai CSMT,Belapur CBD,09:09,09:11
HR,vashi,sanpada,1.1,DOWN,98061,PL51,12.0,,LOCAL,DAILY,Mumbai CSMT,Panvel,09:13,09:15
HR,vashi,sanpada,1.1,DOWN,98063,PL53,12.0,,LOCAL,DAILY,Mumbai CSMT,Panvel,09:23,09:25
HR,vashi,sanpada,1.1,DOWN,98065,PLVD11,12.0,,LOCAL,DAILY,Vadala Road,Panvel,09:39,09:41
HR,vashi,sanpada,1.1,DOWN,98067,PL55,12.0,,LOCAL,DAILY,Mumbai CSMT,Panvel,09:43,09:45
HR,vashi,sanpada,1.1,DOWN,98317,BR13,12.0,,LOCAL,DAILY,Mumbai CSMT,Belapur CBD,09:47,09:49
HR,vashi,sanpada,1.1,DOWN,98904,GNPL4,12.0,,LOCAL,DAILY,Goregaon,Panvel,09:51,09:53
HR,vashi,sanpada,1.1,DOWN,98069,PL57,12.0,,LOCAL,DAILY,Mumbai CSMT,Panvel,09:55,09:57
HR,vashi,sanpada,1.1,DOWN,98331,BRVD9,12.0,,LOCAL,DAILY,Vadala Road,Belapur CBD,12:01,12:03
HR,vashi,sanpada,1.1,DOWN,98097,PL81,12.0,,LOCAL,DAILY,Mumbai CSMT,Panvel,12:05,12:07
HR,vashi,sanpada,1.1,DOWN,98099,PL83,12.0,,LOCAL,DAILY,Mumbai CSMT,Panvel,12:17,12:19
HR,vashi,sanpada,1.1,DOWN,98333,BR23,12.0,,LOCAL,DAILY,Mumbai CSMT,Belapur CBD,12:21,12:23
HR,vashi,sanpada,1.1,DOWN,98101,PL85,12.0,,LOCAL,DAILY,Mumbai CSMT,Panvel,12:29,12:31
HR,vashi,sanpada,1.1,DOWN,98103,PL87,12.0,,LOCAL,DAILY,Mumbai CSMT,Panvel,12:41,12:43
HR,vashi,sanpada,1.1,DOWN,98105,PL89,12.0,,LOCAL,NOT_SUN,Mumbai CSMT,Panvel,12:45,12:47
HR,vashi,sanpada,1.1,DOWN,98107,PLVD17,12.0,,LOCAL,NOT_SUN,Vadala Road,Panvel,12:49,12:51
HR,vashi,sanpada,1.1,DOWN,98109,PL91,12.0,,LOCAL,DAILY,Mumbai CSMT,Panvel,12:57,12:59
HR,vashi,sanpada,1.1,DOWN,98111,PL93,12.0,,LOCAL,NOT_SUN,Mumbai CSMT,Panvel,13:06,13:08
HR,vashi,sanpada,1.1,DOWN,98335,BR25,12.0,,LOCAL,DAILY,Mumbai CSMT,Belapur CBD,13:14,13:16
HR,vashi,sanpada,1.1,DOWN,98113,PL95,12.0,,LOCAL,DAILY,Mumbai CSMT,Panvel,13:18,13:20
HR,vashi,sanpada,1.1,DOWN,98115,PLVD19,12.0,,LOCAL,DAILY,Vadala Road,Panvel,13:22,13:24
HR,vashi,sanpada,1.1,DOWN,98337,BR27,12.0,,LOCAL,DAILY,Mumbai CSMT,Belapur CBD,13:28,13:30
HR,vashi,sanpada,1.1,DOWN,98908,GNPL8,12.0,,LOCAL,DAILY,Goregaon,Panvel,13:32,13:34
HR,vashi,sanpada,1.1,DOWN,98117,PL97,12.0,,LOCAL,DAILY,Mumbai CSMT,Panvel,13:40,13:42
HR,vashi,sanpada,1.1,DOWN,98119,PLVD21,12.0,,AC,DAILY,Vadala Road,Panvel,13:48,13:50
HR,vashi,sanpada,1.1,DOWN,98121,PL99,12.0,,LOCAL,DAILY,Mumbai CSMT,Panvel,13:52,13:54
HR,vashi,sanpada,1.1,DOWN,98339,BR29,12.0,,AC,DAILY,Mumbai CSMT,Belapur CBD,13:56,13:58
HR,vashi,sanpada,1.1,DOWN,98345,BR33,12.0,,LOCAL,DAILY,Mumbai CSMT,Belapur CBD,16:01,16:03
HR,vashi,sanpada,1.1,DOWN,98151,PL125,12.0,,LOCAL,DAILY,Mumbai CSMT,Panvel,16:05,16:07
HR,vashi,sanpada,1.1,DOWN,98153,PL127,12.0,,LOCAL,DAILY,Mumbai CSMT,Panvel,16:13,16:15
HR,vashi,sanpada,1.1,DOWN,98155,PL129,12.0,,LOCAL,DAILY,Mumbai CSMT,Panvel,16:17,16:19
HR,vashi,sanpada,1.1,DOWN,98157,PL131,12.0,,AC,DAILY,Mumbai CSMT,Panvel,16:25,16:27
HR,vashi,sanpada,1.1,DOWN,98159,PL133,12.0,,LOCAL,DAILY,Mumbai CSMT,Panvel,16:33,16:35
HR,vashi,sanpada,1.1,DOWN,98161,PLVD27,12.0,,LOCAL,DAILY,Vadala Road,Panvel,16:39,16:41
HR,vashi,sanpada,1.1,DOWN,98163,PL135,12.0,,LOCAL,DAILY,Mumbai CSMT,Panvel,16:49,16:51
HR,vashi,sanpada,1.1,DOWN,98165,PL137,12.0,,LOCAL,DAILY,Mumbai CSMT,Panvel,16:57,16:59
HR,vashi,sanpada,1.1,DOWN,98167,PLVD29,12.0,,LOCAL,NOT_SUN,Vadala Road,Panvel,17:05,17:07
HR,vashi,sanpada,1.1,DOWN,98169,PL139,12.0,,LOCAL,DAILY,Mumbai CSMT,Panvel,17:12,17:14
HR,vashi,sanpada,1.1,DOWN,98347,BR35,12.0,,LOCAL,NOT_SUN,Mumbai CSMT,Belapur CBD,17:16,17:18
HR,vashi,sanpada,1.1,DOWN,98171,PL141,12.0,,LOCAL,DAILY,Mumbai CSMT,Panvel,17:24,17:26
HR,vashi,sanpada,1.1,DOWN,98349,BR37,12.0,,LOCAL,DAILY,Mumbai CSMT,Belapur CBD,17:28,17:30
HR,vashi,sanpada,1.1,DOWN,98173,PLVD31,12.0,,LOCAL,NOT_SUN,Vadala Road,Panvel,17:32,17:34
HR,vashi,sanpada,1.1,DOWN,98175,PL143,12.0,,LOCAL,DAILY,Mumbai CSMT,Panvel,17:40,17:42
HR,vashi,sanpada,1.1,DOWN,98177,PLVD33,12.0,,LOCAL,DAILY,Vadala Road,Panvel,17:45,17:48
HR,vashi,sanpada,1.1,DOWN,98351,BR39,12.0,,LOCAL,DAILY,Mumbai CSMT,Belapur CBD,17:49,17:52
HR,vashi,sanpada,1.1,DOWN,98179,PL145,12.0,,LOCAL,DAILY,Mumbai CSMT,Panvel,17:57,17:59
HR,vashi,sanpada,1.1,DOWN,98361,BR47,12.0,,LOCAL,NOT_SUN,Mumbai CSMT,Belapur CBD,20:02,20:04
HR,vashi,sanpada,1.1,DOWN,98211,PL169,12.0,,LOCAL,DAILY,Mumbai CSMT,Panvel,20:06,20:08
HR,vashi,sanpada,1.1,DOWN,98912,GNPL12,12.0,,LOCAL,DAILY,Goregaon,Panvel,20:15,20:17
HR,vashi,sanpada,1.1,DOWN,98213,PL171,12.0,,LOCAL,DAILY,Mumbai CSMT,Panvel,20:23,20:25
HR,vashi,sanpada,1.1,DOWN,98363,BR49,12.0,,LOCAL,DAILY,Mumbai CSMT,Belapur CBD,20:26,20:28
HR,vashi,sanpada,1.1,DOWN,98215,PLVD43,12.0,,LOCAL,DAILY,Vadala Road,Panvel,20:30,20:32
HR,vashi,sanpada,1.1,DOWN,98217,PL173,12.0,,LOCAL,DAILY,Mumbai CSMT,Panvel,20:38,20:40
HR,vashi,sanpada,1.1,DOWN,98365,BR51,12.0,,LOCAL,NOT_SUN,Mumbai CSMT,Belapur CBD,20:42,20:44
HR,vashi,sanpada,1.1,DOWN,98219,PLVD45,12.0,,LOCAL,NOT_SUN,Vadala Road,Panvel,20:46,20:48
HR,vashi,sanpada,1.1,DOWN,98221,PL175,12.0,,AC,DAILY,Mumbai CSMT,Panvel,20:50,20:52
HR,vashi,sanpada,1.1,DOWN,98914,GNPL14,12.0,,LOCAL,DAILY,Goregaon,Panvel,20:58,21:00
HR,vashi,sanpada,1.1,DOWN,98223,PL177,12.0,,LOCAL,DAILY,Mumbai CSMT,Panvel,21:06,21:08
HR,vashi,sanpada,1.1,DOWN,98367,BR53,12.0,,LOCAL,DAILY,Mumbai CSMT,Belapur CBD,21:18,21:20
HR,vashi,sanpada,1.1,DOWN,98225,PL179,12.0,,LOCAL,DAILY,Mumbai CSMT,Panvel,21:22,21:24
HR,vashi,sanpada,1.1,DOWN,98227,PLVD47,12.0,,LOCAL,NOT_SUN,Vadala Road,Panvel,21:26,21:28
HR,vashi,sanpada,1.1,DOWN,98916,GNPL16,12.0,,LOCAL,DAILY,Goregaon,Panvel,21:34,21:36
HR,vashi,sanpada,1.1,DOWN,98229,PL181,12.0,,LOCAL,DAILY,Mumbai CSMT,Panvel,21:38,21:40
HR,vashi,sanpada,1.1,DOWN,98231,PLVD49,12.0,,LOCAL,DAILY,Vadala Road,Panvel,21:42,21:44
HR,vashi,sanpada,1.1,DOWN,98233,PL183,12.0,,LOCAL,DAILY,Mumbai CSMT,Panvel,21:51,21:53
HR,sanpada,juinagar,1.9,DOWN,98255,PL203,12.0,,LOCAL,DAILY,Mumbai CSMT,Panvel,00:05,00:08
HR,sanpada,juinagar,1.9,DOWN,98257,PL205,12.0,,LOCAL,DAILY,Mumbai CSMT,Panvel,00:21,00:24
HR,sanpada,juinagar,1.9,DOWN,98003,PL3,12.0,,LOCAL,DAILY,Mumbai CSMT,Panvel,00:33,00:36
HR,sanpada,juinagar,1.9,DOWN,98259,PL207,12.0,,LOCAL,DAILY,Mumbai CSMT,Panvel,00:43,00:46
HR,sanpada,juinagar,1.9,DOWN,98301,BR1,12.0,,LOCAL,DAILY,Mumbai CSMT,Belapur CBD,00:56,00:59
HR,sanpada,juinagar,1.9,DOWN,98001,PL1,12.0,,LOCAL,DAILY,Mumbai CSMT,Panvel,01:04,01:07
HR,sanpada,juinagar,1.9,DOWN,98303,BRVD1,12.0,,LOCAL,DAILY,Vadala Road,Belapur CBD,01:24,01:27
HR,sanpada,juinagar,1.9,DOWN,98005,PL5,12.0,,LOCAL,DAILY,Mumbai CSMT,Panvel,01:31,01:34
HR,sanpada,juinagar,1.9,DOWN,98007,PL7,12.0,,LOCAL,DAILY,Mumbai CSMT,Panvel,05:23,05:26
HR,sanpada,juinagar,1.9,DOWN,98009,PLVD1,12.0,,AC,NOT_SUN,Vadala Road,Panvel,05:39,05:42
HR,sanpada,juinagar,1.9,DOWN,98011,PL9,12.0,,LOCAL,DAILY,Mumbai CSMT,Panvel,05:43,05:46
HR,sanpada,juinagar,1.9,DOWN,98013,PL11,12.0,,LOCAL,DAILY,Mumbai CSMT,Panvel,05:57,06:01
HR,sanpada,juinagar,1.9,DOWN,98043,PL37,12.0,,LOCAL,DAILY,Mumbai CSMT,Panvel,08:00,08:03
HR,sanpada,juinagar,1.9,DOWN,98045,PL39,12.0,,AC,DAILY,Mumbai CSMT,Panvel,08:08,08:11
HR,sanpada,juinagar,1.9,DOWN,98047,PLVD7,12.0,,LOCAL,NOT_SUN,Vadala Road,Panvel,08:12,08:15
HR,sanpada,juinagar,1.9,DOWN,98049,PL41,12.0,,LOCAL,DAILY,Mumbai CSMT,Panvel,08:17,08:20
HR,sanpada,juinagar,1.9,DOWN,98309,BR7,12.0,,LOCAL,NOT_SUN,Mumbai CSMT,Belapur CBD,08:21,08:24
HR,sanpada,juinagar,1.9,DOWN,98051,PL43,12.0,,AC,DAILY,Mumbai CSMT,Panvel,08:31,08:34
HR,sanpada,juinagar,1.9,DOWN,98311,BR9,12.0,,LOCAL,DAILY,Mumbai CSMT,Belapur CBD,08:39,08:42
HR,sanpada,juinagar,1.9,DOWN,98902,GNPL2,12.0,,LOCAL,DAILY,Goregaon,Panvel,08:43,08:46
HR,sanpada,juinagar,1.9,DOWN,98053,PL45,12.0,,LOCAL,DAILY,Mumbai CSMT,Panvel,08:47,08:50
HR,sanpada,juinagar,1.9,DOWN,98055,PL47,12.0,,LOCAL,NOT_SUN,Mumbai CSMT,Panvel,08:51,08:54
HR,sanpada,juinagar,1.9,DOWN,98313,BRVD3,12.0,,LOCAL,NOT_SUN,Vadala Road,Belapur CBD,08:56,08:59
HR,sanpada,juinagar,1.9,DOWN,98057,PL49,12.0,,LOCAL,DAILY,Mumbai CSMT,Panvel,09:00,09:03
HR,sanpada,juinagar,1.9,DOWN,98059,PLVD9,12.0,,LOCAL,NOT_SUN,Vadala Road,Panvel,09:07,09:10
HR,sanpada,juinagar,1.9,DOWN,98315,BR11,12.0,,LOCAL,DAILY,Mumbai CSMT,Belapur CBD,09:11,09:14
HR,sanpada,juinagar,1.9,DOWN,98061,PL51,12.0,,LOCAL,DAILY,Mumbai CSMT,Panvel,09:15,09:18
HR,sanpada,juinagar,1.9,DOWN,98063,PL53,12.0,,LOCAL,DAILY,Mumbai CSMT,Panvel,09:25,09:28
HR,sanpada,juinagar,1.9,DOWN,98065,PLVD11,12.0,,LOCAL,DAILY,Vadala Road,Panvel,09:41,09:44
HR,sanpada,juinagar,1.9,DOWN,98067,PL55,12.0,,LOCAL,DAILY,Mumbai CSMT,Panvel,09:45,09:48
HR,sanpada,juinagar,1.9,DOWN,98317,BR13,12.0,,LOCAL,DAILY,Mumbai CSMT,Belapur CBD,09:49,09:52
HR,sanpada,juinagar,1.9,DOWN,98904,GNPL4,12.0,,LOCAL,DAILY,Goregaon,Panvel,09:53,09:56
HR,sanpada,juinagar,1.9,DOWN,98069,PL57,12.0,,LOCAL,DAILY,Mumbai CSMT,Panvel,09:57,10:00
HR,sanpada,juinagar,1.9,DOWN,98331,BRVD9,12.0,,LOCAL,DAILY,Vadala Road,Belapur CBD,12:03,12:06
HR,sanpada,juinagar,1.9,DOWN,98097,PL81,12.0,,LOCAL,DAILY,Mumbai CSMT,Panvel,12:07,12:10
HR,sanpada,juinagar,1.9,DOWN,98099,PL83,12.0,,LOCAL,DAILY,Mumbai CSMT,Panvel,12:19,12:22
HR,sanpada,juinagar,1.9,DOWN,98333,BR23,12.0,,LOCAL,DAILY,Mumbai CSMT,Belapur CBD,12:23,12:26
HR,sanpada,juinagar,1.9,DOWN,98101,PL85,12.0,,LOCAL,DAILY,Mumbai CSMT,Panvel,12:31,12:34
HR,sanpada,juinagar,1.9,DOWN,98103,PL87,12.0,,LOCAL,DAILY,Mumbai CSMT,Panvel,12:43,12:46
HR,sanpada,juinagar,1.9,DOWN,98105,PL89,12.0,,LOCAL,NOT_SUN,Mumbai CSMT,Panvel,12:47,12:50
HR,sanpada,juinagar,1.9,DOWN,98107,PLVD17,12.0,,LOCAL,NOT_SUN,Vadala Road,Panvel,12:51,12:54
HR,sanpada,juinagar,1.9,DOWN,98109,PL91,12.0,,LOCAL,DAILY,Mumbai CSMT,Panvel,12:59,13:02
HR,sanpada,juinagar,1.9,DOWN,98111,PL93,12.0,,LOCAL,NOT_SUN,Mumbai CSMT,Panvel,13:08,13:11
HR,sanpada,juinagar,1.9,DOWN,98335,BR25,12.0,,LOCAL,DAILY,Mumbai CSMT,Belapur CBD,13:16,13:19
HR,sanpada,juinagar,1.9,DOWN,98113,PL95,12.0,,LOCAL,DAILY,Mumbai CSMT,Panvel,13:20,13:23
HR,sanpada,juinagar,1.9,DOWN,98115,PLVD19,12.0,,LOCAL,DAILY,Vadala Road,Panvel,13:24,13:27
HR,sanpada,juinagar,1.9,DOWN,98337,BR27,12.0,,LOCAL,DAILY,Mumbai CSMT,Belapur CBD,13:30,13:33
HR,sanpada,juinagar,1.9,DOWN,98908,GNPL8,12.0,,LOCAL,DAILY,Goregaon,Panvel,13:34,13:37
HR,sanpada,juinagar,1.9,DOWN,98117,PL97,12.0,,LOCAL,DAILY,Mumbai CSMT,Panvel,13:42,13:45
HR,sanpada,juinagar,1.9,DOWN,98119,PLVD21,12.0,,AC,DAILY,Vadala Road,Panvel,13:50,13:53
HR,sanpada,juinagar,1.9,DOWN,98121,PL99,12.0,,LOCAL,DAILY,Mumbai CSMT,Panvel,13:54,13:57
HR,sanpada,juinagar,1.9,DOWN,98339,BR29,12.0,,AC,DAILY,Mumbai CSMT,Belapur CBD,13:58,14:01
HR,sanpada,juinagar,1.9,DOWN,98345,BR33,12.0,,LOCAL,DAILY,Mumbai CSMT,Belapur CBD,16:03,16:06
HR,sanpada,juinagar,1.9,DOWN,98151,PL125,12.0,,LOCAL,DAILY,Mumbai CSMT,Panvel,16:07,16:10
HR,sanpada,juinagar,1.9,DOWN,98153,PL127,12.0,,LOCAL,DAILY,Mumbai CSMT,Panvel,16:15,16:18
HR,sanpada,juinagar,1.9,DOWN,98155,PL129,12.0,,LOCAL,DAILY,Mumbai CSMT,Panvel,16:19,16:22
HR,sanpada,juinagar,1.9,DOWN,98157,PL131,12.0,,AC,DAILY,Mumbai CSMT,Panvel,16:27,16:30
HR,sanpada,juinagar,1.9,DOWN,98159,PL133,12.0,,LOCAL,DAILY,Mumbai CSMT,Panvel,16:35,16:38
HR,sanpada,juinagar,1.9,DOWN,98161,PLVD27,12.0,,LOCAL,DAILY,Vadala Road,Panvel,16:41,16:44
HR,sanpada,juinagar,1.9,DOWN,98163,PL135,12.0,,LOCAL,DAILY,Mumbai CSMT,Panvel,16:51,16:54
HR,sanpada,juinagar,1.9,DOWN,98165,PL137,12.0,,LOCAL,DAILY,Mumbai CSMT,Panvel,16:59,17:02
HR,sanpada,juinagar,1.9,DOWN,98167,PLVD29,12.0,,LOCAL,NOT_SUN,Vadala Road,Panvel,17:07,17:10
HR,sanpada,juinagar,1.9,DOWN,98169,PL139,12.0,,LOCAL,DAILY,Mumbai CSMT,Panvel,17:14,17:17
HR,sanpada,juinagar,1.9,DOWN,98347,BR35,12.0,,LOCAL,NOT_SUN,Mumbai CSMT,Belapur CBD,17:18,17:21
HR,sanpada,juinagar,1.9,DOWN,98171,PL141,12.0,,LOCAL,DAILY,Mumbai CSMT,Panvel,17:26,17:29
HR,sanpada,juinagar,1.9,DOWN,98349,BR37,12.0,,LOCAL,DAILY,Mumbai CSMT,Belapur CBD,17:30,17:33
HR,sanpada,juinagar,1.9,DOWN,98173,PLVD31,12.0,,LOCAL,NOT_SUN,Vadala Road,Panvel,17:34,17:37
HR,sanpada,juinagar,1.9,DOWN,98175,PL143,12.0,,LOCAL,DAILY,Mumbai CSMT,Panvel,17:42,17:45
HR,sanpada,juinagar,1.9,DOWN,98177,PLVD33,12.0,,LOCAL,DAILY,Vadala Road,Panvel,17:48,17:51
HR,sanpada,juinagar,1.9,DOWN,98351,BR39,12.0,,LOCAL,DAILY,Mumbai CSMT,Belapur CBD,17:52,17:55
HR,sanpada,juinagar,1.9,DOWN,98179,PL145,12.0,,LOCAL,DAILY,Mumbai CSMT,Panvel,17:59,18:02
HR,sanpada,juinagar,1.9,DOWN,98209,PLVD41,12.0,,LOCAL,DAILY,Vadala Road,Panvel,20:00,20:03
HR,sanpada,juinagar,1.9,DOWN,98361,BR47,12.0,,LOCAL,NOT_SUN,Mumbai CSMT,Belapur CBD,20:04,20:07
HR,sanpada,juinagar,1.9,DOWN,98211,PL169,12.0,,LOCAL,DAILY,Mumbai CSMT,Panvel,20:08,20:11
HR,sanpada,juinagar,1.9,DOWN,98912,GNPL12,12.0,,LOCAL,DAILY,Goregaon,Panvel,20:17,20:20
HR,sanpada,juinagar,1.9,DOWN,98213,PL171,12.0,,LOCAL,DAILY,Mumbai CSMT,Panvel,20:25,20:28
HR,sanpada,juinagar,1.9,DOWN,98363,BR49,12.0,,LOCAL,DAILY,Mumbai CSMT,Belapur CBD,20:28,20:31
HR,sanpada,juinagar,1.9,DOWN,98215,PLVD43,12.0,,LOCAL,DAILY,Vadala Road,Panvel,20:32,20:35
HR,sanpada,juinagar,1.9,DOWN,98217,PL173,12.0,,LOCAL,DAILY,Mumbai CSMT,Panvel,20:40,20:43
HR,sanpada,juinagar,1.9,DOWN,98365,BR51,12.0,,LOCAL,NOT_SUN,Mumbai CSMT,Belapur CBD,20:44,20:47
HR,sanpada,juinagar,1.9,DOWN,98219,PLVD45,12.0,,LOCAL,NOT_SUN,Vadala Road,Panvel,20:48,20:51
HR,sanpada,juinagar,1.9,DOWN,98221,PL175,12.0,,AC,DAILY,Mumbai CSMT,Panvel,20:52,20:55
HR,sanpada,juinagar,1.9,DOWN,98914,GNPL14,12.0,,LOCAL,DAILY,Goregaon,Panvel,21:00,21:03
HR,sanpada,juinagar,1.9,DOWN,98223,PL177,12.0,,LOCAL,DAILY,Mumbai CSMT,Panvel,21:08,21:11
HR,sanpada,juinagar,1.9,DOWN,98367,BR53,12.0,,LOCAL,DAILY,Mumbai CSMT,Belapur CBD,21:20,21:23
HR,sanpada,juinagar,1.9,DOWN,98225,PL179,12.0,,LOCAL,DAILY,Mumbai CSMT,Panvel,21:24,21:27
HR,sanpada,juinagar,1.9,DOWN,98227,PLVD47,12.0,,LOCAL,NOT_SUN,Vadala Road,Panvel,21:28,21:31
HR,sanpada,juinagar,1.9,DOWN,98916,GNPL16,12.0,,LOCAL,DAILY,Goregaon,Panvel,21:36,21:39
HR,sanpada,juinagar,1.9,DOWN,98229,PL181,12.0,,LOCAL,DAILY,Mumbai CSMT,Panvel,21:40,21:43
HR,sanpada,juinagar,1.9,DOWN,98231,PLVD49,12.0,,LOCAL,DAILY,Vadala Road,Panvel,21:44,21:47
HR,sanpada,juinagar,1.9,DOWN,98233,PL183,12.0,,LOCAL,DAILY,Mumbai CSMT,Panvel,21:53,21:56
HR,juinagar,nerul_hr,2.5,DOWN,98255,PL203,12.0,,LOCAL,DAILY,Mumbai CSMT,Panvel,00:08,00:12
HR,juinagar,nerul_hr,2.5,DOWN,98257,PL205,12.0,,LOCAL,DAILY,Mumbai CSMT,Panvel,00:24,00:28
HR,juinagar,nerul_hr,2.5,DOWN,98003,PL3,12.0,,LOCAL,DAILY,Mumbai CSMT,Panvel,00:36,00:40
HR,juinagar,nerul_hr,2.5,DOWN,98259,PL207,12.0,,LOCAL,DAILY,Mumbai CSMT,Panvel,00:46,00:50
HR,juinagar,nerul_hr,2.5,DOWN,98301,BR1,12.0,,LOCAL,DAILY,Mumbai CSMT,Belapur CBD,00:59,01:03
HR,juinagar,nerul_hr,2.5,DOWN,98001,PL1,12.0,,LOCAL,DAILY,Mumbai CSMT,Panvel,01:07,01:11
HR,juinagar,nerul_hr,2.5,DOWN,98303,BRVD1,12.0,,LOCAL,DAILY,Vadala Road,Belapur CBD,01:27,01:31
HR,juinagar,nerul_hr,2.5,DOWN,98005,PL5,12.0,,LOCAL,DAILY,Mumbai CSMT,Panvel,01:34,01:38
HR,juinagar,nerul_hr,2.5,DOWN,98007,PL7,12.0,,LOCAL,DAILY,Mumbai CSMT,Panvel,05:26,05:30
HR,juinagar,nerul_hr,2.5,DOWN,98009,PLVD1,12.0,,AC,NOT_SUN,Vadala Road,Panvel,05:42,05:46
HR,juinagar,nerul_hr,2.5,DOWN,98011,PL9,12.0,,LOCAL,DAILY,Mumbai CSMT,Panvel,05:46,05:50
HR,juinagar,nerul_hr,2.5,DOWN,98043,PL37,12.0,,LOCAL,DAILY,Mumbai CSMT,Panvel,08:03,08:07
HR,juinagar,nerul_hr,2.5,DOWN,98045,PL39,12.0,,AC,DAILY,Mumbai CSMT,Panvel,08:11,08:15
HR,juinagar,nerul_hr,2.5,DOWN,98047,PLVD7,12.0,,LOCAL,NOT_SUN,Vadala Road,Panvel,08:15,08:19
HR,juinagar,nerul_hr,2.5,DOWN,98049,PL41,12.0,,LOCAL,DAILY,Mumbai CSMT,Panvel,08:20,08:24
HR,juinagar,nerul_hr,2.5,DOWN,98309,BR7,12.0,,LOCAL,NOT_SUN,Mumbai CSMT,Belapur CBD,08:24,08:28
HR,juinagar,nerul_hr,2.5,DOWN,98051,PL43,12.0,,AC,DAILY,Mumbai CSMT,Panvel,08:34,08:38
HR,juinagar,nerul_hr,2.5,DOWN,98311,BR9,12.0,,LOCAL,DAILY,Mumbai CSMT,Belapur CBD,08:42,08:46
HR,juinagar,nerul_hr,2.5,DOWN,98902,GNPL2,12.0,,LOCAL,DAILY,Goregaon,Panvel,08:46,08:50
HR,juinagar,nerul_hr,2.5,DOWN,98053,PL45,12.0,,LOCAL,DAILY,Mumbai CSMT,Panvel,08:50,08:54
HR,juinagar,nerul_hr,2.5,DOWN,98055,PL47,12.0,,LOCAL,NOT_SUN,Mumbai CSMT,Panvel,08:54,08:58
HR,juinagar,nerul_hr,2.5,DOWN,98313,BRVD3,12.0,,LOCAL,NOT_SUN,Vadala Road,Belapur CBD,08:59,09:03
HR,juinagar,nerul_hr,2.5,DOWN,98057,PL49,12.0,,LOCAL,DAILY,Mumbai CSMT,Panvel,09:03,09:07
HR,juinagar,nerul_hr,2.5,DOWN,98059,PLVD9,12.0,,LOCAL,NOT_SUN,Vadala Road,Panvel,09:10,09:14
HR,juinagar,nerul_hr,2.5,DOWN,98315,BR11,12.0,,LOCAL,DAILY,Mumbai CSMT,Belapur CBD,09:14,09:18
HR,juinagar,nerul_hr,2.5,DOWN,98061,PL51,12.0,,LOCAL,DAILY,Mumbai CSMT,Panvel,09:18,09:22
HR,juinagar,nerul_hr,2.5,DOWN,98063,PL53,12.0,,LOCAL,DAILY,Mumbai CSMT,Panvel,09:28,09:32
HR,juinagar,nerul_hr,2.5,DOWN,98065,PLVD11,12.0,,LOCAL,DAILY,Vadala Road,Panvel,09:44,09:48
HR,juinagar,nerul_hr,2.5,DOWN,98067,PL55,12.0,,LOCAL,DAILY,Mumbai CSMT,Panvel,09:48,09:52
HR,juinagar,nerul_hr,2.5,DOWN,98317,BR13,12.0,,LOCAL,DAILY,Mumbai CSMT,Belapur CBD,09:52,09:56
HR,juinagar,nerul_hr,2.5,DOWN,98904,GNPL4,12.0,,LOCAL,DAILY,Goregaon,Panvel,09:56,10:00
HR,juinagar,nerul_hr,2.5,DOWN,98069,PL57,12.0,,LOCAL,DAILY,Mumbai CSMT,Panvel,10:00,10:04
HR,juinagar,nerul_hr,2.5,DOWN,98331,BRVD9,12.0,,LOCAL,DAILY,Vadala Road,Belapur CBD,12:06,12:10
HR,juinagar,nerul_hr,2.5,DOWN,98097,PL81,12.0,,LOCAL,DAILY,Mumbai CSMT,Panvel,12:10,12:14
HR,juinagar,nerul_hr,2.5,DOWN,98099,PL83,12.0,,LOCAL,DAILY,Mumbai CSMT,Panvel,12:22,12:26
HR,juinagar,nerul_hr,2.5,DOWN,98333,BR23,12.0,,LOCAL,DAILY,Mumbai CSMT,Belapur CBD,12:26,12:30
HR,juinagar,nerul_hr,2.5,DOWN,98101,PL85,12.0,,LOCAL,DAILY,Mumbai CSMT,Panvel,12:34,12:39
HR,juinagar,nerul_hr,2.5,DOWN,98103,PL87,12.0,,LOCAL,DAILY,Mumbai CSMT,Panvel,12:46,12:51
HR,juinagar,nerul_hr,2.5,DOWN,98105,PL89,12.0,,LOCAL,NOT_SUN,Mumbai CSMT,Panvel,12:50,12:55
HR,juinagar,nerul_hr,2.5,DOWN,98107,PLVD17,12.0,,LOCAL,NOT_SUN,Vadala Road,Panvel,12:54,12:58
HR,juinagar,nerul_hr,2.5,DOWN,98109,PL91,12.0,,LOCAL,DAILY,Mumbai CSMT,Panvel,13:02,13:07
HR,juinagar,nerul_hr,2.5,DOWN,98111,PL93,12.0,,LOCAL,NOT_SUN,Mumbai CSMT,Panvel,13:11,13:15
HR,juinagar,nerul_hr,2.5,DOWN,98335,BR25,12.0,,LOCAL,DAILY,Mumbai CSMT,Belapur CBD,13:19,13:24
HR,juinagar,nerul_hr,2.5,DOWN,98113,PL95,12.0,,LOCAL,DAILY,Mumbai CSMT,Panvel,13:23,13:28
HR,juinagar,nerul_hr,2.5,DOWN,98115,PLVD19,12.0,,LOCAL,DAILY,Vadala Road,Panvel,13:27,13:32
HR,juinagar,nerul_hr,2.5,DOWN,98337,BR27,12.0,,LOCAL,DAILY,Mumbai CSMT,Belapur CBD,13:33,13:38
HR,juinagar,nerul_hr,2.5,DOWN,98908,GNPL8,12.0,,LOCAL,DAILY,Goregaon,Panvel,13:37,13:42
HR,juinagar,nerul_hr,2.5,DOWN,98117,PL97,12.0,,LOCAL,DAILY,Mumbai CSMT,Panvel,13:45,13:50
HR,juinagar,nerul_hr,2.5,DOWN,98119,PLVD21,12.0,,AC,DAILY,Vadala Road,Panvel,13:53,13:57
HR,juinagar,nerul_hr,2.5,DOWN,98121,PL99,12.0,,LOCAL,DAILY,Mumbai CSMT,Panvel,13:57,14:01
HR,juinagar,nerul_hr,2.5,DOWN,98149,PL123,12.0,,LOCAL,DAILY,Mumbai CSMT,Panvel,16:02,16:06
HR,juinagar,nerul_hr,2.5,DOWN,98345,BR33,12.0,,LOCAL,DAILY,Mumbai CSMT,Belapur CBD,16:06,16:10
HR,juinagar,nerul_hr,2.5,DOWN,98151,PL125,12.0,,LOCAL,DAILY,Mumbai CSMT,Panvel,16:10,16:14
HR,juinagar,nerul_hr,2.5,DOWN,98153,PL127,12.0,,LOCAL,DAILY,Mumbai CSMT,Panvel,16:18,16:22
HR,juinagar,nerul_hr,2.5,DOWN,98155,PL129,12.0,,LOCAL,DAILY,Mumbai CSMT,Panvel,16:22,16:26
HR,juinagar,nerul_hr,2.5,DOWN,98157,PL131,12.0,,AC,DAILY,Mumbai CSMT,Panvel,16:30,16:34
HR,juinagar,nerul_hr,2.5,DOWN,98159,PL133,12.0,,LOCAL,DAILY,Mumbai CSMT,Panvel,16:38,16:42
HR,juinagar,nerul_hr,2.5,DOWN,98161,PLVD27,12.0,,LOCAL,DAILY,Vadala Road,Panvel,16:44,16:48
HR,juinagar,nerul_hr,2.5,DOWN,98163,PL135,12.0,,LOCAL,DAILY,Mumbai CSMT,Panvel,16:54,16:58
HR,juinagar,nerul_hr,2.5,DOWN,98165,PL137,12.0,,LOCAL,DAILY,Mumbai CSMT,Panvel,17:02,17:06
HR,juinagar,nerul_hr,2.5,DOWN,98167,PLVD29,12.0,,LOCAL,NOT_SUN,Vadala Road,Panvel,17:10,17:14
HR,juinagar,nerul_hr,2.5,DOWN,98169,PL139,12.0,,LOCAL,DAILY,Mumbai CSMT,Panvel,17:17,17:21
HR,juinagar,nerul_hr,2.5,DOWN,98347,BR35,12.0,,LOCAL,NOT_SUN,Mumbai CSMT,Belapur CBD,17:21,17:25
HR,juinagar,nerul_hr,2.5,DOWN,98171,PL141,12.0,,LOCAL,DAILY,Mumbai CSMT,Panvel,17:29,17:33
HR,juinagar,nerul_hr,2.5,DOWN,98349,BR37,12.0,,LOCAL,DAILY,Mumbai CSMT,Belapur CBD,17:33,17:37
HR,juinagar,nerul_hr,2.5,DOWN,98173,PLVD31,12.0,,LOCAL,NOT_SUN,Vadala Road,Panvel,17:37,17:41
HR,juinagar,nerul_hr,2.5,DOWN,98175,PL143,12.0,,LOCAL,DAILY,Mumbai CSMT,Panvel,17:45,17:49
HR,juinagar,nerul_hr,2.5,DOWN,98177,PLVD33,12.0,,LOCAL,DAILY,Vadala Road,Panvel,17:51,17:56
HR,juinagar,nerul_hr,2.5,DOWN,98351,BR39,12.0,,LOCAL,DAILY,Mumbai CSMT,Belapur CBD,17:55,18:00
HR,juinagar,nerul_hr,2.5,DOWN,98209,PLVD41,12.0,,LOCAL,DAILY,Vadala Road,Panvel,20:03,20:07
HR,juinagar,nerul_hr,2.5,DOWN,98361,BR47,12.0,,LOCAL,NOT_SUN,Mumbai CSMT,Belapur CBD,20:07,20:11
HR,juinagar,nerul_hr,2.5,DOWN,98211,PL169,12.0,,LOCAL,DAILY,Mumbai CSMT,Panvel,20:11,20:15
HR,juinagar,nerul_hr,2.5,DOWN,98912,GNPL12,12.0,,LOCAL,DAILY,Goregaon,Panvel,20:20,20:24
HR,juinagar,nerul_hr,2.5,DOWN,98213,PL171,12.0,,LOCAL,DAILY,Mumbai CSMT,Panvel,20:28,20:32
HR,juinagar,nerul_hr,2.5,DOWN,98363,BR49,12.0,,LOCAL,DAILY,Mumbai CSMT,Belapur CBD,20:31,20:35
HR,juinagar,nerul_hr,2.5,DOWN,98215,PLVD43,12.0,,LOCAL,DAILY,Vadala Road,Panvel,20:35,20:39
HR,juinagar,nerul_hr,2.5,DOWN,98217,PL173,12.0,,LOCAL,DAILY,Mumbai CSMT,Panvel,20:43,20:48
HR,juinagar,nerul_hr,2.5,DOWN,98365,BR51,12.0,,LOCAL,NOT_SUN,Mumbai CSMT,Belapur CBD,20:47,20:51
HR,juinagar,nerul_hr,2.5,DOWN,98219,PLVD45,12.0,,LOCAL,NOT_SUN,Vadala Road,Panvel,20:51,20:55
HR,juinagar,nerul_hr,2.5,DOWN,98221,PL175,12.0,,AC,DAILY,Mumbai CSMT,Panvel,20:55,20:59
HR,juinagar,nerul_hr,2.5,DOWN,98914,GNPL14,12.0,,LOCAL,DAILY,Goregaon,Panvel,21:03,21:07
HR,juinagar,nerul_hr,2.5,DOWN,98223,PL177,12.0,,LOCAL,DAILY,Mumbai CSMT,Panvel,21:11,21:15
HR,juinagar,nerul_hr,2.5,DOWN,98367,BR53,12.0,,LOCAL,DAILY,Mumbai CSMT,Belapur CBD,21:23,21:27
HR,juinagar,nerul_hr,2.5,DOWN,98225,PL179,12.0,,LOCAL,DAILY,Mumbai CSMT,Panvel,21:27,21:31
HR,juinagar,nerul_hr,2.5,DOWN,98227,PLVD47,12.0,,LOCAL,NOT_SUN,Vadala Road,Panvel,21:31,21:35
HR,juinagar,nerul_hr,2.5,DOWN,98916,GNPL16,12.0,,LOCAL,DAILY,Goregaon,Panvel,21:39,21:43
HR,juinagar,nerul_hr,2.5,DOWN,98229,PL181,12.0,,LOCAL,DAILY,Mumbai CSMT,Panvel,21:43,21:47
HR,juinagar,nerul_hr,2.5,DOWN,98231,PLVD49,12.0,,LOCAL,DAILY,Vadala Road,Panvel,21:47,21:51
HR,juinagar,nerul_hr,2.5,DOWN,98233,PL183,12.0,,LOCAL,DAILY,Mumbai CSMT,Panvel,21:56,22:00
HR,nerul_hr,seawoods_hr,1.4,DOWN,99073,TPL73,12.0,,LOCAL,DAILY,Masjid,Panvel,00:01,00:05
HR,nerul_hr,seawoods_hr,1.4,DOWN,98255,PL203,12.0,,LOCAL,DAILY,Mumbai CSMT,Panvel,00:12,00:15
HR,nerul_hr,seawoods_hr,1.4,DOWN,98257,PL205,12.0,,LOCAL,DAILY,Mumbai CSMT,Panvel,00:28,00:31
HR,nerul_hr,seawoods_hr,1.4,DOWN,99001,TPL1,12.0,,LOCAL,DAILY,Masjid,Panvel,00:34,00:38
HR,nerul_hr,seawoods_hr,1.4,DOWN,98003,PL3,12.0,,LOCAL,DAILY,Mumbai CSMT,Panvel,00:40,00:43
HR,nerul_hr,seawoods_hr,1.4,DOWN,98259,PL207,12.0,,LOCAL,DAILY,Mumbai CSMT,Panvel,00:50,00:53
HR,nerul_hr,seawoods_hr,1.4,DOWN,98301,BR1,12.0,,LOCAL,DAILY,Mumbai CSMT,Belapur CBD,01:03,01:06
HR,nerul_hr,seawoods_hr,1.4,DOWN,98001,PL1,12.0,,LOCAL,DAILY,Mumbai CSMT,Panvel,01:11,01:14
HR,nerul_hr,seawoods_hr,1.4,DOWN,98303,BRVD1,12.0,,LOCAL,DAILY,Vadala Road,Belapur CBD,01:31,01:34
HR,nerul_hr,seawoods_hr,1.4,DOWN,98005,PL5,12.0,,LOCAL,DAILY,Mumbai CSMT,Panvel,01:38,01:41
HR,nerul_hr,seawoods_hr,1.4,DOWN,98007,PL7,12.0,,LOCAL,DAILY,Mumbai CSMT,Panvel,05:30,05:33
HR,nerul_hr,seawoods_hr,1.4,DOWN,99003,TPL3,12.0,,LOCAL,DAILY,Masjid,Panvel,05:41,05:45
HR,nerul_hr,seawoods_hr,1.4,DOWN,98009,PLVD1,12.0,,AC,NOT_SUN,Vadala Road,Panvel,05:46,05:49
HR,nerul_hr,seawoods_hr,1.4,DOWN,98011,PL9,12.0,,LOCAL,DAILY,Mumbai CSMT,Panvel,05:50,05:53
HR,nerul_hr,seawoods_hr,1.4,DOWN,98043,PL37,12.0,,LOCAL,DAILY,Mumbai CSMT,Panvel,08:07,08:10
HR,nerul_hr,seawoods_hr,1.4,DOWN,98045,PL39,12.0,,AC,DAILY,Mumbai CSMT,Panvel,08:15,08:18
HR,nerul_hr,seawoods_hr,1.4,DOWN,98047,PLVD7,12.0,,LOCAL,NOT_SUN,Vadala Road,Panvel,08:19,08:22
HR,nerul_hr,seawoods_hr,1.4,DOWN,98049,PL41,12.0,,LOCAL,DAILY,Mumbai CSMT,Panvel,08:24,08:27
HR,nerul_hr,seawoods_hr,1.4,DOWN,98309,BR7,12.0,,LOCAL,NOT_SUN,Mumbai CSMT,Belapur CBD,08:28,08:31
HR,nerul_hr,seawoods_hr,1.4,DOWN,99009,TPL9,12.0,,LOCAL,DAILY,Masjid,Panvel,08:33,08:37
HR,nerul_hr,seawoods_hr,1.4,DOWN,98051,PL43,12.0,,AC,DAILY,Mumbai CSMT,Panvel,08:38,08:41
HR,nerul_hr,seawoods_hr,1.4,DOWN,98311,BR9,12.0,,LOCAL,DAILY,Mumbai CSMT,Belapur CBD,08:46,08:49
HR,nerul_hr,seawoods_hr,1.4,DOWN,98902,GNPL2,12.0,,LOCAL,DAILY,Goregaon,Panvel,08:50,08:53
HR,nerul_hr,seawoods_hr,1.4,DOWN,98053,PL45,12.0,,LOCAL,DAILY,Mumbai CSMT,Panvel,08:54,08:57
HR,nerul_hr,seawoods_hr,1.4,DOWN,98055,PL47,12.0,,LOCAL,NOT_SUN,Mumbai CSMT,Panvel,08:58,09:01
HR,nerul_hr,seawoods_hr,1.4,DOWN,98313,BRVD3,12.0,,LOCAL,NOT_SUN,Vadala Road,Belapur CBD,09:03,09:06
HR,nerul_hr,seawoods_hr,1.4,DOWN,98057,PL49,12.0,,LOCAL,DAILY,Mumbai CSMT,Panvel,09:07,09:10
HR,nerul_hr,seawoods_hr,1.4,DOWN,99011,TPL11,12.0,,LOCAL,DAILY,Masjid,Panvel,09:10,09:14
HR,nerul_hr,seawoods_hr,1.4,DOWN,98059,PLVD9,12.0,,LOCAL,NOT_SUN,Vadala Road,Panvel,09:14,09:18
HR,nerul_hr,seawoods_hr,1.4,DOWN,98315,BR11,12.0,,LOCAL,DAILY,Mumbai CSMT,Belapur CBD,09:18,09:22
HR,nerul_hr,seawoods_hr,1.4,DOWN,98061,PL51,12.0,,LOCAL,DAILY,Mumbai CSMT,Panvel,09:22,09:26
HR,nerul_hr,seawoods_hr,1.4,DOWN,98063,PL53,12.0,,LOCAL,DAILY,Mumbai CSMT,Panvel,09:32,09:35
HR,nerul_hr,seawoods_hr,1.4,DOWN,99013,TPL13,12.0,,LOCAL,DAILY,Masjid,Panvel,09:43,09:47
HR,nerul_hr,seawoods_hr,1.4,DOWN,98065,PLVD11,12.0,,LOCAL,DAILY,Vadala Road,Panvel,09:48,09:51
HR,nerul_hr,seawoods_hr,1.4,DOWN,98067,PL55,12.0,,LOCAL,DAILY,Mumbai CSMT,Panvel,09:52,09:55
HR,nerul_hr,seawoods_hr,1.4,DOWN,98317,BR13,12.0,,LOCAL,DAILY,Mumbai CSMT,Belapur CBD,09:56,09:59
HR,nerul_hr,seawoods_hr,1.4,DOWN,98904,GNPL4,12.0,,LOCAL,DAILY,Goregaon,Panvel,10:00,10:03
HR,nerul_hr,seawoods_hr,1.4,DOWN,98095,PL79,12.0,,LOCAL,DAILY,Mumbai CSMT,Panvel,12:02,12:05
HR,nerul_hr,seawoods_hr,1.4,DOWN,98331,BRVD9,12.0,,LOCAL,DAILY,Vadala Road,Belapur CBD,12:10,12:13
HR,nerul_hr,seawoods_hr,1.4,DOWN,98097,PL81,12.0,,LOCAL,DAILY,Mumbai CSMT,Panvel,12:14,12:17
HR,nerul_hr,seawoods_hr,1.4,DOWN,98099,PL83,12.0,,LOCAL,DAILY,Mumbai CSMT,Panvel,12:26,12:29
HR,nerul_hr,seawoods_hr,1.4,DOWN,98333,BR23,12.0,,LOCAL,DAILY,Mumbai CSMT,Belapur CBD,12:30,12:33
HR,nerul_hr,seawoods_hr,1.4,DOWN,99023,TPL23,12.0,,LOCAL,DAILY,Masjid,Panvel,12:33,12:37
HR,nerul_hr,seawoods_hr,1.4,DOWN,98101,PL85,12.0,,LOCAL,DAILY,Mumbai CSMT,Panvel,12:39,12:42
HR,nerul_hr,seawoods_hr,1.4,DOWN,98103,PL87,12.0,,LOCAL,DAILY,Mumbai CSMT,Panvel,12:51,12:54
HR,nerul_hr,seawoods_hr,1.4,DOWN,98105,PL89,12.0,,LOCAL,NOT_SUN,Mumbai CSMT,Panvel,12:55,12:58
HR,nerul_hr,seawoods_hr,1.4,DOWN,98107,PLVD17,12.0,,LOCAL,NOT_SUN,Vadala Road,Panvel,12:58,13:01
HR,nerul_hr,seawoods_hr,1.4,DOWN,98109,PL91,12.0,,LOCAL,DAILY,Mumbai CSMT,Panvel,13:07,13:10
HR,nerul_hr,seawoods_hr,1.4,DOWN,98111,PL93,12.0,,LOCAL,NOT_SUN,Mumbai CSMT,Panvel,13:15,13:18
HR,nerul_hr,seawoods_hr,1.4,DOWN,99025,TPL25,12.0,,LOCAL,DAILY,Masjid,Panvel,13:19,13:23
HR,nerul_hr,seawoods_hr,1.4,DOWN,98335,BR25,12.0,,LOCAL,DAILY,Mumbai CSMT,Belapur CBD,13:24,13:27
HR,nerul_hr,seawoods_hr,1.4,DOWN,98113,PL95,12.0,,LOCAL,DAILY,Mumbai CSMT,Panvel,13:28,13:31
HR,nerul_hr,seawoods_hr,1.4,DOWN,98115,PLVD19,12.0,,LOCAL,DAILY,Vadala Road,Panvel,13:32,13:35
HR,nerul_hr,seawoods_hr,1.4,DOWN,98337,BR27,12.0,,LOCAL,DAILY,Mumbai CSMT,Belapur CBD,13:38,13:41
HR,nerul_hr,seawoods_hr,1.4,DOWN,98908,GNPL8,12.0,,LOCAL,DAILY,Goregaon,Panvel,13:42,13:45
HR,nerul_hr,seawoods_hr,1.4,DOWN,98117,PL97,12.0,,LOCAL,DAILY,Mumbai CSMT,Panvel,13:50,13:53
HR,nerul_hr,seawoods_hr,1.4,DOWN,99027,TPL27,12.0,,LOCAL,DAILY,Masjid,Panvel,13:53,13:57
HR,nerul_hr,seawoods_hr,1.4,DOWN,98119,PLVD21,12.0,,AC,DAILY,Vadala Road,Panvel,13:57,14:01
HR,nerul_hr,seawoods_hr,1.4,DOWN,98147,PLVD25,12.0,,LOCAL,DAILY,Vadala Road,Panvel,16:02,16:05
HR,nerul_hr,seawoods_hr,1.4,DOWN,98149,PL123,12.0,,LOCAL,DAILY,Mumbai CSMT,Panvel,16:06,16:09
HR,nerul_hr,seawoods_hr,1.4,DOWN,98345,BR33,12.0,,LOCAL,DAILY,Mumbai CSMT,Belapur CBD,16:10,16:13
HR,nerul_hr,seawoods_hr,1.4,DOWN,98151,PL125,12.0,,LOCAL,DAILY,Mumbai CSMT,Panvel,16:14,16:17
HR,nerul_hr,seawoods_hr,1.4,DOWN,98153,PL127,12.0,,LOCAL,DAILY,Mumbai CSMT,Panvel,16:22,16:25
HR,nerul_hr,seawoods_hr,1.4,DOWN,98155,PL129,12.0,,LOCAL,DAILY,Mumbai CSMT,Panvel,16:26,16:29
HR,nerul_hr,seawoods_hr,1.4,DOWN,99037,TPL37,12.0,,LOCAL,DAILY,Masjid,Panvel,16:29,16:33
HR,nerul_hr,seawoods_hr,1.4,DOWN,98157,PL131,12.0,,AC,DAILY,Mumbai CSMT,Panvel,16:34,16:37
HR,nerul_hr,seawoods_hr,1.4,DOWN,98159,PL133,12.0,,LOCAL,DAILY,Mumbai CSMT,Panvel,16:42,16:45
HR,nerul_hr,seawoods_hr,1.4,DOWN,98161,PLVD27,12.0,,LOCAL,DAILY,Vadala Road,Panvel,16:48,16:51
HR,nerul_hr,seawoods_hr,1.4,DOWN,99039,TPL39,12.0,,LOCAL,DAILY,Masjid,Panvel,16:53,16:57
HR,nerul_hr,seawoods_hr,1.4,DOWN,98163,PL135,12.0,,LOCAL,DAILY,Mumbai CSMT,Panvel,16:58,17:01
HR,nerul_hr,seawoods_hr,1.4,DOWN,98165,PL137,12.0,,LOCAL,DAILY,Mumbai CSMT,Panvel,17:06,17:09
HR,nerul_hr,seawoods_hr,1.4,DOWN,98167,PLVD29,12.0,,LOCAL,NOT_SUN,Vadala Road,Panvel,17:14,17:17
HR,nerul_hr,seawoods_hr,1.4,DOWN,99041,TPL41,12.0,,LOCAL,DAILY,Masjid,Panvel,17:17,17:21
HR,nerul_hr,seawoods_hr,1.4,DOWN,98169,PL139,12.0,,LOCAL,DAILY,Mumbai CSMT,Panvel,17:21,17:25
HR,nerul_hr,seawoods_hr,1.4,DOWN,98347,BR35,12.0,,LOCAL,NOT_SUN,Mumbai CSMT,Belapur CBD,17:25,17:28
HR,nerul_hr,seawoods_hr,1.4,DOWN,98171,PL141,12.0,,LOCAL,DAILY,Mumbai CSMT,Panvel,17:33,17:36
HR,nerul_hr,seawoods_hr,1.4,DOWN,98349,BR37,12.0,,LOCAL,DAILY,Mumbai CSMT,Belapur CBD,17:37,17:40
HR,nerul_hr,seawoods_hr,1.4,DOWN,98173,PLVD31,12.0,,LOCAL,NOT_SUN,Vadala Road,Panvel,17:41,17:44
HR,nerul_hr,seawoods_hr,1.4,DOWN,98175,PL143,12.0,,LOCAL,DAILY,Mumbai CSMT,Panvel,17:49,17:52
HR,nerul_hr,seawoods_hr,1.4,DOWN,99043,TPL43,12.0,,LOCAL,DAILY,Masjid,Panvel,17:52,17:56
HR,nerul_hr,seawoods_hr,1.4,DOWN,98177,PLVD33,12.0,,LOCAL,DAILY,Vadala Road,Panvel,17:56,18:00
HR,nerul_hr,seawoods_hr,1.4,DOWN,98351,BR39,12.0,,LOCAL,DAILY,Mumbai CSMT,Belapur CBD,18:00,18:04
HR,nerul_hr,seawoods_hr,1.4,DOWN,98207,PL167,12.0,,LOCAL,DAILY,Mumbai CSMT,Panvel,20:03,20:06
HR,nerul_hr,seawoods_hr,1.4,DOWN,98209,PLVD41,12.0,,LOCAL,DAILY,Vadala Road,Panvel,20:07,20:10
HR,nerul_hr,seawoods_hr,1.4,DOWN,98361,BR47,12.0,,LOCAL,NOT_SUN,Mumbai CSMT,Belapur CBD,20:11,20:14
HR,nerul_hr,seawoods_hr,1.4,DOWN,98211,PL169,12.0,,LOCAL,DAILY,Mumbai CSMT,Panvel,20:15,20:18
HR,nerul_hr,seawoods_hr,1.4,DOWN,99053,TPL53,12.0,,LOCAL,NOT_SUN,Masjid,Panvel,20:18,20:22
HR,nerul_hr,seawoods_hr,1.4,DOWN,98912,GNPL12,12.0,,LOCAL,DAILY,Goregaon,Panvel,20:24,20:27
HR,nerul_hr,seawoods_hr,1.4,DOWN,99055,TPL55,12.0,,LOCAL,DAILY,Masjid,Panvel,20:28,20:32
HR,nerul_hr,seawoods_hr,1.4,DOWN,98213,PL171,12.0,,LOCAL,DAILY,Mumbai CSMT,Panvel,20:32,20:36
HR,nerul_hr,seawoods_hr,1.4,DOWN,98363,BR49,12.0,,LOCAL,DAILY,Mumbai CSMT,Belapur CBD,20:35,20:39
HR,nerul_hr,seawoods_hr,1.4,DOWN,98215,PLVD43,12.0,,LOCAL,DAILY,Vadala Road,Panvel,20:39,20:42
HR,nerul_hr,seawoods_hr,1.4,DOWN,99057,TPL57,12.0,,LOCAL,DAILY,Masjid,Panvel,20:44,20:48
HR,nerul_hr,seawoods_hr,1.4,DOWN,98217,PL173,12.0,,LOCAL,DAILY,Mumbai CSMT,Panvel,20:48,20:52
HR,nerul_hr,seawoods_hr,1.4,DOWN,98365,BR51,12.0,,LOCAL,NOT_SUN,Mumbai CSMT,Belapur CBD,20:51,20:55
HR,nerul_hr,seawoods_hr,1.4,DOWN,98219,PLVD45,12.0,,LOCAL,NOT_SUN,Vadala Road,Panvel,20:55,20:58
HR,nerul_hr,seawoods_hr,1.4,DOWN,98221,PL175,12.0,,AC,DAILY,Mumbai CSMT,Panvel,20:59,21:02
HR,nerul_hr,seawoods_hr,1.4,DOWN,98914,GNPL14,12.0,,LOCAL,DAILY,Goregaon,Panvel,21:07,21:10
HR,nerul_hr,seawoods_hr,1.4,DOWN,98223,PL177,12.0,,LOCAL,DAILY,Mumbai CSMT,Panvel,21:15,21:18
HR,nerul_hr,seawoods_hr,1.4,DOWN,99059,TPL59,12.0,,LOCAL,DAILY,Masjid,Panvel,21:19,21:23
HR,nerul_hr,seawoods_hr,1.4,DOWN,98367,BR53,12.0,,LOCAL,DAILY,Mumbai CSMT,Belapur CBD,21:27,21:30
HR,nerul_hr,seawoods_hr,1.4,DOWN,98225,PL179,12.0,,LOCAL,DAILY,Mumbai CSMT,Panvel,21:31,21:34
HR,nerul_hr,seawoods_hr,1.4,DOWN,98227,PLVD47,12.0,,LOCAL,NOT_SUN,Vadala Road,Panvel,21:35,21:38
HR,nerul_hr,seawoods_hr,1.4,DOWN,99061,TPL61,12.0,,LOCAL,DAILY,Masjid,Panvel,21:40,21:43
HR,nerul_hr,seawoods_hr,1.4,DOWN,98916,GNPL16,12.0,,LOCAL,DAILY,Goregaon,Panvel,21:43,21:46
HR,nerul_hr,seawoods_hr,1.4,DOWN,98229,PL181,12.0,,LOCAL,DAILY,Mumbai CSMT,Panvel,21:47,21:50
HR,nerul_hr,seawoods_hr,1.4,DOWN,98231,PLVD49,12.0,,LOCAL,DAILY,Vadala Road,Panvel,21:51,21:54
HR,nerul_hr,seawoods_hr,1.4,DOWN,98233,PL183,12.0,,LOCAL,DAILY,Mumbai CSMT,Panvel,22:00,22:03
HR,seawoods_hr,belapur_hr,2.4,DOWN,99073,TPL73,12.0,,LOCAL,DAILY,Masjid,Panvel,00:05,00:09
HR,seawoods_hr,belapur_hr,2.4,DOWN,98255,PL203,12.0,,LOCAL,DAILY,Mumbai CSMT,Panvel,00:15,00:19
HR,seawoods_hr,belapur_hr,2.4,DOWN,98257,PL205,12.0,,LOCAL,DAILY,Mumbai CSMT,Panvel,00:31,00:35
HR,seawoods_hr,belapur_hr,2.4,DOWN,99001,TPL1,12.0,,LOCAL,DAILY,Masjid,Panvel,00:38,00:42
HR,seawoods_hr,belapur_hr,2.4,DOWN,98003,PL3,12.0,,LOCAL,DAILY,Mumbai CSMT,Panvel,00:43,00:47
HR,seawoods_hr,belapur_hr,2.4,DOWN,98259,PL207,12.0,,LOCAL,DAILY,Mumbai CSMT,Panvel,00:53,00:57
HR,seawoods_hr,belapur_hr,2.4,DOWN,98301,BR1,12.0,,LOCAL,DAILY,Mumbai CSMT,Belapur CBD,01:06,01:10
HR,seawoods_hr,belapur_hr,2.4,DOWN,98001,PL1,12.0,,LOCAL,DAILY,Mumbai CSMT,Panvel,01:14,01:18
HR,seawoods_hr,belapur_hr,2.4,DOWN,98303,BRVD1,12.0,,LOCAL,DAILY,Vadala Road,Belapur CBD,01:34,01:38
HR,seawoods_hr,belapur_hr,2.4,DOWN,98005,PL5,12.0,,LOCAL,DAILY,Mumbai CSMT,Panvel,01:41,01:45
HR,seawoods_hr,belapur_hr,2.4,DOWN,98007,PL7,12.0,,LOCAL,DAILY,Mumbai CSMT,Panvel,05:33,05:37
HR,seawoods_hr,belapur_hr,2.4,DOWN,99003,TPL3,12.0,,LOCAL,DAILY,Masjid,Panvel,05:45,05:49
HR,seawoods_hr,belapur_hr,2.4,DOWN,98009,PLVD1,12.0,,AC,NOT_SUN,Vadala Road,Panvel,05:49,05:53
HR,seawoods_hr,belapur_hr,2.4,DOWN,98011,PL9,12.0,,LOCAL,DAILY,Mumbai CSMT,Panvel,05:53,05:57
HR,seawoods_hr,belapur_hr,2.4,DOWN,98041,PL35,12.0,,LOCAL,DAILY,Mumbai CSMT,Panvel,08:00,08:04
HR,seawoods_hr,belapur_hr,2.4,DOWN,98043,PL37,12.0,,LOCAL,DAILY,Mumbai CSMT,Panvel,08:10,08:14
HR,seawoods_hr,belapur_hr,2.4,DOWN,98045,PL39,12.0,,AC,DAILY,Mumbai CSMT,Panvel,08:18,08:22
HR,seawoods_hr,belapur_hr,2.4,DOWN,98047,PLVD7,12.0,,LOCAL,NOT_SUN,Vadala Road,Panvel,08:22,08:26
HR,seawoods_hr,belapur_hr,2.4,DOWN,98049,PL41,12.0,,LOCAL,DAILY,Mumbai CSMT,Panvel,08:27,08:31
HR,seawoods_hr,belapur_hr,2.4,DOWN,98309,BR7,12.0,,LOCAL,NOT_SUN,Mumbai CSMT,Belapur CBD,08:31,08:35
HR,seawoods_hr,belapur_hr,2.4,DOWN,99009,TPL9,12.0,,LOCAL,DAILY,Masjid,Panvel,08:37,08:41
HR,seawoods_hr,belapur_hr,2.4,DOWN,98051,PL43,12.0,,AC,DAILY,Mumbai CSMT,Panvel,08:41,08:45
HR,seawoods_hr,belapur_hr,2.4,DOWN,98311,BR9,12.0,,LOCAL,DAILY,Mumbai CSMT,Belapur CBD,08:49,08:53
HR,seawoods_hr,belapur_hr,2.4,DOWN,98902,GNPL2,12.0,,LOCAL,DAILY,Goregaon,Panvel,08:53,08:57
HR,seawoods_hr,belapur_hr,2.4,DOWN,98053,PL45,12.0,,LOCAL,DAILY,Mumbai CSMT,Panvel,08:57,09:01
HR,seawoods_hr,belapur_hr,2.4,DOWN,98055,PL47,12.0,,LOCAL,NOT_SUN,Mumbai CSMT,Panvel,09:01,09:05
HR,seawoods_hr,belapur_hr,2.4,DOWN,98313,BRVD3,12.0,,LOCAL,NOT_SUN,Vadala Road,Belapur CBD,09:06,09:11
HR,seawoods_hr,belapur_hr,2.4,DOWN,98057,PL49,12.0,,LOCAL,DAILY,Mumbai CSMT,Panvel,09:10,09:14
HR,seawoods_hr,belapur_hr,2.4,DOWN,99011,TPL11,12.0,,LOCAL,DAILY,Masjid,Panvel,09:14,09:18
HR,seawoods_hr,belapur_hr,2.4,DOWN,98059,PLVD9,12.0,,LOCAL,NOT_SUN,Vadala Road,Panvel,09:18,09:22
HR,seawoods_hr,belapur_hr,2.4,DOWN,98315,BR11,12.0,,LOCAL,DAILY,Mumbai CSMT,Belapur CBD,09:22,09:26
HR,seawoods_hr,belapur_hr,2.4,DOWN,98061,PL51,12.0,,LOCAL,DAILY,Mumbai CSMT,Panvel,09:26,09:30
HR,seawoods_hr,belapur_hr,2.4,DOWN,98063,PL53,12.0,,LOCAL,DAILY,Mumbai CSMT,Panvel,09:35,09:39
HR,seawoods_hr,belapur_hr,2.4,DOWN,99013,TPL13,12.0,,LOCAL,DAILY,Masjid,Panvel,09:47,09:51
HR,seawoods_hr,belapur_hr,2.4,DOWN,98065,PLVD11,12.0,,LOCAL,DAILY,Vadala Road,Panvel,09:51,09:55
HR,seawoods_hr,belapur_hr,2.4,DOWN,98067,PL55,12.0,,LOCAL,DAILY,Mumbai CSMT,Panvel,09:55,09:59
HR,seawoods_hr,belapur_hr,2.4,DOWN,98317,BR13,12.0,,LOCAL,DAILY,Mumbai CSMT,Belapur CBD,09:59,10:03
HR,seawoods_hr,belapur_hr,2.4,DOWN,98095,PL79,12.0,,LOCAL,DAILY,Mumbai CSMT,Panvel,12:05,12:09
HR,seawoods_hr,belapur_hr,2.4,DOWN,98331,BRVD9,12.0,,LOCAL,DAILY,Vadala Road,Belapur CBD,12:13,12:17
HR,seawoods_hr,belapur_hr,2.4,DOWN,98097,PL81,12.0,,LOCAL,DAILY,Mumbai CSMT,Panvel,12:17,12:21
HR,seawoods_hr,belapur_hr,2.4,DOWN,98099,PL83,12.0,,LOCAL,DAILY,Mumbai CSMT,Panvel,12:29,12:33
HR,seawoods_hr,belapur_hr,2.4,DOWN,98333,BR23,12.0,,LOCAL,DAILY,Mumbai CSMT,Belapur CBD,12:33,12:38
HR,seawoods_hr,belapur_hr,2.4,DOWN,99023,TPL23,12.0,,LOCAL,DAILY,Masjid,Panvel,12:37,12:41
HR,seawoods_hr,belapur_hr,2.4,DOWN,98101,PL85,12.0,,LOCAL,DAILY,Mumbai CSMT,Panvel,12:42,12:46
HR,seawoods_hr,belapur_hr,2.4,DOWN,98103,PL87,12.0,,LOCAL,DAILY,Mumbai CSMT,Panvel,12:54,12:58
HR,seawoods_hr,belapur_hr,2.4,DOWN,98105,PL89,12.0,,LOCAL,NOT_SUN,Mumbai CSMT,Panvel,12:58,13:02
HR,seawoods_hr,belapur_hr,2.4,DOWN,98107,PLVD17,12.0,,LOCAL,NOT_SUN,Vadala Road,Panvel,13:01,13:05
HR,seawoods_hr,belapur_hr,2.4,DOWN,98109,PL91,12.0,,LOCAL,DAILY,Mumbai CSMT,Panvel,13:10,13:14
HR,seawoods_hr,belapur_hr,2.4,DOWN,98111,PL93,12.0,,LOCAL,NOT_SUN,Mumbai CSMT,Panvel,13:18,13:22
HR,seawoods_hr,belapur_hr,2.4,DOWN,99025,TPL25,12.0,,LOCAL,DAILY,Masjid,Panvel,13:23,13:27
HR,seawoods_hr,belapur_hr,2.4,DOWN,98335,BR25,12.0,,LOCAL,DAILY,Mumbai CSMT,Belapur CBD,13:27,13:31
HR,seawoods_hr,belapur_hr,2.4,DOWN,98113,PL95,12.0,,LOCAL,DAILY,Mumbai CSMT,Panvel,13:31,13:35
HR,seawoods_hr,belapur_hr,2.4,DOWN,98115,PLVD19,12.0,,LOCAL,DAILY,Vadala Road,Panvel,13:35,13:39
HR,seawoods_hr,belapur_hr,2.4,DOWN,98337,BR27,12.0,,LOCAL,DAILY,Mumbai CSMT,Belapur CBD,13:41,13:45
HR,seawoods_hr,belapur_hr,2.4,DOWN,98908,GNPL8,12.0,,LOCAL,DAILY,Goregaon,Panvel,13:45,13:49
HR,seawoods_hr,belapur_hr,2.4,DOWN,98117,PL97,12.0,,LOCAL,DAILY,Mumbai CSMT,Panvel,13:53,13:57
HR,seawoods_hr,belapur_hr,2.4,DOWN,99027,TPL27,12.0,,LOCAL,DAILY,Masjid,Panvel,13:57,14:01
HR,seawoods_hr,belapur_hr,2.4,DOWN,98343,BR31,12.0,,LOCAL,NOT_SUN,Mumbai CSMT,Belapur CBD,16:01,16:05
HR,seawoods_hr,belapur_hr,2.4,DOWN,98147,PLVD25,12.0,,LOCAL,DAILY,Vadala Road,Panvel,16:05,16:09
HR,seawoods_hr,belapur_hr,2.4,DOWN,98149,PL123,12.0,,LOCAL,DAILY,Mumbai CSMT,Panvel,16:09,16:13
HR,seawoods_hr,belapur_hr,2.4,DOWN,98345,BR33,12.0,,LOCAL,DAILY,Mumbai CSMT,Belapur CBD,16:13,16:17
HR,seawoods_hr,belapur_hr,2.4,DOWN,98151,PL125,12.0,,LOCAL,DAILY,Mumbai CSMT,Panvel,16:17,16:21
HR,seawoods_hr,belapur_hr,2.4,DOWN,98153,PL127,12.0,,LOCAL,DAILY,Mumbai CSMT,Panvel,16:25,16:29
HR,seawoods_hr,belapur_hr,2.4,DOWN,98155,PL129,12.0,,LOCAL,DAILY,Mumbai CSMT,Panvel,16:29,16:33
HR,seawoods_hr,belapur_hr,2.4,DOWN,99037,TPL37,12.0,,LOCAL,DAILY,Masjid,Panvel,16:33,16:37
HR,seawoods_hr,belapur_hr,2.4,DOWN,98157,PL131,12.0,,AC,DAILY,Mumbai CSMT,Panvel,16:37,16:41
HR,seawoods_hr,belapur_hr,2.4,DOWN,98159,PL133,12.0,,LOCAL,DAILY,Mumbai CSMT,Panvel,16:45,16:49
HR,seawoods_hr,belapur_hr,2.4,DOWN,98161,PLVD27,12.0,,LOCAL,DAILY,Vadala Road,Panvel,16:51,16:55
HR,seawoods_hr,belapur_hr,2.4,DOWN,99039,TPL39,12.0,,LOCAL,DAILY,Masjid,Panvel,16:57,17:01
HR,seawoods_hr,belapur_hr,2.4,DOWN,98163,PL135,12.0,,LOCAL,DAILY,Mumbai CSMT,Panvel,17:01,17:05
HR,seawoods_hr,belapur_hr,2.4,DOWN,98165,PL137,12.0,,LOCAL,DAILY,Mumbai CSMT,Panvel,17:09,17:13
HR,seawoods_hr,belapur_hr,2.4,DOWN,98167,PLVD29,12.0,,LOCAL,NOT_SUN,Vadala Road,Panvel,17:17,17:21
HR,seawoods_hr,belapur_hr,2.4,DOWN,99041,TPL41,12.0,,LOCAL,DAILY,Masjid,Panvel,17:21,17:25
HR,seawoods_hr,belapur_hr,2.4,DOWN,98169,PL139,12.0,,LOCAL,DAILY,Mumbai CSMT,Panvel,17:25,17:29
HR,seawoods_hr,belapur_hr,2.4,DOWN,98347,BR35,12.0,,LOCAL,NOT_SUN,Mumbai CSMT,Belapur CBD,17:28,17:32
HR,seawoods_hr,belapur_hr,2.4,DOWN,98171,PL141,12.0,,LOCAL,DAILY,Mumbai CSMT,Panvel,17:36,17:40
HR,seawoods_hr,belapur_hr,2.4,DOWN,98349,BR37,12.0,,LOCAL,DAILY,Mumbai CSMT,Belapur CBD,17:40,17:44
HR,seawoods_hr,belapur_hr,2.4,DOWN,98173,PLVD31,12.0,,LOCAL,NOT_SUN,Vadala Road,Panvel,17:44,17:48
HR,seawoods_hr,belapur_hr,2.4,DOWN,98175,PL143,12.0,,LOCAL,DAILY,Mumbai CSMT,Panvel,17:52,17:56
HR,seawoods_hr,belapur_hr,2.4,DOWN,99043,TPL43,12.0,,LOCAL,DAILY,Masjid,Panvel,17:56,18:00
HR,seawoods_hr,belapur_hr,2.4,DOWN,98177,PLVD33,12.0,,LOCAL,DAILY,Vadala Road,Panvel,18:00,18:04
HR,seawoods_hr,belapur_hr,2.4,DOWN,98359,BR45,12.0,,LOCAL,DAILY,Mumbai CSMT,Belapur CBD,20:02,20:06
HR,seawoods_hr,belapur_hr,2.4,DOWN,98207,PL167,12.0,,LOCAL,DAILY,Mumbai CSMT,Panvel,20:06,20:10
HR,seawoods_hr,belapur_hr,2.4,DOWN,98209,PLVD41,12.0,,LOCAL,DAILY,Vadala Road,Panvel,20:10,20:14
HR,seawoods_hr,belapur_hr,2.4,DOWN,98361,BR47,12.0,,LOCAL,NOT_SUN,Mumbai CSMT,Belapur CBD,20:14,20:19
HR,seawoods_hr,belapur_hr,2.4,DOWN,98211,PL169,12.0,,LOCAL,DAILY,Mumbai CSMT,Panvel,20:18,20:22
HR,seawoods_hr,belapur_hr,2.4,DOWN,99053,TPL53,12.0,,LOCAL,NOT_SUN,Masjid,Panvel,20:22,20:26
HR,seawoods_hr,belapur_hr,2.4,DOWN,98912,GNPL12,12.0,,LOCAL,DAILY,Goregaon,Panvel,20:27,20:31
HR,seawoods_hr,belapur_hr,2.4,DOWN,99055,TPL55,12.0,,LOCAL,DAILY,Masjid,Panvel,20:32,20:36
HR,seawoods_hr,belapur_hr,2.4,DOWN,98213,PL171,12.0,,LOCAL,DAILY,Mumbai CSMT,Panvel,20:36,20:40
HR,seawoods_hr,belapur_hr,2.4,DOWN,98363,BR49,12.0,,LOCAL,DAILY,Mumbai CSMT,Belapur CBD,20:39,20:43
HR,seawoods_hr,belapur_hr,2.4,DOWN,98215,PLVD43,12.0,,LOCAL,DAILY,Vadala Road,Panvel,20:42,20:46
HR,seawoods_hr,belapur_hr,2.4,DOWN,99057,TPL57,12.0,,LOCAL,DAILY,Masjid,Panvel,20:48,20:52
HR,seawoods_hr,belapur_hr,2.4,DOWN,98217,PL173,12.0,,LOCAL,DAILY,Mumbai CSMT,Panvel,20:52,20:56
HR,seawoods_hr,belapur_hr,2.4,DOWN,98365,BR51,12.0,,LOCAL,NOT_SUN,Mumbai CSMT,Belapur CBD,20:55,20:59
HR,seawoods_hr,belapur_hr,2.4,DOWN,98219,PLVD45,12.0,,LOCAL,NOT_SUN,Vadala Road,Panvel,20:58,21:02
HR,seawoods_hr,belapur_hr,2.4,DOWN,98221,PL175,12.0,,AC,DAILY,Mumbai CSMT,Panvel,21:02,21:06
HR,seawoods_hr,belapur_hr,2.4,DOWN,98914,GNPL14,12.0,,LOCAL,DAILY,Goregaon,Panvel,21:10,21:14
HR,seawoods_hr,belapur_hr,2.4,DOWN,98223,PL177,12.0,,LOCAL,DAILY,Mumbai CSMT,Panvel,21:18,21:22
HR,seawoods_hr,belapur_hr,2.4,DOWN,99059,TPL59,12.0,,LOCAL,DAILY,Masjid,Panvel,21:23,21:27
HR,seawoods_hr,belapur_hr,2.4,DOWN,98367,BR53,12.0,,LOCAL,DAILY,Mumbai CSMT,Belapur CBD,21:30,21:34
HR,seawoods_hr,belapur_hr,2.4,DOWN,98225,PL179,12.0,,LOCAL,DAILY,Mumbai CSMT,Panvel,21:34,21:38
HR,seawoods_hr,belapur_hr,2.4,DOWN,98227,PLVD47,12.0,,LOCAL,NOT_SUN,Vadala Road,Panvel,21:38,21:42
HR,seawoods_hr,belapur_hr,2.4,DOWN,99061,TPL61,12.0,,LOCAL,DAILY,Masjid,Panvel,21:43,21:47
HR,seawoods_hr,belapur_hr,2.4,DOWN,98916,GNPL16,12.0,,LOCAL,DAILY,Goregaon,Panvel,21:46,21:50
HR,seawoods_hr,belapur_hr,2.4,DOWN,98229,PL181,12.0,,LOCAL,DAILY,Mumbai CSMT,Panvel,21:50,21:54
HR,seawoods_hr,belapur_hr,2.4,DOWN,98231,PLVD49,12.0,,LOCAL,DAILY,Vadala Road,Panvel,21:54,21:58
HR,belapur_hr,kharghar,2.3,DOWN,98253,PL201,12.0,,LOCAL,DAILY,Mumbai CSMT,Panvel,00:03,00:07
HR,belapur_hr,kharghar,2.3,DOWN,99073,TPL73,12.0,,LOCAL,DAILY,Masjid,Panvel,00:09,00:13
HR,belapur_hr,kharghar,2.3,DOWN,98255,PL203,12.0,,LOCAL,DAILY,Mumbai CSMT,Panvel,00:19,00:23
HR,belapur_hr,kharghar,2.3,DOWN,98257,PL205,12.0,,LOCAL,DAILY,Mumbai CSMT,Panvel,00:35,00:39
HR,belapur_hr,kharghar,2.3,DOWN,99001,TPL1,12.0,,LOCAL,DAILY,Masjid,Panvel,00:42,00:46
HR,belapur_hr,kharghar,2.3,DOWN,98003,PL3,12.0,,LOCAL,DAILY,Mumbai CSMT,Panvel,00:47,00:51
HR,belapur_hr,kharghar,2.3,DOWN,98259,PL207,12.0,,LOCAL,DAILY,Mumbai CSMT,Panvel,00:57,01:01
HR,belapur_hr,kharghar,2.3,DOWN,98001,PL1,12.0,,LOCAL,DAILY,Mumbai CSMT,Panvel,01:18,01:22
HR,belapur_hr,kharghar,2.3,DOWN,98005,PL5,12.0,,LOCAL,DAILY,Mumbai CSMT,Panvel,01:45,01:49
HR,belapur_hr,kharghar,2.3,DOWN,98007,PL7,12.0,,LOCAL,DAILY,Mumbai CSMT,Panvel,05:37,05:41
HR,belapur_hr,kharghar,2.3,DOWN,99003,TPL3,12.0,,LOCAL,DAILY,Masjid,Panvel,05:49,05:53
HR,belapur_hr,kharghar,2.3,DOWN,98009,PLVD1,12.0,,AC,NOT_SUN,Vadala Road,Panvel,05:53,05:57
HR,belapur_hr,kharghar,2.3,DOWN,98011,PL9,12.0,,LOCAL,DAILY,Mumbai CSMT,Panvel,05:57,06:01
HR,belapur_hr,kharghar,2.3,DOWN,98039,PL33,12.0,,LOCAL,NOT_SUN,Mumbai CSMT,Panvel,08:00,08:04
HR,belapur_hr,kharghar,2.3,DOWN,98041,PL35,12.0,,LOCAL,DAILY,Mumbai CSMT,Panvel,08:04,08:08
HR,belapur_hr,kharghar,2.3,DOWN,98043,PL37,12.0,,LOCAL,DAILY,Mumbai CSMT,Panvel,08:14,08:18
HR,belapur_hr,kharghar,2.3,DOWN,98045,PL39,12.0,,AC,DAILY,Mumbai CSMT,Panvel,08:22,08:26
HR,belapur_hr,kharghar,2.3,DOWN,98047,PLVD7,12.0,,LOCAL,NOT_SUN,Vadala Road,Panvel,08:26,08:30
HR,belapur_hr,kharghar,2.3,DOWN,98049,PL41,12.0,,LOCAL,DAILY,Mumbai CSMT,Panvel,08:31,08:35
HR,belapur_hr,kharghar,2.3,DOWN,99009,TPL9,12.0,,LOCAL,DAILY,Masjid,Panvel,08:41,08:45
HR,belapur_hr,kharghar,2.3,DOWN,98051,PL43,12.0,,AC,DAILY,Mumbai CSMT,Panvel,08:45,08:49
HR,belapur_hr,kharghar,2.3,DOWN,98902,GNPL2,12.0,,LOCAL,DAILY,Goregaon,Panvel,08:57,09:01
HR,belapur_hr,kharghar,2.3,DOWN,98053,PL45,12.0,,LOCAL,DAILY,Mumbai CSMT,Panvel,09:01,09:05
HR,belapur_hr,kharghar,2.3,DOWN,98055,PL47,12.0,,LOCAL,NOT_SUN,Mumbai CSMT,Panvel,09:05,09:09
HR,belapur_hr,kharghar,2.3,DOWN,98057,PL49,12.0,,LOCAL,DAILY,Mumbai CSMT,Panvel,09:14,09:18
HR,belapur_hr,kharghar,2.3,DOWN,99011,TPL11,12.0,,LOCAL,DAILY,Masjid,Panvel,09:18,09:22
HR,belapur_hr,kharghar,2.3,DOWN,98059,PLVD9,12.0,,LOCAL,NOT_SUN,Vadala Road,Panvel,09:22,09:26
HR,belapur_hr,kharghar,2.3,DOWN,98061,PL51,12.0,,LOCAL,DAILY,Mumbai CSMT,Panvel,09:30,09:34
HR,belapur_hr,kharghar,2.3,DOWN,98063,PL53,12.0,,LOCAL,DAILY,Mumbai CSMT,Panvel,09:39,09:43
HR,belapur_hr,kharghar,2.3,DOWN,99013,TPL13,12.0,,LOCAL,DAILY,Masjid,Panvel,09:51,09:55
HR,belapur_hr,kharghar,2.3,DOWN,98065,PLVD11,12.0,,LOCAL,DAILY,Vadala Road,Panvel,09:55,09:59
HR,belapur_hr,kharghar,2.3,DOWN,98067,PL55,12.0,,LOCAL,DAILY,Mumbai CSMT,Panvel,09:59,10:03
HR,belapur_hr,kharghar,2.3,DOWN,98095,PL79,12.0,,LOCAL,DAILY,Mumbai CSMT,Panvel,12:09,12:13
HR,belapur_hr,kharghar,2.3,DOWN,98097,PL81,12.0,,LOCAL,DAILY,Mumbai CSMT,Panvel,12:21,12:25
HR,belapur_hr,kharghar,2.3,DOWN,98099,PL83,12.0,,LOCAL,DAILY,Mumbai CSMT,Panvel,12:33,12:37
HR,belapur_hr,kharghar,2.3,DOWN,99023,TPL23,12.0,,LOCAL,DAILY,Masjid,Panvel,12:41,12:45
HR,belapur_hr,kharghar,2.3,DOWN,98101,PL85,12.0,,LOCAL,DAILY,Mumbai CSMT,Panvel,12:46,12:50
HR,belapur_hr,kharghar,2.3,DOWN,98103,PL87,12.0,,LOCAL,DAILY,Mumbai CSMT,Panvel,12:58,13:02
HR,belapur_hr,kharghar,2.3,DOWN,98105,PL89,12.0,,LOCAL,NOT_SUN,Mumbai CSMT,Panvel,13:02,13:06
HR,belapur_hr,kharghar,2.3,DOWN,98107,PLVD17,12.0,,LOCAL,NOT_SUN,Vadala Road,Panvel,13:05,13:09
HR,belapur_hr,kharghar,2.3,DOWN,98109,PL91,12.0,,LOCAL,DAILY,Mumbai CSMT,Panvel,13:14,13:18
HR,belapur_hr,kharghar,2.3,DOWN,98111,PL93,12.0,,LOCAL,NOT_SUN,Mumbai CSMT,Panvel,13:22,13:26
HR,belapur_hr,kharghar,2.3,DOWN,99025,TPL25,12.0,,LOCAL,DAILY,Masjid,Panvel,13:27,13:31
HR,belapur_hr,kharghar,2.3,DOWN,98113,PL95,12.0,,LOCAL,DAILY,Mumbai CSMT,Panvel,13:35,13:39
HR,belapur_hr,kharghar,2.3,DOWN,98115,PLVD19,12.0,,LOCAL,DAILY,Vadala Road,Panvel,13:39,13:43
HR,belapur_hr,kharghar,2.3,DOWN,98908,GNPL8,12.0,,LOCAL,DAILY,Goregaon,Panvel,13:49,13:53
HR,belapur_hr,kharghar,2.3,DOWN,98117,PL97,12.0,,LOCAL,DAILY,Mumbai CSMT,Panvel,13:57,14:01
HR,belapur_hr,kharghar,2.3,DOWN,98145,PL121,12.0,,LOCAL,DAILY,Mumbai CSMT,Panvel,16:01,16:05
HR,belapur_hr,kharghar,2.3,DOWN,98147,PLVD25,12.0,,LOCAL,DAILY,Vadala Road,Panvel,16:09,16:13
HR,belapur_hr,kharghar,2.3,DOWN,98149,PL123,12.0,,LOCAL,DAILY,Mumbai CSMT,Panvel,16:13,16:17
HR,belapur_hr,kharghar,2.3,DOWN,98151,PL125,12.0,,LOCAL,DAILY,Mumbai CSMT,Panvel,16:21,16:25
HR,belapur_hr,kharghar,2.3,DOWN,98153,PL127,12.0,,LOCAL,DAILY,Mumbai CSMT,Panvel,16:29,16:33
HR,belapur_hr,kharghar,2.3,DOWN,98155,PL129,12.0,,LOCAL,DAILY,Mumbai CSMT,Panvel,16:33,16:37
HR,belapur_hr,kharghar,2.3,DOWN,99037,TPL37,12.0,,LOCAL,DAILY,Masjid,Panvel,16:37,16:41
HR,belapur_hr,kharghar,2.3,DOWN,98157,PL131,12.0,,AC,DAILY,Mumbai CSMT,Panvel,16:41,16:45
HR,belapur_hr,kharghar,2.3,DOWN,98159,PL133,12.0,,LOCAL,DAILY,Mumbai CSMT,Panvel,16:49,16:53
HR,belapur_hr,kharghar,2.3,DOWN,98161,PLVD27,12.0,,LOCAL,DAILY,Vadala Road,Panvel,16:55,16:59
HR,belapur_hr,kharghar,2.3,DOWN,99039,TPL39,12.0,,LOCAL,DAILY,Masjid,Panvel,17:01,17:05
HR,belapur_hr,kharghar,2.3,DOWN,98163,PL135,12.0,,LOCAL,DAILY,Mumbai CSMT,Panvel,17:05,17:09
HR,belapur_hr,kharghar,2.3,DOWN,98165,PL137,12.0,,LOCAL,DAILY,Mumbai CSMT,Panvel,17:13,17:17
HR,belapur_hr,kharghar,2.3,DOWN,98167,PLVD29,12.0,,LOCAL,NOT_SUN,Vadala Road,Panvel,17:21,17:25
HR,belapur_hr,kharghar,2.3,DOWN,99041,TPL41,12.0,,LOCAL,DAILY,Masjid,Panvel,17:25,17:29
HR,belapur_hr,kharghar,2.3,DOWN,98169,PL139,12.0,,LOCAL,DAILY,Mumbai CSMT,Panvel,17:29,17:33
HR,belapur_hr,kharghar,2.3,DOWN,98171,PL141,12.0,,LOCAL,DAILY,Mumbai CSMT,Panvel,17:40,17:44
HR,belapur_hr,kharghar,2.3,DOWN,98173,PLVD31,12.0,,LOCAL,NOT_SUN,Vadala Road,Panvel,17:48,17:52
HR,belapur_hr,kharghar,2.3,DOWN,98175,PL143,12.0,,LOCAL,DAILY,Mumbai CSMT,Panvel,17:56,18:00
HR,belapur_hr,kharghar,2.3,DOWN,99043,TPL43,12.0,,LOCAL,DAILY,Masjid,Panvel,18:00,18:04
HR,belapur_hr,kharghar,2.3,DOWN,98205,PL165,12.0,,LOCAL,NOT_SUN,Mumbai CSMT,Panvel,20:02,20:06
HR,belapur_hr,kharghar,2.3,DOWN,98207,PL167,12.0,,LOCAL,DAILY,Mumbai CSMT,Panvel,20:10,20:14
HR,belapur_hr,kharghar,2.3,DOWN,98209,PLVD41,12.0,,LOCAL,DAILY,Vadala Road,Panvel,20:14,20:18
HR,belapur_hr,kharghar,2.3,DOWN,98211,PL169,12.0,,LOCAL,DAILY,Mumbai CSMT,Panvel,20:22,20:26
HR,belapur_hr,kharghar,2.3,DOWN,99053,TPL53,12.0,,LOCAL,NOT_SUN,Masjid,Panvel,20:26,20:30
HR,belapur_hr,kharghar,2.3,DOWN,98912,GNPL12,12.0,,LOCAL,DAILY,Goregaon,Panvel,20:31,20:35
HR,belapur_hr,kharghar,2.3,DOWN,99055,TPL55,12.0,,LOCAL,DAILY,Masjid,Panvel,20:36,20:40
HR,belapur_hr,kharghar,2.3,DOWN,98213,PL171,12.0,,LOCAL,DAILY,Mumbai CSMT,Panvel,20:40,20:44
HR,belapur_hr,kharghar,2.3,DOWN,98215,PLVD43,12.0,,LOCAL,DAILY,Vadala Road,Panvel,20:46,20:50
HR,belapur_hr,kharghar,2.3,DOWN,99057,TPL57,12.0,,LOCAL,DAILY,Masjid,Panvel,20:52,20:56
HR,belapur_hr,kharghar,2.3,DOWN,98217,PL173,12.0,,LOCAL,DAILY,Mumbai CSMT,Panvel,20:56,21:00
HR,belapur_hr,kharghar,2.3,DOWN,98219,PLVD45,12.0,,LOCAL,NOT_SUN,Vadala Road,Panvel,21:02,21:06
HR,belapur_hr,kharghar,2.3,DOWN,98221,PL175,12.0,,AC,DAILY,Mumbai CSMT,Panvel,21:06,21:10
HR,belapur_hr,kharghar,2.3,DOWN,98914,GNPL14,12.0,,LOCAL,DAILY,Goregaon,Panvel,21:14,21:18
HR,belapur_hr,kharghar,2.3,DOWN,98223,PL177,12.0,,LOCAL,DAILY,Mumbai CSMT,Panvel,21:22,21:26
HR,belapur_hr,kharghar,2.3,DOWN,99059,TPL59,12.0,,LOCAL,DAILY,Masjid,Panvel,21:27,21:31
HR,belapur_hr,kharghar,2.3,DOWN,98225,PL179,12.0,,LOCAL,DAILY,Mumbai CSMT,Panvel,21:38,21:42
HR,belapur_hr,kharghar,2.3,DOWN,98227,PLVD47,12.0,,LOCAL,NOT_SUN,Vadala Road,Panvel,21:42,21:46
HR,belapur_hr,kharghar,2.3,DOWN,99061,TPL61,12.0,,LOCAL,DAILY,Masjid,Panvel,21:47,21:51
HR,belapur_hr,kharghar,2.3,DOWN,98916,GNPL16,12.0,,LOCAL,DAILY,Goregaon,Panvel,21:50,21:54
HR,belapur_hr,kharghar,2.3,DOWN,98229,PL181,12.0,,LOCAL,DAILY,Mumbai CSMT,Panvel,21:54,21:58
HR,belapur_hr,kharghar,2.3,DOWN,98231,PLVD49,12.0,,LOCAL,DAILY,Vadala Road,Panvel,21:58,22:02
HR,kharghar,mansarovar,2.9,DOWN,98253,PL201,12.0,,LOCAL,DAILY,Mumbai CSMT,Panvel,00:07,00:10
HR,kharghar,mansarovar,2.9,DOWN,99073,TPL73,12.0,,LOCAL,DAILY,Masjid,Panvel,00:13,00:16
HR,kharghar,mansarovar,2.9,DOWN,98255,PL203,12.0,,LOCAL,DAILY,Mumbai CSMT,Panvel,00:23,00:26
HR,kharghar,mansarovar,2.9,DOWN,98257,PL205,12.0,,LOCAL,DAILY,Mumbai CSMT,Panvel,00:39,00:42
HR,kharghar,mansarovar,2.9,DOWN,99001,TPL1,12.0,,LOCAL,DAILY,Masjid,Panvel,00:46,00:49
HR,kharghar,mansarovar,2.9,DOWN,98003,PL3,12.0,,LOCAL,DAILY,Mumbai CSMT,Panvel,00:51,00:54
HR,kharghar,mansarovar,2.9,DOWN,98259,PL207,12.0,,LOCAL,DAILY,Mumbai CSMT,Panvel,01:01,01:04
HR,kharghar,mansarovar,2.9,DOWN,98001,PL1,12.0,,LOCAL,DAILY,Mumbai CSMT,Panvel,01:22,01:25
HR,kharghar,mansarovar,2.9,DOWN,98005,PL5,12.0,,LOCAL,DAILY,Mumbai CSMT,Panvel,01:49,01:52
HR,kharghar,mansarovar,2.9,DOWN,98007,PL7,12.0,,LOCAL,DAILY,Mumbai CSMT,Panvel,05:41,05:44
HR,kharghar,mansarovar,2.9,DOWN,99003,TPL3,12.0,,LOCAL,DAILY,Masjid,Panvel,05:53,05:56
HR,kharghar,mansarovar,2.9,DOWN,98009,PLVD1,12.0,,AC,NOT_SUN,Vadala Road,Panvel,05:57,06:00
HR,kharghar,mansarovar,2.9,DOWN,98039,PL33,12.0,,LOCAL,NOT_SUN,Mumbai CSMT,Panvel,08:04,08:07
HR,kharghar,mansarovar,2.9,DOWN,98041,PL35,12.0,,LOCAL,DAILY,Mumbai CSMT,Panvel,08:08,08:11
HR,kharghar,mansarovar,2.9,DOWN,98043,PL37,12.0,,LOCAL,DAILY,Mumbai CSMT,Panvel,08:18,08:21
HR,kharghar,mansarovar,2.9,DOWN,98045,PL39,12.0,,AC,DAILY,Mumbai CSMT,Panvel,08:26,08:29
HR,kharghar,mansarovar,2.9,DOWN,98047,PLVD7,12.0,,LOCAL,NOT_SUN,Vadala Road,Panvel,08:30,08:33
HR,kharghar,mansarovar,2.9,DOWN,98049,PL41,12.0,,LOCAL,DAILY,Mumbai CSMT,Panvel,08:35,08:38
HR,kharghar,mansarovar,2.9,DOWN,99009,TPL9,12.0,,LOCAL,DAILY,Masjid,Panvel,08:45,08:48
HR,kharghar,mansarovar,2.9,DOWN,98051,PL43,12.0,,AC,DAILY,Mumbai CSMT,Panvel,08:49,08:52
HR,kharghar,mansarovar,2.9,DOWN,98902,GNPL2,12.0,,LOCAL,DAILY,Goregaon,Panvel,09:01,09:04
HR,kharghar,mansarovar,2.9,DOWN,98053,PL45,12.0,,LOCAL,DAILY,Mumbai CSMT,Panvel,09:05,09:08
HR,kharghar,mansarovar,2.9,DOWN,98055,PL47,12.0,,LOCAL,NOT_SUN,Mumbai CSMT,Panvel,09:09,09:12
HR,kharghar,mansarovar,2.9,DOWN,98057,PL49,12.0,,LOCAL,DAILY,Mumbai CSMT,Panvel,09:18,09:21
HR,kharghar,mansarovar,2.9,DOWN,99011,TPL11,12.0,,LOCAL,DAILY,Masjid,Panvel,09:22,09:25
HR,kharghar,mansarovar,2.9,DOWN,98059,PLVD9,12.0,,LOCAL,NOT_SUN,Vadala Road,Panvel,09:26,09:29
HR,kharghar,mansarovar,2.9,DOWN,98061,PL51,12.0,,LOCAL,DAILY,Mumbai CSMT,Panvel,09:34,09:37
HR,kharghar,mansarovar,2.9,DOWN,98063,PL53,12.0,,LOCAL,DAILY,Mumbai CSMT,Panvel,09:43,09:46
HR,kharghar,mansarovar,2.9,DOWN,99013,TPL13,12.0,,LOCAL,DAILY,Masjid,Panvel,09:55,09:58
HR,kharghar,mansarovar,2.9,DOWN,98065,PLVD11,12.0,,LOCAL,DAILY,Vadala Road,Panvel,09:59,10:02
HR,kharghar,mansarovar,2.9,DOWN,98093,PL77,12.0,,LOCAL,DAILY,Mumbai CSMT,Panvel,12:01,12:04
HR,kharghar,mansarovar,2.9,DOWN,98095,PL79,12.0,,LOCAL,DAILY,Mumbai CSMT,Panvel,12:13,12:16
HR,kharghar,mansarovar,2.9,DOWN,98097,PL81,12.0,,LOCAL,DAILY,Mumbai CSMT,Panvel,12:25,12:28
HR,kharghar,mansarovar,2.9,DOWN,98099,PL83,12.0,,LOCAL,DAILY,Mumbai CSMT,Panvel,12:37,12:40
HR,kharghar,mansarovar,2.9,DOWN,99023,TPL23,12.0,,LOCAL,DAILY,Masjid,Panvel,12:45,12:48
HR,kharghar,mansarovar,2.9,DOWN,98101,PL85,12.0,,LOCAL,DAILY,Mumbai CSMT,Panvel,12:50,12:53
HR,kharghar,mansarovar,2.9,DOWN,98103,PL87,12.0,,LOCAL,DAILY,Mumbai CSMT,Panvel,13:02,13:05
HR,kharghar,mansarovar,2.9,DOWN,98105,PL89,12.0,,LOCAL,NOT_SUN,Mumbai CSMT,Panvel,13:06,13:09
HR,kharghar,mansarovar,2.9,DOWN,98107,PLVD17,12.0,,LOCAL,NOT_SUN,Vadala Road,Panvel,13:09,13:12
HR,kharghar,mansarovar,2.9,DOWN,98109,PL91,12.0,,LOCAL,DAILY,Mumbai CSMT,Panvel,13:18,13:21
HR,kharghar,mansarovar,2.9,DOWN,98111,PL93,12.0,,LOCAL,NOT_SUN,Mumbai CSMT,Panvel,13:26,13:29
HR,kharghar,mansarovar,2.9,DOWN,99025,TPL25,12.0,,LOCAL,DAILY,Masjid,Panvel,13:31,13:34
HR,kharghar,mansarovar,2.9,DOWN,98113,PL95,12.0,,LOCAL,DAILY,Mumbai CSMT,Panvel,13:39,13:42
HR,kharghar,mansarovar,2.9,DOWN,98115,PLVD19,12.0,,LOCAL,DAILY,Vadala Road,Panvel,13:43,13:46
HR,kharghar,mansarovar,2.9,DOWN,98908,GNPL8,12.0,,LOCAL,DAILY,Goregaon,Panvel,13:53,13:56
HR,kharghar,mansarovar,2.9,DOWN,99035,TPL35,12.0,,LOCAL,DAILY,Masjid,Panvel,16:01,16:04
HR,kharghar,mansarovar,2.9,DOWN,98145,PL121,12.0,,LOCAL,DAILY,Mumbai CSMT,Panvel,16:05,16:08
HR,kharghar,mansarovar,2.9,DOWN,98147,PLVD25,12.0,,LOCAL,DAILY,Vadala Road,Panvel,16:13,16:16
HR,kharghar,mansarovar,2.9,DOWN,98149,PL123,12.0,,LOCAL,DAILY,Mumbai CSMT,Panvel,16:17,16:20
HR,kharghar,mansarovar,2.9,DOWN,98151,PL125,12.0,,LOCAL,DAILY,Mumbai CSMT,Panvel,16:25,16:28
HR,kharghar,mansarovar,2.9,DOWN,98153,PL127,12.0,,LOCAL,DAILY,Mumbai CSMT,Panvel,16:33,16:36
HR,kharghar,mansarovar,2.9,DOWN,98155,PL129,12.0,,LOCAL,DAILY,Mumbai CSMT,Panvel,16:37,16:40
HR,kharghar,mansarovar,2.9,DOWN,99037,TPL37,12.0,,LOCAL,DAILY,Masjid,Panvel,16:41,16:44
HR,kharghar,mansarovar,2.9,DOWN,98157,PL131,12.0,,AC,DAILY,Mumbai CSMT,Panvel,16:45,16:48
HR,kharghar,mansarovar,2.9,DOWN,98159,PL133,12.0,,LOCAL,DAILY,Mumbai CSMT,Panvel,16:53,16:56
HR,kharghar,mansarovar,2.9,DOWN,98161,PLVD27,12.0,,LOCAL,DAILY,Vadala Road,Panvel,16:59,17:02
HR,kharghar,mansarovar,2.9,DOWN,99039,TPL39,12.0,,LOCAL,DAILY,Masjid,Panvel,17:05,17:08
HR,kharghar,mansarovar,2.9,DOWN,98163,PL135,12.0,,LOCAL,DAILY,Mumbai CSMT,Panvel,17:09,17:12
HR,kharghar,mansarovar,2.9,DOWN,98165,PL137,12.0,,LOCAL,DAILY,Mumbai CSMT,Panvel,17:17,17:20
HR,kharghar,mansarovar,2.9,DOWN,98167,PLVD29,12.0,,LOCAL,NOT_SUN,Vadala Road,Panvel,17:25,17:28
HR,kharghar,mansarovar,2.9,DOWN,99041,TPL41,12.0,,LOCAL,DAILY,Masjid,Panvel,17:29,17:32
HR,kharghar,mansarovar,2.9,DOWN,98169,PL139,12.0,,LOCAL,DAILY,Mumbai CSMT,Panvel,17:33,17:36
HR,kharghar,mansarovar,2.9,DOWN,98171,PL141,12.0,,LOCAL,DAILY,Mumbai CSMT,Panvel,17:44,17:47
HR,kharghar,mansarovar,2.9,DOWN,98173,PLVD31,12.0,,LOCAL,NOT_SUN,Vadala Road,Panvel,17:52,17:55
HR,kharghar,mansarovar,2.9,DOWN,98175,PL143,12.0,,LOCAL,DAILY,Mumbai CSMT,Panvel,18:00,18:03
HR,kharghar,mansarovar,2.9,DOWN,98910,GNPL10,12.0,,LOCAL,DAILY,Goregaon,Panvel,20:02,20:05
HR,kharghar,mansarovar,2.9,DOWN,98205,PL165,12.0,,LOCAL,NOT_SUN,Mumbai CSMT,Panvel,20:06,20:09
HR,kharghar,mansarovar,2.9,DOWN,98207,PL167,12.0,,LOCAL,DAILY,Mumbai CSMT,Panvel,20:14,20:17
HR,kharghar,mansarovar,2.9,DOWN,98209,PLVD41,12.0,,LOCAL,DAILY,Vadala Road,Panvel,20:18,20:21
HR,kharghar,mansarovar,2.9,DOWN,98211,PL169,12.0,,LOCAL,DAILY,Mumbai CSMT,Panvel,20:26,20:29
HR,kharghar,mansarovar,2.9,DOWN,99053,TPL53,12.0,,LOCAL,NOT_SUN,Masjid,Panvel,20:30,20:33
HR,kharghar,mansarovar,2.9,DOWN,98912,GNPL12,12.0,,LOCAL,DAILY,Goregaon,Panvel,20:35,20:38
HR,kharghar,mansarovar,2.9,DOWN,99055,TPL55,12.0,,LOCAL,DAILY,Masjid,Panvel,20:40,20:43
HR,kharghar,mansarovar,2.9,DOWN,98213,PL171,12.0,,LOCAL,DAILY,Mumbai CSMT,Panvel,20:44,20:47
HR,kharghar,mansarovar,2.9,DOWN,98215,PLVD43,12.0,,LOCAL,DAILY,Vadala Road,Panvel,20:50,20:53
HR,kharghar,mansarovar,2.9,DOWN,99057,TPL57,12.0,,LOCAL,DAILY,Masjid,Panvel,20:56,20:59
HR,kharghar,mansarovar,2.9,DOWN,98217,PL173,12.0,,LOCAL,DAILY,Mumbai CSMT,Panvel,21:00,21:03
HR,kharghar,mansarovar,2.9,DOWN,98219,PLVD45,12.0,,LOCAL,NOT_SUN,Vadala Road,Panvel,21:06,21:09
HR,kharghar,mansarovar,2.9,DOWN,98221,PL175,12.0,,AC,DAILY,Mumbai CSMT,Panvel,21:10,21:13
HR,kharghar,mansarovar,2.9,DOWN,98914,GNPL14,12.0,,LOCAL,DAILY,Goregaon,Panvel,21:18,21:21
HR,kharghar,mansarovar,2.9,DOWN,98223,PL177,12.0,,LOCAL,DAILY,Mumbai CSMT,Panvel,21:26,21:29
HR,kharghar,mansarovar,2.9,DOWN,99059,TPL59,12.0,,LOCAL,DAILY,Masjid,Panvel,21:31,21:34
HR,kharghar,mansarovar,2.9,DOWN,98225,PL179,12.0,,LOCAL,DAILY,Mumbai CSMT,Panvel,21:42,21:45
HR,kharghar,mansarovar,2.9,DOWN,98227,PLVD47,12.0,,LOCAL,NOT_SUN,Vadala Road,Panvel,21:46,21:49
HR,kharghar,mansarovar,2.9,DOWN,99061,TPL61,12.0,,LOCAL,DAILY,Masjid,Panvel,21:51,21:54
HR,kharghar,mansarovar,2.9,DOWN,98916,GNPL16,12.0,,LOCAL,DAILY,Goregaon,Panvel,21:54,21:57
HR,kharghar,mansarovar,2.9,DOWN,98229,PL181,12.0,,LOCAL,DAILY,Mumbai CSMT,Panvel,21:58,22:01
HR,mansarovar,khandeshwar,2.3,DOWN,98251,PL199,12.0,,LOCAL,DAILY,Mumbai CSMT,Panvel,00:02,00:05
HR,mansarovar,khandeshwar,2.3,DOWN,98253,PL201,12.0,,LOCAL,DAILY,Mumbai CSMT,Panvel,00:10,00:13
HR,mansarovar,khandeshwar,2.3,DOWN,99073,TPL73,12.0,,LOCAL,DAILY,Masjid,Panvel,00:16,00:19
HR,mansarovar,khandeshwar,2.3,DOWN,98255,PL203,12.0,,LOCAL,DAILY,Mumbai CSMT,Panvel,00:26,00:29
HR,mansarovar,khandeshwar,2.3,DOWN,98257,PL205,12.0,,LOCAL,DAILY,Mumbai CSMT,Panvel,00:42,00:45
HR,mansarovar,khandeshwar,2.3,DOWN,99001,TPL1,12.0,,LOCAL,DAILY,Masjid,Panvel,00:49,00:52
HR,mansarovar,khandeshwar,2.3,DOWN,98003,PL3,12.0,,LOCAL,DAILY,Mumbai CSMT,Panvel,00:54,00:57
HR,mansarovar,khandeshwar,2.3,DOWN,98259,PL207,12.0,,LOCAL,DAILY,Mumbai CSMT,Panvel,01:04,01:07
HR,mansarovar,khandeshwar,2.3,DOWN,98001,PL1,12.0,,LOCAL,DAILY,Mumbai CSMT,Panvel,01:25,01:28
HR,mansarovar,khandeshwar,2.3,DOWN,98005,PL5,12.0,,LOCAL,DAILY,Mumbai CSMT,Panvel,01:52,01:55
HR,mansarovar,khandeshwar,2.3,DOWN,98007,PL7,12.0,,LOCAL,DAILY,Mumbai CSMT,Panvel,05:44,05:47
HR,mansarovar,khandeshwar,2.3,DOWN,99003,TPL3,12.0,,LOCAL,DAILY,Masjid,Panvel,05:56,05:59
HR,mansarovar,khandeshwar,2.3,DOWN,98009,PLVD1,12.0,,AC,NOT_SUN,Vadala Road,Panvel,06:00,06:03
HR,mansarovar,khandeshwar,2.3,DOWN,98039,PL33,12.0,,LOCAL,NOT_SUN,Mumbai CSMT,Panvel,08:07,08:10
HR,mansarovar,khandeshwar,2.3,DOWN,98041,PL35,12.0,,LOCAL,DAILY,Mumbai CSMT,Panvel,08:11,08:14
HR,mansarovar,khandeshwar,2.3,DOWN,98043,PL37,12.0,,LOCAL,DAILY,Mumbai CSMT,Panvel,08:21,08:24
HR,mansarovar,khandeshwar,2.3,DOWN,98045,PL39,12.0,,AC,DAILY,Mumbai CSMT,Panvel,08:29,08:32
HR,mansarovar,khandeshwar,2.3,DOWN,98047,PLVD7,12.0,,LOCAL,NOT_SUN,Vadala Road,Panvel,08:33,08:36
HR,mansarovar,khandeshwar,2.3,DOWN,98049,PL41,12.0,,LOCAL,DAILY,Mumbai CSMT,Panvel,08:38,08:41
HR,mansarovar,khandeshwar,2.3,DOWN,99009,TPL9,12.0,,LOCAL,DAILY,Masjid,Panvel,08:48,08:51
HR,mansarovar,khandeshwar,2.3,DOWN,98051,PL43,12.0,,AC,DAILY,Mumbai CSMT,Panvel,08:52,08:55
HR,mansarovar,khandeshwar,2.3,DOWN,98902,GNPL2,12.0,,LOCAL,DAILY,Goregaon,Panvel,09:04,09:07
HR,mansarovar,khandeshwar,2.3,DOWN,98053,PL45,12.0,,LOCAL,DAILY,Mumbai CSMT,Panvel,09:08,09:11
HR,mansarovar,khandeshwar,2.3,DOWN,98055,PL47,12.0,,LOCAL,NOT_SUN,Mumbai CSMT,Panvel,09:12,09:15
HR,mansarovar,khandeshwar,2.3,DOWN,98057,PL49,12.0,,LOCAL,DAILY,Mumbai CSMT,Panvel,09:21,09:24
HR,mansarovar,khandeshwar,2.3,DOWN,99011,TPL11,12.0,,LOCAL,DAILY,Masjid,Panvel,09:25,09:28
HR,mansarovar,khandeshwar,2.3,DOWN,98059,PLVD9,12.0,,LOCAL,NOT_SUN,Vadala Road,Panvel,09:29,09:32
HR,mansarovar,khandeshwar,2.3,DOWN,98061,PL51,12.0,,LOCAL,DAILY,Mumbai CSMT,Panvel,09:37,09:40
HR,mansarovar,khandeshwar,2.3,DOWN,98063,PL53,12.0,,LOCAL,DAILY,Mumbai CSMT,Panvel,09:46,09:49
HR,mansarovar,khandeshwar,2.3,DOWN,99013,TPL13,12.0,,LOCAL,DAILY,Masjid,Panvel,09:58,10:01
HR,mansarovar,khandeshwar,2.3,DOWN,98093,PL77,12.0,,LOCAL,DAILY,Mumbai CSMT,Panvel,12:04,12:07
HR,mansarovar,khandeshwar,2.3,DOWN,98095,PL79,12.0,,LOCAL,DAILY,Mumbai CSMT,Panvel,12:16,12:19
HR,mansarovar,khandeshwar,2.3,DOWN,98097,PL81,12.0,,LOCAL,DAILY,Mumbai CSMT,Panvel,12:28,12:31
HR,mansarovar,khandeshwar,2.3,DOWN,98099,PL83,12.0,,LOCAL,DAILY,Mumbai CSMT,Panvel,12:40,12:43
HR,mansarovar,khandeshwar,2.3,DOWN,99023,TPL23,12.0,,LOCAL,DAILY,Masjid,Panvel,12:48,12:51
HR,mansarovar,khandeshwar,2.3,DOWN,98101,PL85,12.0,,LOCAL,DAILY,Mumbai CSMT,Panvel,12:53,12:56
HR,mansarovar,khandeshwar,2.3,DOWN,98103,PL87,12.0,,LOCAL,DAILY,Mumbai CSMT,Panvel,13:05,13:08
HR,mansarovar,khandeshwar,2.3,DOWN,98105,PL89,12.0,,LOCAL,NOT_SUN,Mumbai CSMT,Panvel,13:09,13:12
HR,mansarovar,khandeshwar,2.3,DOWN,98107,PLVD17,12.0,,LOCAL,NOT_SUN,Vadala Road,Panvel,13:12,13:15
HR,mansarovar,khandeshwar,2.3,DOWN,98109,PL91,12.0,,LOCAL,DAILY,Mumbai CSMT,Panvel,13:21,13:24
HR,mansarovar,khandeshwar,2.3,DOWN,98111,PL93,12.0,,LOCAL,NOT_SUN,Mumbai CSMT,Panvel,13:29,13:32
HR,mansarovar,khandeshwar,2.3,DOWN,99025,TPL25,12.0,,LOCAL,DAILY,Masjid,Panvel,13:34,13:37
HR,mansarovar,khandeshwar,2.3,DOWN,98113,PL95,12.0,,LOCAL,DAILY,Mumbai CSMT,Panvel,13:42,13:45
HR,mansarovar,khandeshwar,2.3,DOWN,98115,PLVD19,12.0,,LOCAL,DAILY,Vadala Road,Panvel,13:46,13:49
HR,mansarovar,khandeshwar,2.3,DOWN,98908,GNPL8,12.0,,LOCAL,DAILY,Goregaon,Panvel,13:56,13:59
HR,mansarovar,khandeshwar,2.3,DOWN,98143,PL119,12.0,,LOCAL,NOT_SUN,Mumbai CSMT,Panvel,16:00,16:03
HR,mansarovar,khandeshwar,2.3,DOWN,99035,TPL35,12.0,,LOCAL,DAILY,Masjid,Panvel,16:04,16:07
HR,mansarovar,khandeshwar,2.3,DOWN,98145,PL121,12.0,,LOCAL,DAILY,Mumbai CSMT,Panvel,16:08,16:11
HR,mansarovar,khandeshwar,2.3,DOWN,98147,PLVD25,12.0,,LOCAL,DAILY,Vadala Road,Panvel,16:16,16:19
HR,mansarovar,khandeshwar,2.3,DOWN,98149,PL123,12.0,,LOCAL,DAILY,Mumbai CSMT,Panvel,16:20,16:23
HR,mansarovar,khandeshwar,2.3,DOWN,98151,PL125,12.0,,LOCAL,DAILY,Mumbai CSMT,Panvel,16:28,16:31
HR,mansarovar,khandeshwar,2.3,DOWN,98153,PL127,12.0,,LOCAL,DAILY,Mumbai CSMT,Panvel,16:36,16:39
HR,mansarovar,khandeshwar,2.3,DOWN,98155,PL129,12.0,,LOCAL,DAILY,Mumbai CSMT,Panvel,16:40,16:43
HR,mansarovar,khandeshwar,2.3,DOWN,99037,TPL37,12.0,,LOCAL,DAILY,Masjid,Panvel,16:44,16:47
HR,mansarovar,khandeshwar,2.3,DOWN,98157,PL131,12.0,,AC,DAILY,Mumbai CSMT,Panvel,16:48,16:51
HR,mansarovar,khandeshwar,2.3,DOWN,98159,PL133,12.0,,LOCAL,DAILY,Mumbai CSMT,Panvel,16:56,16:59
HR,mansarovar,khandeshwar,2.3,DOWN,98161,PLVD27,12.0,,LOCAL,DAILY,Vadala Road,Panvel,17:02,17:05
HR,mansarovar,khandeshwar,2.3,DOWN,99039,TPL39,12.0,,LOCAL,DAILY,Masjid,Panvel,17:08,17:11
HR,mansarovar,khandeshwar,2.3,DOWN,98163,PL135,12.0,,LOCAL,DAILY,Mumbai CSMT,Panvel,17:12,17:15
HR,mansarovar,khandeshwar,2.3,DOWN,98165,PL137,12.0,,LOCAL,DAILY,Mumbai CSMT,Panvel,17:20,17:23
HR,mansarovar,khandeshwar,2.3,DOWN,98167,PLVD29,12.0,,LOCAL,NOT_SUN,Vadala Road,Panvel,17:28,17:31
HR,mansarovar,khandeshwar,2.3,DOWN,99041,TPL41,12.0,,LOCAL,DAILY,Masjid,Panvel,17:32,17:35
HR,mansarovar,khandeshwar,2.3,DOWN,98169,PL139,12.0,,LOCAL,DAILY,Mumbai CSMT,Panvel,17:36,17:39
HR,mansarovar,khandeshwar,2.3,DOWN,98171,PL141,12.0,,LOCAL,DAILY,Mumbai CSMT,Panvel,17:47,17:50
HR,mansarovar,khandeshwar,2.3,DOWN,98173,PLVD31,12.0,,LOCAL,NOT_SUN,Vadala Road,Panvel,17:55,17:58
HR,mansarovar,khandeshwar,2.3,DOWN,98910,GNPL10,12.0,,LOCAL,DAILY,Goregaon,Panvel,20:05,20:08
HR,mansarovar,khandeshwar,2.3,DOWN,98205,PL165,12.0,,LOCAL,NOT_SUN,Mumbai CSMT,Panvel,20:09,20:12
HR,mansarovar,khandeshwar,2.3,DOWN,98207,PL167,12.0,,LOCAL,DAILY,Mumbai CSMT,Panvel,20:17,20:20
HR,mansarovar,khandeshwar,2.3,DOWN,98209,PLVD41,12.0,,LOCAL,DAILY,Vadala Road,Panvel,20:21,20:24
HR,mansarovar,khandeshwar,2.3,DOWN,98211,PL169,12.0,,LOCAL,DAILY,Mumbai CSMT,Panvel,20:29,20:32
HR,mansarovar,khandeshwar,2.3,DOWN,99053,TPL53,12.0,,LOCAL,NOT_SUN,Masjid,Panvel,20:33,20:36
HR,mansarovar,khandeshwar,2.3,DOWN,98912,GNPL12,12.0,,LOCAL,DAILY,Goregaon,Panvel,20:38,20:41
HR,mansarovar,khandeshwar,2.3,DOWN,99055,TPL55,12.0,,LOCAL,DAILY,Masjid,Panvel,20:43,20:46
HR,mansarovar,khandeshwar,2.3,DOWN,98213,PL171,12.0,,LOCAL,DAILY,Mumbai CSMT,Panvel,20:47,20:50
HR,mansarovar,khandeshwar,2.3,DOWN,98215,PLVD43,12.0,,LOCAL,DAILY,Vadala Road,Panvel,20:53,20:56
HR,mansarovar,khandeshwar,2.3,DOWN,99057,TPL57,12.0,,LOCAL,DAILY,Masjid,Panvel,20:59,21:02
HR,mansarovar,khandeshwar,2.3,DOWN,98217,PL173,12.0,,LOCAL,DAILY,Mumbai CSMT,Panvel,21:03,21:06
HR,mansarovar,khandeshwar,2.3,DOWN,98219,PLVD45,12.0,,LOCAL,NOT_SUN,Vadala Road,Panvel,21:09,21:12
HR,mansarovar,khandeshwar,2.3,DOWN,98221,PL175,12.0,,AC,DAILY,Mumbai CSMT,Panvel,21:13,21:16
HR,mansarovar,khandeshwar,2.3,DOWN,98914,GNPL14,12.0,,LOCAL,DAILY,Goregaon,Panvel,21:21,21:24
HR,mansarovar,khandeshwar,2.3,DOWN,98223,PL177,12.0,,LOCAL,DAILY,Mumbai CSMT,Panvel,21:29,21:32
HR,mansarovar,khandeshwar,2.3,DOWN,99059,TPL59,12.0,,LOCAL,DAILY,Masjid,Panvel,21:34,21:37
HR,mansarovar,khandeshwar,2.3,DOWN,98225,PL179,12.0,,LOCAL,DAILY,Mumbai CSMT,Panvel,21:45,21:48
HR,mansarovar,khandeshwar,2.3,DOWN,98227,PLVD47,12.0,,LOCAL,NOT_SUN,Vadala Road,Panvel,21:49,21:52
HR,mansarovar,khandeshwar,2.3,DOWN,99061,TPL61,12.0,,LOCAL,DAILY,Masjid,Panvel,21:54,21:57
HR,mansarovar,khandeshwar,2.3,DOWN,98916,GNPL16,12.0,,LOCAL,DAILY,Goregaon,Panvel,21:57,22:00
HR,khandeshwar,panvel,3.2,DOWN,99071,TPL71,12.0,,LOCAL,DAILY,Masjid,Panvel,00:01,00:06
HR,khandeshwar,panvel,3.2,DOWN,98251,PL199,12.0,,LOCAL,DAILY,Mumbai CSMT,Panvel,00:05,00:10
HR,khandeshwar,panvel,3.2,DOWN,98253,PL201,12.0,,LOCAL,DAILY,Mumbai CSMT,Panvel,00:13,00:18
HR,khandeshwar,panvel,3.2,DOWN,99073,TPL73,12.0,,LOCAL,DAILY,Masjid,Panvel,00:19,00:24
HR,khandeshwar,panvel,3.2,DOWN,98255,PL203,12.0,,LOCAL,DAILY,Mumbai CSMT,Panvel,00:29,00:34
HR,khandeshwar,panvel,3.2,DOWN,98257,PL205,12.0,,LOCAL,DAILY,Mumbai CSMT,Panvel,00:45,00:50
HR,khandeshwar,panvel,3.2,DOWN,99001,TPL1,12.0,,LOCAL,DAILY,Masjid,Panvel,00:52,00:57
HR,khandeshwar,panvel,3.2,DOWN,98003,PL3,12.0,,LOCAL,DAILY,Mumbai CSMT,Panvel,00:57,01:02
HR,khandeshwar,panvel,3.2,DOWN,98259,PL207,12.0,,LOCAL,DAILY,Mumbai CSMT,Panvel,01:07,01:13
HR,khandeshwar,panvel,3.2,DOWN,98001,PL1,12.0,,LOCAL,DAILY,Mumbai CSMT,Panvel,01:28,01:33
HR,khandeshwar,panvel,3.2,DOWN,98005,PL5,12.0,,LOCAL,DAILY,Mumbai CSMT,Panvel,01:55,02:00
HR,khandeshwar,panvel,3.2,DOWN,98007,PL7,12.0,,LOCAL,DAILY,Mumbai CSMT,Panvel,05:47,05:52
HR,khandeshwar,panvel,3.2,DOWN,99003,TPL3,12.0,,LOCAL,DAILY,Masjid,Panvel,05:59,06:04
HR,khandeshwar,panvel,3.2,DOWN,98039,PL33,12.0,,LOCAL,NOT_SUN,Mumbai CSMT,Panvel,08:10,08:15
HR,khandeshwar,panvel,3.2,DOWN,98041,PL35,12.0,,LOCAL,DAILY,Mumbai CSMT,Panvel,08:14,08:19
HR,khandeshwar,panvel,3.2,DOWN,98043,PL37,12.0,,LOCAL,DAILY,Mumbai CSMT,Panvel,08:24,08:29
HR,khandeshwar,panvel,3.2,DOWN,98045,PL39,12.0,,AC,DAILY,Mumbai CSMT,Panvel,08:32,08:37
HR,khandeshwar,panvel,3.2,DOWN,98047,PLVD7,12.0,,LOCAL,NOT_SUN,Vadala Road,Panvel,08:36,08:41
HR,khandeshwar,panvel,3.2,DOWN,98049,PL41,12.0,,LOCAL,DAILY,Mumbai CSMT,Panvel,08:41,08:47
HR,khandeshwar,panvel,3.2,DOWN,99009,TPL9,12.0,,LOCAL,DAILY,Masjid,Panvel,08:51,08:56
HR,khandeshwar,panvel,3.2,DOWN,98051,PL43,12.0,,AC,DAILY,Mumbai CSMT,Panvel,08:55,09:00
HR,khandeshwar,panvel,3.2,DOWN,98902,GNPL2,12.0,,LOCAL,DAILY,Goregaon,Panvel,09:07,09:12
HR,khandeshwar,panvel,3.2,DOWN,98053,PL45,12.0,,LOCAL,DAILY,Mumbai CSMT,Panvel,09:11,09:16
HR,khandeshwar,panvel,3.2,DOWN,98055,PL47,12.0,,LOCAL,NOT_SUN,Mumbai CSMT,Panvel,09:15,09:20
HR,khandeshwar,panvel,3.2,DOWN,98057,PL49,12.0,,LOCAL,DAILY,Mumbai CSMT,Panvel,09:24,09:29
HR,khandeshwar,panvel,3.2,DOWN,99011,TPL11,12.0,,LOCAL,DAILY,Masjid,Panvel,09:28,09:33
HR,khandeshwar,panvel,3.2,DOWN,98059,PLVD9,12.0,,LOCAL,NOT_SUN,Vadala Road,Panvel,09:32,09:37
HR,khandeshwar,panvel,3.2,DOWN,98061,PL51,12.0,,LOCAL,DAILY,Mumbai CSMT,Panvel,09:40,09:45
HR,khandeshwar,panvel,3.2,DOWN,98063,PL53,12.0,,LOCAL,DAILY,Mumbai CSMT,Panvel,09:49,09:54
HR,khandeshwar,panvel,3.2,DOWN,99021,TPL21,12.0,,LOCAL,DAILY,Masjid,Panvel,12:02,12:07
HR,khandeshwar,panvel,3.2,DOWN,98093,PL77,12.0,,LOCAL,DAILY,Mumbai CSMT,Panvel,12:07,12:12
HR,khandeshwar,panvel,3.2,DOWN,98095,PL79,12.0,,LOCAL,DAILY,Mumbai CSMT,Panvel,12:19,12:24
HR,khandeshwar,panvel,3.2,DOWN,98097,PL81,12.0,,LOCAL,DAILY,Mumbai CSMT,Panvel,12:31,12:36
HR,khandeshwar,panvel,3.2,DOWN,98099,PL83,12.0,,LOCAL,DAILY,Mumbai CSMT,Panvel,12:43,12:48
HR,khandeshwar,panvel,3.2,DOWN,99023,TPL23,12.0,,LOCAL,DAILY,Masjid,Panvel,12:51,12:56
HR,khandeshwar,panvel,3.2,DOWN,98101,PL85,12.0,,LOCAL,DAILY,Mumbai CSMT,Panvel,12:56,13:01
HR,khandeshwar,panvel,3.2,DOWN,98103,PL87,12.0,,LOCAL,DAILY,Mumbai CSMT,Panvel,13:08,13:13
HR,khandeshwar,panvel,3.2,DOWN,98105,PL89,12.0,,LOCAL,NOT_SUN,Mumbai CSMT,Panvel,13:12,13:17
HR,khandeshwar,panvel,3.2,DOWN,98107,PLVD17,12.0,,LOCAL,NOT_SUN,Vadala Road,Panvel,13:15,13:20
HR,khandeshwar,panvel,3.2,DOWN,98109,PL91,12.0,,LOCAL,DAILY,Mumbai CSMT,Panvel,13:24,13:29
HR,khandeshwar,panvel,3.2,DOWN,98111,PL93,12.0,,LOCAL,NOT_SUN,Mumbai CSMT,Panvel,13:32,13:37
HR,khandeshwar,panvel,3.2,DOWN,99025,TPL25,12.0,,LOCAL,DAILY,Masjid,Panvel,13:37,13:42
HR,khandeshwar,panvel,3.2,DOWN,98113,PL95,12.0,,LOCAL,DAILY,Mumbai CSMT,Panvel,13:45,13:50
HR,khandeshwar,panvel,3.2,DOWN,98115,PLVD19,12.0,,LOCAL,DAILY,Vadala Road,Panvel,13:49,13:54
HR,khandeshwar,panvel,3.2,DOWN,98908,GNPL8,12.0,,LOCAL,DAILY,Goregaon,Panvel,13:59,14:04
HR,khandeshwar,panvel,3.2,DOWN,98141,PL117,12.0,,LOCAL,DAILY,Mumbai CSMT,Panvel,16:00,16:05
HR,khandeshwar,panvel,3.2,DOWN,98143,PL119,12.0,,LOCAL,NOT_SUN,Mumbai CSMT,Panvel,16:03,16:08
HR,khandeshwar,panvel,3.2,DOWN,99035,TPL35,12.0,,LOCAL,DAILY,Masjid,Panvel,16:07,16:12
HR,khandeshwar,panvel,3.2,DOWN,98145,PL121,12.0,,LOCAL,DAILY,Mumbai CSMT,Panvel,16:11,16:16
HR,khandeshwar,panvel,3.2,DOWN,98147,PLVD25,12.0,,LOCAL,DAILY,Vadala Road,Panvel,16:19,16:24
HR,khandeshwar,panvel,3.2,DOWN,98149,PL123,12.0,,LOCAL,DAILY,Mumbai CSMT,Panvel,16:23,16:28
HR,khandeshwar,panvel,3.2,DOWN,98151,PL125,12.0,,LOCAL,DAILY,Mumbai CSMT,Panvel,16:31,16:36
HR,khandeshwar,panvel,3.2,DOWN,98153,PL127,12.0,,LOCAL,DAILY,Mumbai CSMT,Panvel,16:39,16:44
HR,khandeshwar,panvel,3.2,DOWN,98155,PL129,12.0,,LOCAL,DAILY,Mumbai CSMT,Panvel,16:43,16:48
HR,khandeshwar,panvel,3.2,DOWN,99037,TPL37,12.0,,LOCAL,DAILY,Masjid,Panvel,16:47,16:52
HR,khandeshwar,panvel,3.2,DOWN,98157,PL131,12.0,,AC,DAILY,Mumbai CSMT,Panvel,16:51,16:56
HR,khandeshwar,panvel,3.2,DOWN,98159,PL133,12.0,,LOCAL,DAILY,Mumbai CSMT,Panvel,16:59,17:04
HR,khandeshwar,panvel,3.2,DOWN,98161,PLVD27,12.0,,LOCAL,DAILY,Vadala Road,Panvel,17:05,17:10
HR,khandeshwar,panvel,3.2,DOWN,99039,TPL39,12.0,,LOCAL,DAILY,Masjid,Panvel,17:11,17:16
HR,khandeshwar,panvel,3.2,DOWN,98163,PL135,12.0,,LOCAL,DAILY,Mumbai CSMT,Panvel,17:15,17:21
HR,khandeshwar,panvel,3.2,DOWN,98165,PL137,12.0,,LOCAL,DAILY,Mumbai CSMT,Panvel,17:23,17:28
HR,khandeshwar,panvel,3.2,DOWN,98167,PLVD29,12.0,,LOCAL,NOT_SUN,Vadala Road,Panvel,17:31,17:36
HR,khandeshwar,panvel,3.2,DOWN,99041,TPL41,12.0,,LOCAL,DAILY,Masjid,Panvel,17:35,17:40
HR,khandeshwar,panvel,3.2,DOWN,98169,PL139,12.0,,LOCAL,DAILY,Mumbai CSMT,Panvel,17:39,17:44
HR,khandeshwar,panvel,3.2,DOWN,98171,PL141,12.0,,LOCAL,DAILY,Mumbai CSMT,Panvel,17:50,17:55
HR,khandeshwar,panvel,3.2,DOWN,98173,PLVD31,12.0,,LOCAL,NOT_SUN,Vadala Road,Panvel,17:58,18:03
HR,khandeshwar,panvel,3.2,DOWN,99051,TPL51,12.0,,LOCAL,DAILY,Masjid,Panvel,20:01,20:06
HR,khandeshwar,panvel,3.2,DOWN,98910,GNPL10,12.0,,LOCAL,DAILY,Goregaon,Panvel,20:08,20:13
HR,khandeshwar,panvel,3.2,DOWN,98205,PL165,12.0,,LOCAL,NOT_SUN,Mumbai CSMT,Panvel,20:12,20:17
HR,khandeshwar,panvel,3.2,DOWN,98207,PL167,12.0,,LOCAL,DAILY,Mumbai CSMT,Panvel,20:20,20:25
HR,khandeshwar,panvel,3.2,DOWN,98209,PLVD41,12.0,,LOCAL,DAILY,Vadala Road,Panvel,20:24,20:29
HR,khandeshwar,panvel,3.2,DOWN,98211,PL169,12.0,,LOCAL,DAILY,Mumbai CSMT,Panvel,20:32,20:37
HR,khandeshwar,panvel,3.2,DOWN,99053,TPL53,12.0,,LOCAL,NOT_SUN,Masjid,Panvel,20:36,20:42
HR,khandeshwar,panvel,3.2,DOWN,98912,GNPL12,12.0,,LOCAL,DAILY,Goregaon,Panvel,20:41,20:46
HR,khandeshwar,panvel,3.2,DOWN,99055,TPL55,12.0,,LOCAL,DAILY,Masjid,Panvel,20:46,20:51
HR,khandeshwar,panvel,3.2,DOWN,98213,PL171,12.0,,LOCAL,DAILY,Mumbai CSMT,Panvel,20:50,20:55
HR,khandeshwar,panvel,3.2,DOWN,98215,PLVD43,12.0,,LOCAL,DAILY,Vadala Road,Panvel,20:56,21:01
HR,khandeshwar,panvel,3.2,DOWN,99057,TPL57,12.0,,LOCAL,DAILY,Masjid,Panvel,21:02,21:07
HR,khandeshwar,panvel,3.2,DOWN,98217,PL173,12.0,,LOCAL,DAILY,Mumbai CSMT,Panvel,21:06,21:11
HR,khandeshwar,panvel,3.2,DOWN,98219,PLVD45,12.0,,LOCAL,NOT_SUN,Vadala Road,Panvel,21:12,21:17
HR,khandeshwar,panvel,3.2,DOWN,98221,PL175,12.0,,AC,DAILY,Mumbai CSMT,Panvel,21:16,21:21
HR,khandeshwar,panvel,3.2,DOWN,98914,GNPL14,12.0,,LOCAL,DAILY,Goregaon,Panvel,21:24,21:29
HR,khandeshwar,panvel,3.2,DOWN,98223,PL177,12.0,,LOCAL,DAILY,Mumbai CSMT,Panvel,21:32,21:37
HR,khandeshwar,panvel,3.2,DOWN,99059,TPL59,12.0,,LOCAL,DAILY,Masjid,Panvel,21:37,21:42
HR,khandeshwar,panvel,3.2,DOWN,98225,PL179,12.0,,LOCAL,DAILY,Mumbai CSMT,Panvel,21:48,21:53
HR,khandeshwar,panvel,3.2,DOWN,98227,PLVD47,12.0,,LOCAL,NOT_SUN,Vadala Road,Panvel,21:52,21:57
HR,khandeshwar,panvel,3.2,DOWN,99061,TPL61,12.0,,LOCAL,DAILY,Masjid,Panvel,21:57,22:02
HR,khandeshwar,panvel,3.2,DOWN,98916,GNPL16,12.0,,LOCAL,DAILY,Goregaon,Panvel,22:00,22:05
TH,thane_th,dighe,3.5,DOWN,99001,TPL1,,,LOCAL,DAILY,Thane,Panvel,00:05,00:10
TH,thane_th,dighe,3.5,DOWN,99003,TPL3,,,LOCAL,DAILY,Thane,Panvel,05:12,05:17
TH,thane_th,dighe,3.5,DOWN,99401,TV1,,,LOCAL,DAILY,Thane,Vashi,05:25,05:30
TH,thane_th,dighe,3.5,DOWN,99201,TNU1,,,LOCAL,DAILY,Thane,Nerul,05:40,05:45
TH,thane_th,dighe,3.5,DOWN,99403,TV3,,,LOCAL,DAILY,Thane,Vashi,05:53,05:58
TH,thane_th,dighe,3.5,DOWN,99009,TPL9,,,LOCAL,DAILY,Thane,Panvel,08:03,08:08
TH,thane_th,dighe,3.5,DOWN,99417,TV17,,,LOCAL,NOT_SUN,Thane,Vashi,08:07,08:12
TH,thane_th,dighe,3.5,DOWN,99211,TNU11,,,LOCAL,DAILY,Thane,Nerul,08:14,08:19
TH,thane_th,dighe,3.5,DOWN,99419,TV19,,,LOCAL,DAILY,Thane,Vashi,08:23,08:28
TH,thane_th,dighe,3.5,DOWN,99213,TNU13,,,LOCAL,DAILY,Thane,Nerul,08:31,08:36
TH,thane_th,dighe,3.5,DOWN,99421,TV21,,,LOCAL,DAILY,Thane,Vashi,08:36,08:41
TH,thane_th,dighe,3.5,DOWN,99011,TPL11,,,LOCAL,DAILY,Thane,Panvel,08:41,08:46
TH,thane_th,dighe,3.5,DOWN,99215,TNU15,,,LOCAL,DAILY,Thane,Nerul,08:51,08:56
TH,thane_th,dighe,3.5,DOWN,99423,TV23,,,LOCAL,DAILY,Thane,Vashi,08:56,09:01
TH,thane_th,dighe,3.5,DOWN,99217,TNU17,,,LOCAL,DAILY,Thane,Nerul,09:04,09:09
TH,thane_th,dighe,3.5,DOWN,99425,TV25,,,LOCAL,DAILY,Thane,Vashi,09:09,09:14
TH,thane_th,dighe,3.5,DOWN,99013,TPL13,,,LOCAL,DAILY,Thane,Panvel,09:14,09:19
TH,thane_th,dighe,3.5,DOWN,99219,TNU19,,,LOCAL,NOT_SUN,Thane,Nerul,09:19,09:24
TH,thane_th,dighe,3.5,DOWN,99427,TV27,,,LOCAL,DAILY,Thane,Vashi,09:30,09:35
TH,thane_th,dighe,3.5,DOWN,99015,TPL15,,,LOCAL,DAILY,Thane,Panvel,09:39,09:44
TH,thane_th,dighe,3.5,DOWN,99221,TNU21,,,LOCAL,DAILY,Thane,Nerul,09:47,09:52
TH,thane_th,dighe,3.5,DOWN,99429,TV29,,,LOCAL,DAILY,Thane,Vashi,09:53,09:58
TH,thane_th,dighe,3.5,DOWN,99023,TPL23,,,LOCAL,DAILY,Thane,Panvel,12:00,12:05
TH,thane_th,dighe,3.5,DOWN,99447,TV47,,,LOCAL,DAILY,Thane,Vashi,12:06,12:11
TH,thane_th,dighe,3.5,DOWN,99231,TNU31,,,LOCAL,DAILY,Thane,Nerul,12:12,12:17
TH,thane_th,dighe,3.5,DOWN,99449,TV49,,,LOCAL,DAILY,Thane,Vashi,12:18,12:23
TH,thane_th,dighe,3.5,DOWN,99233,TNU33,,,LOCAL,DAILY,Thane,Nerul,12:35,12:40
TH,thane_th,dighe,3.5,DOWN,99451,TV51,,,LOCAL,DAILY,Thane,Vashi,12:41,12:46
TH,thane_th,dighe,3.5,DOWN,99025,TPL25,,,LOCAL,DAILY,Thane,Panvel,12:49,12:54
TH,thane_th,dighe,3.5,DOWN,99453,TV53,,,LOCAL,DAILY,Thane,Vashi,13:00,13:05
TH,thane_th,dighe,3.5,DOWN,99235,TNU35,,,LOCAL,DAILY,Thane,Nerul,13:10,13:15
TH,thane_th,dighe,3.5,DOWN,99027,TPL27,,,LOCAL,DAILY,Thane,Panvel,13:24,13:29
TH,thane_th,dighe,3.5,DOWN,99455,TV55,,,LOCAL,DAILY,Thane,Vashi,13:30,13:35
TH,thane_th,dighe,3.5,DOWN,99237,TNU37,,,LOCAL,DAILY,Thane,Nerul,13:37,13:42
TH,thane_th,dighe,3.5,DOWN,99457,TV57,,,LOCAL,DAILY,Thane,Vashi,13:50,13:55
TH,thane_th,dighe,3.5,DOWN,99037,TPL37,,,LOCAL,DAILY,Thane,Panvel,16:00,16:05
TH,thane_th,dighe,3.5,DOWN,99471,TV71,,,LOCAL,DAILY,Thane,Vashi,16:07,16:12
TH,thane_th,dighe,3.5,DOWN,99473,TV73,,,LOCAL,DAILY,Thane,Vashi,16:19,16:24
TH,thane_th,dighe,3.5,DOWN,99039,TPL39,,,LOCAL,DAILY,Thane,Panvel,16:24,16:29
TH,thane_th,dighe,3.5,DOWN,99245,TNU45,,,LOCAL,DAILY,Thane,Nerul,16:33,16:38
TH,thane_th,dighe,3.5,DOWN,99475,TV75,,,LOCAL,DAILY,Thane,Vashi,16:40,16:45
TH,thane_th,dighe,3.5,DOWN,99041,TPL41,,,LOCAL,DAILY,Thane,Panvel,16:48,16:53
TH,thane_th,dighe,3.5,DOWN,99477,TV77,,,LOCAL,DAILY,Thane,Vashi,16:55,17:00
TH,thane_th,dighe,3.5,DOWN,99247,TNU47,,,LOCAL,DAILY,Thane,Nerul,17:00,17:05
TH,thane_th,dighe,3.5,DOWN,99479,TV79,,,LOCAL,DAILY,Thane,Vashi,17:08,17:13
TH,thane_th,dighe,3.5,DOWN,99249,TNU49,,,LOCAL,NOT_SUN,Thane,Nerul,17:14,17:19
TH,thane_th,dighe,3.5,DOWN,99043,TPL43,,,LOCAL,DAILY,Thane,Panvel,17:23,17:28
TH,thane_th,dighe,3.5,DOWN,99481,TV81,,,LOCAL,DAILY,Thane,Vashi,17:28,17:33
TH,thane_th,dighe,3.5,DOWN,99251,TNU51,,,LOCAL,DAILY,Thane,Nerul,17:34,17:39
TH,thane_th,dighe,3.5,DOWN,99483,TV83,,,LOCAL,DAILY,Thane,Vashi,17:46,17:51
TH,thane_th,dighe,3.5,DOWN,99045,TPL45,,,LOCAL,DAILY,Thane,Panvel,17:54,17:59
TH,thane_th,dighe,3.5,DOWN,99499,TV99,,,LOCAL,DAILY,Thane,Vashi,20:05,20:10
TH,thane_th,dighe,3.5,DOWN,99057,TPL57,,,LOCAL,DAILY,Thane,Panvel,20:15,20:20
TH,thane_th,dighe,3.5,DOWN,99263,TNU63,,,LOCAL,DAILY,Thane,Nerul,20:20,20:25
TH,thane_th,dighe,3.5,DOWN,99501,TV101,,,LOCAL,DAILY,Thane,Vashi,20:28,20:33
TH,thane_th,dighe,3.5,DOWN,99265,TNU65,,,LOCAL,DAILY,Thane,Nerul,20:33,20:38
TH,thane_th,dighe,3.5,DOWN,99503,TV103,,,LOCAL,DAILY,Thane,Vashi,20:43,20:48
TH,thane_th,dighe,3.5,DOWN,99059,TPL59,,,LOCAL,DAILY,Thane,Panvel,20:50,20:55
TH,thane_th,dighe,3.5,DOWN,99505,TV105,,,LOCAL,DAILY,Thane,Vashi,21:00,21:05
TH,thane_th,dighe,3.5,DOWN,99061,TPL61,,,LOCAL,DAILY,Thane,Panvel,21:11,21:16
TH,thane_th,dighe,3.5,DOWN,99507,TV107,,,LOCAL,DAILY,Thane,Vashi,21:20,21:25
TH,thane_th,dighe,3.5,DOWN,99267,TNU67,,,LOCAL,DAILY,Thane,Nerul,21:30,21:35
TH,thane_th,dighe,3.5,DOWN,99063,TPL63,,,LOCAL,DAILY,Thane,Panvel,21:36,21:41
TH,thane_th,dighe,3.5,DOWN,99509,TV109,,,LOCAL,DAILY,Thane,Vashi,21:41,21:46
TH,thane_th,dighe,3.5,DOWN,99065,TPL65,,,LOCAL,NOT_SUN,Thane,Panvel,21:52,21:57
TH,dighe,airoli,2.3,DOWN,99001,TPL1,,,LOCAL,DAILY,Thane,Panvel,00:10,00:13
TH,dighe,airoli,2.3,DOWN,99003,TPL3,,,LOCAL,DAILY,Thane,Panvel,05:17,05:20
TH,dighe,airoli,2.3,DOWN,99401,TV1,,,LOCAL,DAILY,Thane,Vashi,05:30,05:33
TH,dighe,airoli,2.3,DOWN,99201,TNU1,,,LOCAL,DAILY,Thane,Nerul,05:45,05:48
TH,dighe,airoli,2.3,DOWN,99403,TV3,,,LOCAL,DAILY,Thane,Vashi,05:58,06:01
TH,dighe,airoli,2.3,DOWN,99009,TPL9,,,LOCAL,DAILY,Thane,Panvel,08:08,08:11
TH,dighe,airoli,2.3,DOWN,99417,TV17,,,LOCAL,NOT_SUN,Thane,Vashi,08:12,08:15
TH,dighe,airoli,2.3,DOWN,99211,TNU11,,,LOCAL,DAILY,Thane,Nerul,08:19,08:22
TH,dighe,airoli,2.3,DOWN,99419,TV19,,,LOCAL,DAILY,Thane,Vashi,08:28,08:31
TH,dighe,airoli,2.3,DOWN,99213,TNU13,,,LOCAL,DAILY,Thane,Nerul,08:36,08:39
TH,dighe,airoli,2.3,DOWN,99421,TV21,,,LOCAL,DAILY,Thane,Vashi,08:41,08:44
TH,dighe,airoli,2.3,DOWN,99011,TPL11,,,LOCAL,DAILY,Thane,Panvel,08:46,08:49
TH,dighe,airoli,2.3,DOWN,99215,TNU15,,,LOCAL,DAILY,Thane,Nerul,08:56,08:59
TH,dighe,airoli,2.3,DOWN,99423,TV23,,,LOCAL,DAILY,Thane,Vashi,09:01,09:04
TH,dighe,airoli,2.3,DOWN,99217,TNU17,,,LOCAL,DAILY,Thane,Nerul,09:09,09:12
TH,dighe,airoli,2.3,DOWN,99425,TV25,,,LOCAL,DAILY,Thane,Vashi,09:14,09:17
TH,dighe,airoli,2.3,DOWN,99013,TPL13,,,LOCAL,DAILY,Thane,Panvel,09:19,09:22
TH,dighe,airoli,2.3,DOWN,99219,TNU19,,,LOCAL,NOT_SUN,Thane,Nerul,09:24,09:27
TH,dighe,airoli,2.3,DOWN,99427,TV27,,,LOCAL,DAILY,Thane,Vashi,09:35,09:38
TH,dighe,airoli,2.3,DOWN,99015,TPL15,,,LOCAL,DAILY,Thane,Panvel,09:44,09:47
TH,dighe,airoli,2.3,DOWN,99221,TNU21,,,LOCAL,DAILY,Thane,Nerul,09:52,09:55
TH,dighe,airoli,2.3,DOWN,99429,TV29,,,LOCAL,DAILY,Thane,Vashi,09:58,10:01
TH,dighe,airoli,2.3,DOWN,99023,TPL23,,,LOCAL,DAILY,Thane,Panvel,12:05,12:09
TH,dighe,airoli,2.3,DOWN,99447,TV47,,,LOCAL,DAILY,Thane,Vashi,12:11,12:14
TH,dighe,airoli,2.3,DOWN,99231,TNU31,,,LOCAL,DAILY,Thane,Nerul,12:17,12:20
TH,dighe,airoli,2.3,DOWN,99449,TV49,,,LOCAL,DAILY,Thane,Vashi,12:23,12:26
TH,dighe,airoli,2.3,DOWN,99233,TNU33,,,LOCAL,DAILY,Thane,Nerul,12:40,12:43
TH,dighe,airoli,2.3,DOWN,99451,TV51,,,LOCAL,DAILY,Thane,Vashi,12:46,12:49
TH,dighe,airoli,2.3,DOWN,99025,TPL25,,,LOCAL,DAILY,Thane,Panvel,12:54,12:57
TH,dighe,airoli,2.3,DOWN,99453,TV53,,,LOCAL,DAILY,Thane,Vashi,13:05,13:08
TH,dighe,airoli,2.3,DOWN,99235,TNU35,,,LOCAL,DAILY,Thane,Nerul,13:15,13:18
TH,dighe,airoli,2.3,DOWN,99027,TPL27,,,LOCAL,DAILY,Thane,Panvel,13:29,13:32
TH,dighe,airoli,2.3,DOWN,99455,TV55,,,LOCAL,DAILY,Thane,Vashi,13:35,13:38
TH,dighe,airoli,2.3,DOWN,99237,TNU37,,,LOCAL,DAILY,Thane,Nerul,13:42,13:45
TH,dighe,airoli,2.3,DOWN,99457,TV57,,,LOCAL,DAILY,Thane,Vashi,13:55,13:58
TH,dighe,airoli,2.3,DOWN,99037,TPL37,,,LOCAL,DAILY,Thane,Panvel,16:05,16:08
TH,dighe,airoli,2.3,DOWN,99471,TV71,,,LOCAL,DAILY,Thane,Vashi,16:12,16:15
TH,dighe,airoli,2.3,DOWN,99473,TV73,,,LOCAL,DAILY,Thane,Vashi,16:24,16:27
TH,dighe,airoli,2.3,DOWN,99039,TPL39,,,LOCAL,DAILY,Thane,Panvel,16:29,16:32
TH,dighe,airoli,2.3,DOWN,99245,TNU45,,,LOCAL,DAILY,Thane,Nerul,16:38,16:41
TH,dighe,airoli,2.3,DOWN,99475,TV75,,,LOCAL,DAILY,Thane,Vashi,16:45,16:48
TH,dighe,airoli,2.3,DOWN,99041,TPL41,,,LOCAL,DAILY,Thane,Panvel,16:53,16:56
TH,dighe,airoli,2.3,DOWN,99477,TV77,,,LOCAL,DAILY,Thane,Vashi,17:00,17:03
TH,dighe,airoli,2.3,DOWN,99247,TNU47,,,LOCAL,DAILY,Thane,Nerul,17:05,17:08
TH,dighe,airoli,2.3,DOWN,99479,TV79,,,LOCAL,DAILY,Thane,Vashi,17:13,17:16
TH,dighe,airoli,2.3,DOWN,99249,TNU49,,,LOCAL,NOT_SUN,Thane,Nerul,17:19,17:22
TH,dighe,airoli,2.3,DOWN,99043,TPL43,,,LOCAL,DAILY,Thane,Panvel,17:28,17:31
TH,dighe,airoli,2.3,DOWN,99481,TV81,,,LOCAL,DAILY,Thane,Vashi,17:33,17:36
TH,dighe,airoli,2.3,DOWN,99251,TNU51,,,LOCAL,DAILY,Thane,Nerul,17:39,17:42
TH,dighe,airoli,2.3,DOWN,99483,TV83,,,LOCAL,DAILY,Thane,Vashi,17:51,17:54
TH,dighe,airoli,2.3,DOWN,99045,TPL45,,,LOCAL,DAILY,Thane,Panvel,17:59,18:02
TH,dighe,airoli,2.3,DOWN,99055,TPL55,,,LOCAL,DAILY,Thane,Panvel,20:04,20:07
TH,dighe,airoli,2.3,DOWN,99499,TV99,,,LOCAL,DAILY,Thane,Vashi,20:10,20:13
TH,dighe,airoli,2.3,DOWN,99057,TPL57,,,LOCAL,DAILY,Thane,Panvel,20:20,20:23
TH,dighe,airoli,2.3,DOWN,99263,TNU63,,,LOCAL,DAILY,Thane,Nerul,20:25,20:28
TH,dighe,airoli,2.3,DOWN,99501,TV101,,,LOCAL,DAILY,Thane,Vashi,20:33,20:36
TH,dighe,airoli,2.3,DOWN,99265,TNU65,,,LOCAL,DAILY,Thane,Nerul,20:38,20:41
TH,dighe,airoli,2.3,DOWN,99503,TV103,,,LOCAL,DAILY,Thane,Vashi,20:48,20:51
TH,dighe,airoli,2.3,DOWN,99059,TPL59,,,LOCAL,DAILY,Thane,Panvel,20:55,20:58
TH,dighe,airoli,2.3,DOWN,99505,TV105,,,LOCAL,DAILY,Thane,Vashi,21:05,21:08
TH,dighe,airoli,2.3,DOWN,99061,TPL61,,,LOCAL,DAILY,Thane,Panvel,21:16,21:19
TH,dighe,airoli,2.3,DOWN,99507,TV107,,,LOCAL,DAILY,Thane,Vashi,21:25,21:28
TH,dighe,airoli,2.3,DOWN,99267,TNU67,,,LOCAL,DAILY,Thane,Nerul,21:35,21:38
TH,dighe,airoli,2.3,DOWN,99063,TPL63,,,LOCAL,DAILY,Thane,Panvel,21:41,21:44
TH,dighe,airoli,2.3,DOWN,99509,TV109,,,LOCAL,DAILY,Thane,Vashi,21:46,21:49
TH,dighe,airoli,2.3,DOWN,99065,TPL65,,,LOCAL,NOT_SUN,Thane,Panvel,21:57,22:00
TH,airoli,rabale,2.5,DOWN,99001,TPL1,,,LOCAL,DAILY,Thane,Panvel,00:13,00:16
TH,airoli,rabale,2.5,DOWN,99003,TPL3,,,LOCAL,DAILY,Thane,Panvel,05:20,05:23
TH,airoli,rabale,2.5,DOWN,99401,TV1,,,LOCAL,DAILY,Thane,Vashi,05:33,05:36
TH,airoli,rabale,2.5,DOWN,99201,TNU1,,,LOCAL,DAILY,Thane,Nerul,05:48,05:51
TH,airoli,rabale,2.5,DOWN,99415,TV15,,,LOCAL,DAILY,Thane,Vashi,08:01,08:04
TH,airoli,rabale,2.5,DOWN,99009,TPL9,,,LOCAL,DAILY,Thane,Panvel,08:11,08:14
TH,airoli,rabale,2.5,DOWN,99417,TV17,,,LOCAL,NOT_SUN,Thane,Vashi,08:15,08:18
TH,airoli,rabale,2.5,DOWN,99211,TNU11,,,LOCAL,DAILY,Thane,Nerul,08:22,08:25
TH,airoli,rabale,2.5,DOWN,99419,TV19,,,LOCAL,DAILY,Thane,Vashi,08:31,08:34
TH,airoli,rabale,2.5,DOWN,99213,TNU13,,,LOCAL,DAILY,Thane,Nerul,08:39,08:42
TH,airoli,rabale,2.5,DOWN,99421,TV21,,,LOCAL,DAILY,Thane,Vashi,08:44,08:47
TH,airoli,rabale,2.5,DOWN,99011,TPL11,,,LOCAL,DAILY,Thane,Panvel,08:49,08:52
TH,airoli,rabale,2.5,DOWN,99215,TNU15,,,LOCAL,DAILY,Thane,Nerul,08:59,09:02
TH,airoli,rabale,2.5,DOWN,99423,TV23,,,LOCAL,DAILY,Thane,Vashi,09:04,09:07
TH,airoli,rabale,2.5,DOWN,99217,TNU17,,,LOCAL,DAILY,Thane,Nerul,09:12,09:15
TH,airoli,rabale,2.5,DOWN,99425,TV25,,,LOCAL,DAILY,Thane,Vashi,09:17,09:20
TH,airoli,rabale,2.5,DOWN,99013,TPL13,,,LOCAL,DAILY,Thane,Panvel,09:22,09:25
TH,airoli,rabale,2.5,DOWN,99219,TNU19,,,LOCAL,NOT_SUN,Thane,Nerul,09:27,09:30
TH,airoli,rabale,2.5,DOWN,99427,TV27,,,LOCAL,DAILY,Thane,Vashi,09:38,09:41
TH,airoli,rabale,2.5,DOWN,99015,TPL15,,,LOCAL,DAILY,Thane,Panvel,09:47,09:50
TH,airoli,rabale,2.5,DOWN,99221,TNU21,,,LOCAL,DAILY,Thane,Nerul,09:55,09:58
TH,airoli,rabale,2.5,DOWN,99023,TPL23,,,LOCAL,DAILY,Thane,Panvel,12:09,12:13
TH,airoli,rabale,2.5,DOWN,99447,TV47,,,LOCAL,DAILY,Thane,Vashi,12:14,12:17
TH,airoli,rabale,2.5,DOWN,99231,TNU31,,,LOCAL,DAILY,Thane,Nerul,12:20,12:23
TH,airoli,rabale,2.5,DOWN,99449,TV49,,,LOCAL,DAILY,Thane,Vashi,12:26,12:29
TH,airoli,rabale,2.5,DOWN,99233,TNU33,,,LOCAL,DAILY,Thane,Nerul,12:43,12:46
TH,airoli,rabale,2.5,DOWN,99451,TV51,,,LOCAL,DAILY,Thane,Vashi,12:49,12:52
TH,airoli,rabale,2.5,DOWN,99025,TPL25,,,LOCAL,DAILY,Thane,Panvel,12:57,13:00
TH,airoli,rabale,2.5,DOWN,99453,TV53,,,LOCAL,DAILY,Thane,Vashi,13:08,13:11
TH,airoli,rabale,2.5,DOWN,99235,TNU35,,,LOCAL,DAILY,Thane,Nerul,13:18,13:21
TH,airoli,rabale,2.5,DOWN,99027,TPL27,,,LOCAL,DAILY,Thane,Panvel,13:32,13:35
TH,airoli,rabale,2.5,DOWN,99455,TV55,,,LOCAL,DAILY,Thane,Vashi,13:38,13:41
TH,airoli,rabale,2.5,DOWN,99237,TNU37,,,LOCAL,DAILY,Thane,Nerul,13:45,13:48
TH,airoli,rabale,2.5,DOWN,99457,TV57,,,LOCAL,DAILY,Thane,Vashi,13:58,14:01
TH,airoli,rabale,2.5,DOWN,99469,TV69,,,LOCAL,DAILY,Thane,Vashi,16:00,16:03
TH,airoli,rabale,2.5,DOWN,99037,TPL37,,,LOCAL,DAILY,Thane,Panvel,16:08,16:11
TH,airoli,rabale,2.5,DOWN,99471,TV71,,,LOCAL,DAILY,Thane,Vashi,16:15,16:18
TH,airoli,rabale,2.5,DOWN,99473,TV73,,,LOCAL,DAILY,Thane,Vashi,16:27,16:30
TH,airoli,rabale,2.5,DOWN,99039,TPL39,,,LOCAL,DAILY,Thane,Panvel,16:32,16:35
TH,airoli,rabale,2.5,DOWN,99245,TNU45,,,LOCAL,DAILY,Thane,Nerul,16:41,16:44
TH,airoli,rabale,2.5,DOWN,99475,TV75,,,LOCAL,DAILY,Thane,Vashi,16:48,16:51
TH,airoli,rabale,2.5,DOWN,99041,TPL41,,,LOCAL,DAILY,Thane,Panvel,16:56,16:59
TH,airoli,rabale,2.5,DOWN,99477,TV77,,,LOCAL,DAILY,Thane,Vashi,17:03,17:06
TH,airoli,rabale,2.5,DOWN,99247,TNU47,,,LOCAL,DAILY,Thane,Nerul,17:08,17:11
TH,airoli,rabale,2.5,DOWN,99479,TV79,,,LOCAL,DAILY,Thane,Vashi,17:16,17:19
TH,airoli,rabale,2.5,DOWN,99249,TNU49,,,LOCAL,NOT_SUN,Thane,Nerul,17:22,17:25
TH,airoli,rabale,2.5,DOWN,99043,TPL43,,,LOCAL,DAILY,Thane,Panvel,17:31,17:34
TH,airoli,rabale,2.5,DOWN,99481,TV81,,,LOCAL,DAILY,Thane,Vashi,17:36,17:39
TH,airoli,rabale,2.5,DOWN,99251,TNU51,,,LOCAL,DAILY,Thane,Nerul,17:42,17:45
TH,airoli,rabale,2.5,DOWN,99483,TV83,,,LOCAL,DAILY,Thane,Vashi,17:54,17:57
TH,airoli,rabale,2.5,DOWN,99497,TV97,,,LOCAL,DAILY,Thane,Vashi,20:02,20:05
TH,airoli,rabale,2.5,DOWN,99055,TPL55,,,LOCAL,DAILY,Thane,Panvel,20:07,20:10
TH,airoli,rabale,2.5,DOWN,99499,TV99,,,LOCAL,DAILY,Thane,Vashi,20:13,20:16
TH,airoli,rabale,2.5,DOWN,99057,TPL57,,,LOCAL,DAILY,Thane,Panvel,20:23,20:26
TH,airoli,rabale,2.5,DOWN,99263,TNU63,,,LOCAL,DAILY,Thane,Nerul,20:28,20:31
TH,airoli,rabale,2.5,DOWN,99501,TV101,,,LOCAL,DAILY,Thane,Vashi,20:36,20:39
TH,airoli,rabale,2.5,DOWN,99265,TNU65,,,LOCAL,DAILY,Thane,Nerul,20:41,20:44
TH,airoli,rabale,2.5,DOWN,99503,TV103,,,LOCAL,DAILY,Thane,Vashi,20:51,20:54
TH,airoli,rabale,2.5,DOWN,99059,TPL59,,,LOCAL,DAILY,Thane,Panvel,20:58,21:01
TH,airoli,rabale,2.5,DOWN,99505,TV105,,,LOCAL,DAILY,Thane,Vashi,21:08,21:11
TH,airoli,rabale,2.5,DOWN,99061,TPL61,,,LOCAL,DAILY,Thane,Panvel,21:19,21:22
TH,airoli,rabale,2.5,DOWN,99507,TV107,,,LOCAL,DAILY,Thane,Vashi,21:28,21:31
TH,airoli,rabale,2.5,DOWN,99267,TNU67,,,LOCAL,DAILY,Thane,Nerul,21:38,21:41
TH,airoli,rabale,2.5,DOWN,99063,TPL63,,,LOCAL,DAILY,Thane,Panvel,21:44,21:47
TH,airoli,rabale,2.5,DOWN,99509,TV109,,,LOCAL,DAILY,Thane,Vashi,21:49,21:52
TH,airoli,rabale,2.5,DOWN,99065,TPL65,,,LOCAL,NOT_SUN,Thane,Panvel,22:00,22:03
TH,rabale,ghansoli,2.3,DOWN,99001,TPL1,,,LOCAL,DAILY,Thane,Panvel,00:16,00:19
TH,rabale,ghansoli,2.3,DOWN,99003,TPL3,,,LOCAL,DAILY,Thane,Panvel,05:23,05:26
TH,rabale,ghansoli,2.3,DOWN,99401,TV1,,,LOCAL,DAILY,Thane,Vashi,05:36,05:39
TH,rabale,ghansoli,2.3,DOWN,99201,TNU1,,,LOCAL,DAILY,Thane,Nerul,05:51,05:54
TH,rabale,ghansoli,2.3,DOWN,99415,TV15,,,LOCAL,DAILY,Thane,Vashi,08:04,08:07
TH,rabale,ghansoli,2.3,DOWN,99009,TPL9,,,LOCAL,DAILY,Thane,Panvel,08:14,08:17
TH,rabale,ghansoli,2.3,DOWN,99417,TV17,,,LOCAL,NOT_SUN,Thane,Vashi,08:18,08:21
TH,rabale,ghansoli,2.3,DOWN,99211,TNU11,,,LOCAL,DAILY,Thane,Nerul,08:25,08:28
TH,rabale,ghansoli,2.3,DOWN,99419,TV19,,,LOCAL,DAILY,Thane,Vashi,08:34,08:37
TH,rabale,ghansoli,2.3,DOWN,99213,TNU13,,,LOCAL,DAILY,Thane,Nerul,08:42,08:45
TH,rabale,ghansoli,2.3,DOWN,99421,TV21,,,LOCAL,DAILY,Thane,Vashi,08:47,08:50
TH,rabale,ghansoli,2.3,DOWN,99011,TPL11,,,LOCAL,DAILY,Thane,Panvel,08:52,08:55
TH,rabale,ghansoli,2.3,DOWN,99215,TNU15,,,LOCAL,DAILY,Thane,Nerul,09:02,09:05
TH,rabale,ghansoli,2.3,DOWN,99423,TV23,,,LOCAL,DAILY,Thane,Vashi,09:07,09:10
TH,rabale,ghansoli,2.3,DOWN,99217,TNU17,,,LOCAL,DAILY,Thane,Nerul,09:15,09:18
TH,rabale,ghansoli,2.3,DOWN,99425,TV25,,,LOCAL,DAILY,Thane,Vashi,09:20,09:23
TH,rabale,ghansoli,2.3,DOWN,99013,TPL13,,,LOCAL,DAILY,Thane,Panvel,09:25,09:28
TH,rabale,ghansoli,2.3,DOWN,99219,TNU19,,,LOCAL,NOT_SUN,Thane,Nerul,09:30,09:33
TH,rabale,ghansoli,2.3,DOWN,99427,TV27,,,LOCAL,DAILY,Thane,Vashi,09:41,09:44
TH,rabale,ghansoli,2.3,DOWN,99015,TPL15,,,LOCAL,DAILY,Thane,Panvel,09:50,09:53
TH,rabale,ghansoli,2.3,DOWN,99221,TNU21,,,LOCAL,DAILY,Thane,Nerul,09:58,10:01
TH,rabale,ghansoli,2.3,DOWN,99023,TPL23,,,LOCAL,DAILY,Thane,Panvel,12:13,12:16
TH,rabale,ghansoli,2.3,DOWN,99447,TV47,,,LOCAL,DAILY,Thane,Vashi,12:17,12:20
TH,rabale,ghansoli,2.3,DOWN,99231,TNU31,,,LOCAL,DAILY,Thane,Nerul,12:23,12:26
TH,rabale,ghansoli,2.3,DOWN,99449,TV49,,,LOCAL,DAILY,Thane,Vashi,12:29,12:32
TH,rabale,ghansoli,2.3,DOWN,99233,TNU33,,,LOCAL,DAILY,Thane,Nerul,12:46,12:49
TH,rabale,ghansoli,2.3,DOWN,99451,TV51,,,LOCAL,DAILY,Thane,Vashi,12:52,12:55
TH,rabale,ghansoli,2.3,DOWN,99025,TPL25,,,LOCAL,DAILY,Thane,Panvel,13:00,13:03
TH,rabale,ghansoli,2.3,DOWN,99453,TV53,,,LOCAL,DAILY,Thane,Vashi,13:11,13:14
TH,rabale,ghansoli,2.3,DOWN,99235,TNU35,,,LOCAL,DAILY,Thane,Nerul,13:21,13:24
TH,rabale,ghansoli,2.3,DOWN,99027,TPL27,,,LOCAL,DAILY,Thane,Panvel,13:35,13:38
TH,rabale,ghansoli,2.3,DOWN,99455,TV55,,,LOCAL,DAILY,Thane,Vashi,13:41,13:44
TH,rabale,ghansoli,2.3,DOWN,99237,TNU37,,,LOCAL,DAILY,Thane,Nerul,13:48,13:51
TH,rabale,ghansoli,2.3,DOWN,99469,TV69,,,LOCAL,DAILY,Thane,Vashi,16:03,16:06
TH,rabale,ghansoli,2.3,DOWN,99037,TPL37,,,LOCAL,DAILY,Thane,Panvel,16:11,16:14
TH,rabale,ghansoli,2.3,DOWN,99471,TV71,,,LOCAL,DAILY,Thane,Vashi,16:18,16:21
TH,rabale,ghansoli,2.3,DOWN,99473,TV73,,,LOCAL,DAILY,Thane,Vashi,16:30,16:33
TH,rabale,ghansoli,2.3,DOWN,99039,TPL39,,,LOCAL,DAILY,Thane,Panvel,16:35,16:38
TH,rabale,ghansoli,2.3,DOWN,99245,TNU45,,,LOCAL,DAILY,Thane,Nerul,16:44,16:47
TH,rabale,ghansoli,2.3,DOWN,99475,TV75,,,LOCAL,DAILY,Thane,Vashi,16:51,16:54
TH,rabale,ghansoli,2.3,DOWN,99041,TPL41,,,LOCAL,DAILY,Thane,Panvel,16:59,17:02
TH,rabale,ghansoli,2.3,DOWN,99477,TV77,,,LOCAL,DAILY,Thane,Vashi,17:06,17:09
TH,rabale,ghansoli,2.3,DOWN,99247,TNU47,,,LOCAL,DAILY,Thane,Nerul,17:11,17:14
TH,rabale,ghansoli,2.3,DOWN,99479,TV79,,,LOCAL,DAILY,Thane,Vashi,17:19,17:22
TH,rabale,ghansoli,2.3,DOWN,99249,TNU49,,,LOCAL,NOT_SUN,Thane,Nerul,17:25,17:28
TH,rabale,ghansoli,2.3,DOWN,99043,TPL43,,,LOCAL,DAILY,Thane,Panvel,17:34,17:37
TH,rabale,ghansoli,2.3,DOWN,99481,TV81,,,LOCAL,DAILY,Thane,Vashi,17:39,17:42
TH,rabale,ghansoli,2.3,DOWN,99251,TNU51,,,LOCAL,DAILY,Thane,Nerul,17:45,17:48
TH,rabale,ghansoli,2.3,DOWN,99483,TV83,,,LOCAL,DAILY,Thane,Vashi,17:57,18:00
TH,rabale,ghansoli,2.3,DOWN,99497,TV97,,,LOCAL,DAILY,Thane,Vashi,20:05,20:08
TH,rabale,ghansoli,2.3,DOWN,99055,TPL55,,,LOCAL,DAILY,Thane,Panvel,20:10,20:13
TH,rabale,ghansoli,2.3,DOWN,99499,TV99,,,LOCAL,DAILY,Thane,Vashi,20:16,20:19
TH,rabale,ghansoli,2.3,DOWN,99057,TPL57,,,LOCAL,DAILY,Thane,Panvel,20:26,20:29
TH,rabale,ghansoli,2.3,DOWN,99263,TNU63,,,LOCAL,DAILY,Thane,Nerul,20:31,20:34
TH,rabale,ghansoli,2.3,DOWN,99501,TV101,,,LOCAL,DAILY,Thane,Vashi,20:39,20:42
TH,rabale,ghansoli,2.3,DOWN,99265,TNU65,,,LOCAL,DAILY,Thane,Nerul,20:44,20:47
TH,rabale,ghansoli,2.3,DOWN,99503,TV103,,,LOCAL,DAILY,Thane,Vashi,20:54,20:57
TH,rabale,ghansoli,2.3,DOWN,99059,TPL59,,,LOCAL,DAILY,Thane,Panvel,21:01,21:04
TH,rabale,ghansoli,2.3,DOWN,99505,TV105,,,LOCAL,DAILY,Thane,Vashi,21:11,21:14
TH,rabale,ghansoli,2.3,DOWN,99061,TPL61,,,LOCAL,DAILY,Thane,Panvel,21:22,21:25
TH,rabale,ghansoli,2.3,DOWN,99507,TV107,,,LOCAL,DAILY,Thane,Vashi,21:31,21:34
TH,rabale,ghansoli,2.3,DOWN,99267,TNU67,,,LOCAL,DAILY,Thane,Nerul,21:41,21:44
TH,rabale,ghansoli,2.3,DOWN,99063,TPL63,,,LOCAL,DAILY,Thane,Panvel,21:47,21:50
TH,rabale,ghansoli,2.3,DOWN,99509,TV109,,,LOCAL,DAILY,Thane,Vashi,21:52,21:55
TH,ghansoli,kopar_khairane,1.5,DOWN,99001,TPL1,,,LOCAL,DAILY,Thane,Panvel,00:19,00:22
TH,ghansoli,kopar_khairane,1.5,DOWN,99003,TPL3,,,LOCAL,DAILY,Thane,Panvel,05:26,05:29
TH,ghansoli,kopar_khairane,1.5,DOWN,99401,TV1,,,LOCAL,DAILY,Thane,Vashi,05:39,05:42
TH,ghansoli,kopar_khairane,1.5,DOWN,99201,TNU1,,,LOCAL,DAILY,Thane,Nerul,05:54,05:57
TH,ghansoli,kopar_khairane,1.5,DOWN,99415,TV15,,,LOCAL,DAILY,Thane,Vashi,08:07,08:10
TH,ghansoli,kopar_khairane,1.5,DOWN,99009,TPL9,,,LOCAL,DAILY,Thane,Panvel,08:17,08:20
TH,ghansoli,kopar_khairane,1.5,DOWN,99417,TV17,,,LOCAL,NOT_SUN,Thane,Vashi,08:21,08:24
TH,ghansoli,kopar_khairane,1.5,DOWN,99211,TNU11,,,LOCAL,DAILY,Thane,Nerul,08:28,08:31
TH,ghansoli,kopar_khairane,1.5,DOWN,99419,TV19,,,LOCAL,DAILY,Thane,Vashi,08:37,08:40
TH,ghansoli,kopar_khairane,1.5,DOWN,99213,TNU13,,,LOCAL,DAILY,Thane,Nerul,08:45,08:48
TH,ghansoli,kopar_khairane,1.5,DOWN,99421,TV21,,,LOCAL,DAILY,Thane,Vashi,08:50,08:53
TH,ghansoli,kopar_khairane,1.5,DOWN,99011,TPL11,,,LOCAL,DAILY,Thane,Panvel,08:55,08:58
TH,ghansoli,kopar_khairane,1.5,DOWN,99215,TNU15,,,LOCAL,DAILY,Thane,Nerul,09:05,09:08
TH,ghansoli,kopar_khairane,1.5,DOWN,99423,TV23,,,LOCAL,DAILY,Thane,Vashi,09:10,09:13
TH,ghansoli,kopar_khairane,1.5,DOWN,99217,TNU17,,,LOCAL,DAILY,Thane,Nerul,09:18,09:21
TH,ghansoli,kopar_khairane,1.5,DOWN,99425,TV25,,,LOCAL,DAILY,Thane,Vashi,09:23,09:26
TH,ghansoli,kopar_khairane,1.5,DOWN,99013,TPL13,,,LOCAL,DAILY,Thane,Panvel,09:28,09:31
TH,ghansoli,kopar_khairane,1.5,DOWN,99219,TNU19,,,LOCAL,NOT_SUN,Thane,Nerul,09:33,09:36
TH,ghansoli,kopar_khairane,1.5,DOWN,99427,TV27,,,LOCAL,DAILY,Thane,Vashi,09:44,09:47
TH,ghansoli,kopar_khairane,1.5,DOWN,99015,TPL15,,,LOCAL,DAILY,Thane,Panvel,09:53,09:56
TH,ghansoli,kopar_khairane,1.5,DOWN,99445,TV45,,,LOCAL,DAILY,Thane,Vashi,12:02,12:05
TH,ghansoli,kopar_khairane,1.5,DOWN,99023,TPL23,,,LOCAL,DAILY,Thane,Panvel,12:16,12:19
TH,ghansoli,kopar_khairane,1.5,DOWN,99447,TV47,,,LOCAL,DAILY,Thane,Vashi,12:20,12:23
TH,ghansoli,kopar_khairane,1.5,DOWN,99231,TNU31,,,LOCAL,DAILY,Thane,Nerul,12:26,12:29
TH,ghansoli,kopar_khairane,1.5,DOWN,99449,TV49,,,LOCAL,DAILY,Thane,Vashi,12:32,12:35
TH,ghansoli,kopar_khairane,1.5,DOWN,99233,TNU33,,,LOCAL,DAILY,Thane,Nerul,12:49,12:52
TH,ghansoli,kopar_khairane,1.5,DOWN,99451,TV51,,,LOCAL,DAILY,Thane,Vashi,12:55,12:58
TH,ghansoli,kopar_khairane,1.5,DOWN,99025,TPL25,,,LOCAL,DAILY,Thane,Panvel,13:03,13:06
TH,ghansoli,kopar_khairane,1.5,DOWN,99453,TV53,,,LOCAL,DAILY,Thane,Vashi,13:14,13:17
TH,ghansoli,kopar_khairane,1.5,DOWN,99235,TNU35,,,LOCAL,DAILY,Thane,Nerul,13:24,13:27
TH,ghansoli,kopar_khairane,1.5,DOWN,99027,TPL27,,,LOCAL,DAILY,Thane,Panvel,13:38,13:41
TH,ghansoli,kopar_khairane,1.5,DOWN,99455,TV55,,,LOCAL,DAILY,Thane,Vashi,13:44,13:47
TH,ghansoli,kopar_khairane,1.5,DOWN,99237,TNU37,,,LOCAL,DAILY,Thane,Nerul,13:51,13:54
TH,ghansoli,kopar_khairane,1.5,DOWN,99469,TV69,,,LOCAL,DAILY,Thane,Vashi,16:06,16:09
TH,ghansoli,kopar_khairane,1.5,DOWN,99037,TPL37,,,LOCAL,DAILY,Thane,Panvel,16:14,16:17
TH,ghansoli,kopar_khairane,1.5,DOWN,99471,TV71,,,LOCAL,DAILY,Thane,Vashi,16:21,16:24
TH,ghansoli,kopar_khairane,1.5,DOWN,99473,TV73,,,LOCAL,DAILY,Thane,Vashi,16:33,16:36
TH,ghansoli,kopar_khairane,1.5,DOWN,99039,TPL39,,,LOCAL,DAILY,Thane,Panvel,16:38,16:41
TH,ghansoli,kopar_khairane,1.5,DOWN,99245,TNU45,,,LOCAL,DAILY,Thane,Nerul,16:47,16:50
TH,ghansoli,kopar_khairane,1.5,DOWN,99475,TV75,,,LOCAL,DAILY,Thane,Vashi,16:54,16:57
TH,ghansoli,kopar_khairane,1.5,DOWN,99041,TPL41,,,LOCAL,DAILY,Thane,Panvel,17:02,17:05
TH,ghansoli,kopar_khairane,1.5,DOWN,99477,TV77,,,LOCAL,DAILY,Thane,Vashi,17:09,17:12
TH,ghansoli,kopar_khairane,1.5,DOWN,99247,TNU47,,,LOCAL,DAILY,Thane,Nerul,17:14,17:17
TH,ghansoli,kopar_khairane,1.5,DOWN,99479,TV79,,,LOCAL,DAILY,Thane,Vashi,17:22,17:25
TH,ghansoli,kopar_khairane,1.5,DOWN,99249,TNU49,,,LOCAL,NOT_SUN,Thane,Nerul,17:28,17:31
TH,ghansoli,kopar_khairane,1.5,DOWN,99043,TPL43,,,LOCAL,DAILY,Thane,Panvel,17:37,17:40
TH,ghansoli,kopar_khairane,1.5,DOWN,99481,TV81,,,LOCAL,DAILY,Thane,Vashi,17:42,17:45
TH,ghansoli,kopar_khairane,1.5,DOWN,99251,TNU51,,,LOCAL,DAILY,Thane,Nerul,17:48,17:51
TH,ghansoli,kopar_khairane,1.5,DOWN,99483,TV83,,,LOCAL,DAILY,Thane,Vashi,18:00,18:03
TH,ghansoli,kopar_khairane,1.5,DOWN,99053,TPL53,,,LOCAL,NOT_SUN,Thane,Panvel,20:02,20:05
TH,ghansoli,kopar_khairane,1.5,DOWN,99497,TV97,,,LOCAL,DAILY,Thane,Vashi,20:08,20:11
TH,ghansoli,kopar_khairane,1.5,DOWN,99055,TPL55,,,LOCAL,DAILY,Thane,Panvel,20:13,20:16
TH,ghansoli,kopar_khairane,1.5,DOWN,99499,TV99,,,LOCAL,DAILY,Thane,Vashi,20:19,20:22
TH,ghansoli,kopar_khairane,1.5,DOWN,99057,TPL57,,,LOCAL,DAILY,Thane,Panvel,20:29,20:32
TH,ghansoli,kopar_khairane,1.5,DOWN,99263,TNU63,,,LOCAL,DAILY,Thane,Nerul,20:34,20:37
TH,ghansoli,kopar_khairane,1.5,DOWN,99501,TV101,,,LOCAL,DAILY,Thane,Vashi,20:42,20:45
TH,ghansoli,kopar_khairane,1.5,DOWN,99265,TNU65,,,LOCAL,DAILY,Thane,Nerul,20:47,20:50
TH,ghansoli,kopar_khairane,1.5,DOWN,99503,TV103,,,LOCAL,DAILY,Thane,Vashi,20:57,21:00
TH,ghansoli,kopar_khairane,1.5,DOWN,99059,TPL59,,,LOCAL,DAILY,Thane,Panvel,21:04,21:07
TH,ghansoli,kopar_khairane,1.5,DOWN,99505,TV105,,,LOCAL,DAILY,Thane,Vashi,21:14,21:17
TH,ghansoli,kopar_khairane,1.5,DOWN,99061,TPL61,,,LOCAL,DAILY,Thane,Panvel,21:25,21:28
TH,ghansoli,kopar_khairane,1.5,DOWN,99507,TV107,,,LOCAL,DAILY,Thane,Vashi,21:34,21:37
TH,ghansoli,kopar_khairane,1.5,DOWN,99267,TNU67,,,LOCAL,DAILY,Thane,Nerul,21:44,21:47
TH,ghansoli,kopar_khairane,1.5,DOWN,99063,TPL63,,,LOCAL,DAILY,Thane,Panvel,21:50,21:53
TH,ghansoli,kopar_khairane,1.5,DOWN,99509,TV109,,,LOCAL,DAILY,Thane,Vashi,21:55,21:58
TH,kopar_khairane,turbhe,3.2,DOWN,99519,TV119,,,LOCAL,DAILY,Thane,Vashi,00:02,00:06
TH,kopar_khairane,turbhe,3.2,DOWN,99001,TPL1,,,LOCAL,DAILY,Thane,Panvel,00:22,00:26
TH,kopar_khairane,turbhe,3.2,DOWN,99003,TPL3,,,LOCAL,DAILY,Thane,Panvel,05:29,05:33
TH,kopar_khairane,turbhe,3.2,DOWN,99401,TV1,,,LOCAL,DAILY,Thane,Vashi,05:42,05:46
TH,kopar_khairane,turbhe,3.2,DOWN,99201,TNU1,,,LOCAL,DAILY,Thane,Nerul,05:57,06:01
TH,kopar_khairane,turbhe,3.2,DOWN,99209,TNU9,,,LOCAL,DAILY,Thane,Nerul,08:00,08:04
TH,kopar_khairane,turbhe,3.2,DOWN,99415,TV15,,,LOCAL,DAILY,Thane,Vashi,08:10,08:14
TH,kopar_khairane,turbhe,3.2,DOWN,99009,TPL9,,,LOCAL,DAILY,Thane,Panvel,08:20,08:24
TH,kopar_khairane,turbhe,3.2,DOWN,99417,TV17,,,LOCAL,NOT_SUN,Thane,Vashi,08:24,08:28
TH,kopar_khairane,turbhe,3.2,DOWN,99211,TNU11,,,LOCAL,DAILY,Thane,Nerul,08:31,08:35
TH,kopar_khairane,turbhe,3.2,DOWN,99419,TV19,,,LOCAL,DAILY,Thane,Vashi,08:40,08:44
TH,kopar_khairane,turbhe,3.2,DOWN,99213,TNU13,,,LOCAL,DAILY,Thane,Nerul,08:48,08:52
TH,kopar_khairane,turbhe,3.2,DOWN,99421,TV21,,,LOCAL,DAILY,Thane,Vashi,08:53,08:57
TH,kopar_khairane,turbhe,3.2,DOWN,99011,TPL11,,,LOCAL,DAILY,Thane,Panvel,08:58,09:02
TH,kopar_khairane,turbhe,3.2,DOWN,99215,TNU15,,,LOCAL,DAILY,Thane,Nerul,09:08,09:12
TH,kopar_khairane,turbhe,3.2,DOWN,99423,TV23,,,LOCAL,DAILY,Thane,Vashi,09:13,09:17
TH,kopar_khairane,turbhe,3.2,DOWN,99217,TNU17,,,LOCAL,DAILY,Thane,Nerul,09:21,09:25
TH,kopar_khairane,turbhe,3.2,DOWN,99425,TV25,,,LOCAL,DAILY,Thane,Vashi,09:26,09:30
TH,kopar_khairane,turbhe,3.2,DOWN,99013,TPL13,,,LOCAL,DAILY,Thane,Panvel,09:31,09:35
TH,kopar_khairane,turbhe,3.2,DOWN,99219,TNU19,,,LOCAL,NOT_SUN,Thane,Nerul,09:36,09:40
TH,kopar_khairane,turbhe,3.2,DOWN,99427,TV27,,,LOCAL,DAILY,Thane,Vashi,09:47,09:51
TH,kopar_khairane,turbhe,3.2,DOWN,99015,TPL15,,,LOCAL,DAILY,Thane,Panvel,09:56,10:00
TH,kopar_khairane,turbhe,3.2,DOWN,99445,TV45,,,LOCAL,DAILY,Thane,Vashi,12:05,12:09
TH,kopar_khairane,turbhe,3.2,DOWN,99023,TPL23,,,LOCAL,DAILY,Thane,Panvel,12:19,12:23
TH,kopar_khairane,turbhe,3.2,DOWN,99447,TV47,,,LOCAL,DAILY,Thane,Vashi,12:23,12:27
TH,kopar_khairane,turbhe,3.2,DOWN,99231,TNU31,,,LOCAL,DAILY,Thane,Nerul,12:29,12:33
TH,kopar_khairane,turbhe,3.2,DOWN,99449,TV49,,,LOCAL,DAILY,Thane,Vashi,12:35,12:39
TH,kopar_khairane,turbhe,3.2,DOWN,99233,TNU33,,,LOCAL,DAILY,Thane,Nerul,12:52,12:56
TH,kopar_khairane,turbhe,3.2,DOWN,99451,TV51,,,LOCAL,DAILY,Thane,Vashi,12:58,13:02
TH,kopar_khairane,turbhe,3.2,DOWN,99025,TPL25,,,LOCAL,DAILY,Thane,Panvel,13:06,13:10
TH,kopar_khairane,turbhe,3.2,DOWN,99453,TV53,,,LOCAL,DAILY,Thane,Vashi,13:17,13:21
TH,kopar_khairane,turbhe,3.2,DOWN,99235,TNU35,,,LOCAL,DAILY,Thane,Nerul,13:27,13:31
TH,kopar_khairane,turbhe,3.2,DOWN,99027,TPL27,,,LOCAL,DAILY,Thane,Panvel,13:41,13:45
TH,kopar_khairane,turbhe,3.2,DOWN,99455,TV55,,,LOCAL,DAILY,Thane,Vashi,13:47,13:51
TH,kopar_khairane,turbhe,3.2,DOWN,99237,TNU37,,,LOCAL,DAILY,Thane,Nerul,13:54,13:58
TH,kopar_khairane,turbhe,3.2,DOWN,99469,TV69,,,LOCAL,DAILY,Thane,Vashi,16:09,16:13
TH,kopar_khairane,turbhe,3.2,DOWN,99037,TPL37,,,LOCAL,DAILY,Thane,Panvel,16:17,16:21
TH,kopar_khairane,turbhe,3.2,DOWN,99471,TV71,,,LOCAL,DAILY,Thane,Vashi,16:24,16:28
TH,kopar_khairane,turbhe,3.2,DOWN,99473,TV73,,,LOCAL,DAILY,Thane,Vashi,16:36,16:40
TH,kopar_khairane,turbhe,3.2,DOWN,99039,TPL39,,,LOCAL,DAILY,Thane,Panvel,16:41,16:45
TH,kopar_khairane,turbhe,3.2,DOWN,99245,TNU45,,,LOCAL,DAILY,Thane,Nerul,16:50,16:54
TH,kopar_khairane,turbhe,3.2,DOWN,99475,TV75,,,LOCAL,DAILY,Thane,Vashi,16:57,17:01
TH,kopar_khairane,turbhe,3.2,DOWN,99041,TPL41,,,LOCAL,DAILY,Thane,Panvel,17:05,17:09
TH,kopar_khairane,turbhe,3.2,DOWN,99477,TV77,,,LOCAL,DAILY,Thane,Vashi,17:12,17:16
TH,kopar_khairane,turbhe,3.2,DOWN,99247,TNU47,,,LOCAL,DAILY,Thane,Nerul,17:17,17:21
TH,kopar_khairane,turbhe,3.2,DOWN,99479,TV79,,,LOCAL,DAILY,Thane,Vashi,17:25,17:29
TH,kopar_khairane,turbhe,3.2,DOWN,99249,TNU49,,,LOCAL,NOT_SUN,Thane,Nerul,17:31,17:35
TH,kopar_khairane,turbhe,3.2,DOWN,99043,TPL43,,,LOCAL,DAILY,Thane,Panvel,17:40,17:44
TH,kopar_khairane,turbhe,3.2,DOWN,99481,TV81,,,LOCAL,DAILY,Thane,Vashi,17:45,17:49
TH,kopar_khairane,turbhe,3.2,DOWN,99251,TNU51,,,LOCAL,DAILY,Thane,Nerul,17:51,17:55
TH,kopar_khairane,turbhe,3.2,DOWN,99053,TPL53,,,LOCAL,NOT_SUN,Thane,Panvel,20:05,20:09
TH,kopar_khairane,turbhe,3.2,DOWN,99497,TV97,,,LOCAL,DAILY,Thane,Vashi,20:11,20:15
TH,kopar_khairane,turbhe,3.2,DOWN,99055,TPL55,,,LOCAL,DAILY,Thane,Panvel,20:16,20:20
TH,kopar_khairane,turbhe,3.2,DOWN,99499,TV99,,,LOCAL,DAILY,Thane,Vashi,20:22,20:26
TH,kopar_khairane,turbhe,3.2,DOWN,99057,TPL57,,,LOCAL,DAILY,Thane,Panvel,20:32,20:36
TH,kopar_khairane,turbhe,3.2,DOWN,99263,TNU63,,,LOCAL,DAILY,Thane,Nerul,20:37,20:41
TH,kopar_khairane,turbhe,3.2,DOWN,99501,TV101,,,LOCAL,DAILY,Thane,Vashi,20:45,20:49
TH,kopar_khairane,turbhe,3.2,DOWN,99265,TNU65,,,LOCAL,DAILY,Thane,Nerul,20:50,20:54
TH,kopar_khairane,turbhe,3.2,DOWN,99503,TV103,,,LOCAL,DAILY,Thane,Vashi,21:00,21:04
TH,kopar_khairane,turbhe,3.2,DOWN,99059,TPL59,,,LOCAL,DAILY,Thane,Panvel,21:07,21:11
TH,kopar_khairane,turbhe,3.2,DOWN,99505,TV105,,,LOCAL,DAILY,Thane,Vashi,21:17,21:21
TH,kopar_khairane,turbhe,3.2,DOWN,99061,TPL61,,,LOCAL,DAILY,Thane,Panvel,21:28,21:32
TH,kopar_khairane,turbhe,3.2,DOWN,99507,TV107,,,LOCAL,DAILY,Thane,Vashi,21:37,21:41
TH,kopar_khairane,turbhe,3.2,DOWN,99267,TNU67,,,LOCAL,DAILY,Thane,Nerul,21:47,21:51
TH,kopar_khairane,turbhe,3.2,DOWN,99063,TPL63,,,LOCAL,DAILY,Thane,Panvel,21:53,21:57
TH,kopar_khairane,turbhe,3.2,DOWN,99509,TV109,,,LOCAL,DAILY,Thane,Vashi,21:58,22:02
TH,turbhe,sanpada_th,2.0,DOWN,99519,TV119,,,LOCAL,DAILY,Thane,Vashi,00:06,00:10
TH,turbhe,sanpada_th,2.0,DOWN,99401,TV1,,,LOCAL,DAILY,Thane,Vashi,05:46,05:50
TH,turbhe,sanpada_th,2.0,DOWN,99415,TV15,,,LOCAL,DAILY,Thane,Vashi,08:14,08:18
TH,turbhe,sanpada_th,2.0,DOWN,99417,TV17,,,LOCAL,NOT_SUN,Thane,Vashi,08:28,08:32
TH,turbhe,sanpada_th,2.0,DOWN,99419,TV19,,,LOCAL,DAILY,Thane,Vashi,08:44,08:48
TH,turbhe,sanpada_th,2.0,DOWN,99421,TV21,,,LOCAL,DAILY,Thane,Vashi,08:57,09:01
TH,turbhe,sanpada_th,2.0,DOWN,99423,TV23,,,LOCAL,DAILY,Thane,Vashi,09:17,09:21
TH,turbhe,sanpada_th,2.0,DOWN,99425,TV25,,,LOCAL,DAILY,Thane,Vashi,09:30,09:34
TH,turbhe,sanpada_th,2.0,DOWN,99427,TV27,,,LOCAL,DAILY,Thane,Vashi,09:51,09:55
TH,turbhe,sanpada_th,2.0,DOWN,99445,TV45,,,LOCAL,DAILY,Thane,Vashi,12:09,12:13
TH,turbhe,sanpada_th,2.0,DOWN,99447,TV47,,,LOCAL,DAILY,Thane,Vashi,12:27,12:31
TH,turbhe,sanpada_th,2.0,DOWN,99449,TV49,,,LOCAL,DAILY,Thane,Vashi,12:39,12:43
TH,turbhe,sanpada_th,2.0,DOWN,99451,TV51,,,LOCAL,DAILY,Thane,Vashi,13:02,13:06
TH,turbhe,sanpada_th,2.0,DOWN,99453,TV53,,,LOCAL,DAILY,Thane,Vashi,13:21,13:25
TH,turbhe,sanpada_th,2.0,DOWN,99455,TV55,,,LOCAL,DAILY,Thane,Vashi,13:51,13:55
TH,turbhe,sanpada_th,2.0,DOWN,99467,TV67,,,LOCAL,DAILY,Thane,Vashi,16:01,16:05
TH,turbhe,sanpada_th,2.0,DOWN,99469,TV69,,,LOCAL,DAILY,Thane,Vashi,16:13,16:17
TH,turbhe,sanpada_th,2.0,DOWN,99471,TV71,,,LOCAL,DAILY,Thane,Vashi,16:28,16:32
TH,turbhe,sanpada_th,2.0,DOWN,99473,TV73,,,LOCAL,DAILY,Thane,Vashi,16:40,16:44
TH,turbhe,sanpada_th,2.0,DOWN,99475,TV75,,,LOCAL,DAILY,Thane,Vashi,17:01,17:06
TH,turbhe,sanpada_th,2.0,DOWN,99477,TV77,,,LOCAL,DAILY,Thane,Vashi,17:16,17:20
TH,turbhe,sanpada_th,2.0,DOWN,99479,TV79,,,LOCAL,DAILY,Thane,Vashi,17:29,17:33
TH,turbhe,sanpada_th,2.0,DOWN,99481,TV81,,,LOCAL,DAILY,Thane,Vashi,17:49,17:53
TH,turbhe,sanpada_th,2.0,DOWN,99497,TV97,,,LOCAL,DAILY,Thane,Vashi,20:15,20:19
TH,turbhe,sanpada_th,2.0,DOWN,99499,TV99,,,LOCAL,DAILY,Thane,Vashi,20:26,20:30
TH,turbhe,sanpada_th,2.0,DOWN,99501,TV101,,,LOCAL,DAILY,Thane,Vashi,20:49,20:53
TH,turbhe,sanpada_th,2.0,DOWN,99503,TV103,,,LOCAL,DAILY,Thane,Vashi,21:04,21:08
TH,turbhe,sanpada_th,2.0,DOWN,99505,TV105,,,LOCAL,DAILY,Thane,Vashi,21:21,21:25
TH,turbhe,sanpada_th,2.0,DOWN,99507,TV107,,,LOCAL,DAILY,Thane,Vashi,21:41,21:45
TH,sanpada_th,vashi_th,1.2,DOWN,99519,TV119,,,LOCAL,DAILY,Thane,Vashi,00:10,00:14
TH,sanpada_th,vashi_th,1.2,DOWN,99401,TV1,,,LOCAL,DAILY,Thane,Vashi,05:50,05:54
TH,sanpada_th,vashi_th,1.2,DOWN,99413,TV13,,,LOCAL,DAILY,Thane,Vashi,08:00,08:04
TH,sanpada_th,vashi_th,1.2,DOWN,99415,TV15,,,LOCAL,DAILY,Thane,Vashi,08:18,08:22
TH,sanpada_th,vashi_th,1.2,DOWN,99417,TV17,,,LOCAL,NOT_SUN,Thane,Vashi,08:32,08:37
TH,sanpada_th,vashi_th,1.2,DOWN,99419,TV19,,,LOCAL,DAILY,Thane,Vashi,08:48,08:52
TH,sanpada_th,vashi_th,1.2,DOWN,99421,TV21,,,LOCAL,DAILY,Thane,Vashi,09:01,09:05
TH,sanpada_th,vashi_th,1.2,DOWN,99423,TV23,,,LOCAL,DAILY,Thane,Vashi,09:21,09:25
TH,sanpada_th,vashi_th,1.2,DOWN,99425,TV25,,,LOCAL,DAILY,Thane,Vashi,09:34,09:39
TH,sanpada_th,vashi_th,1.2,DOWN,99427,TV27,,,LOCAL,DAILY,Thane,Vashi,09:55,09:59
TH,sanpada_th,vashi_th,1.2,DOWN,99443,TV43,,,LOCAL,DAILY,Thane,Vashi,12:00,12:04
TH,sanpada_th,vashi_th,1.2,DOWN,99445,TV45,,,LOCAL,DAILY,Thane,Vashi,12:13,12:17
TH,sanpada_th,vashi_th,1.2,DOWN,99447,TV47,,,LOCAL,DAILY,Thane,Vashi,12:31,12:35
TH,sanpada_th,vashi_th,1.2,DOWN,99449,TV49,,,LOCAL,DAILY,Thane,Vashi,12:43,12:47
TH,sanpada_th,vashi_th,1.2,DOWN,99451,TV51,,,LOCAL,DAILY,Thane,Vashi,13:06,13:10
TH,sanpada_th,vashi_th,1.2,DOWN,99453,TV53,,,LOCAL,DAILY,Thane,Vashi,13:25,13:29
TH,sanpada_th,vashi_th,1.2,DOWN,99455,TV55,,,LOCAL,DAILY,Thane,Vashi,13:55,13:59
TH,sanpada_th,vashi_th,1.2,DOWN,99467,TV67,,,LOCAL,DAILY,Thane,Vashi,16:05,16:09
TH,sanpada_th,vashi_th,1.2,DOWN,99469,TV69,,,LOCAL,DAILY,Thane,Vashi,16:17,16:23
TH,sanpada_th,vashi_th,1.2,DOWN,99471,TV71,,,LOCAL,DAILY,Thane,Vashi,16:32,16:36
TH,sanpada_th,vashi_th,1.2,DOWN,99473,TV73,,,LOCAL,DAILY,Thane,Vashi,16:44,16:48
TH,sanpada_th,vashi_th,1.2,DOWN,99475,TV75,,,LOCAL,DAILY,Thane,Vashi,17:06,17:11
TH,sanpada_th,vashi_th,1.2,DOWN,99477,TV77,,,LOCAL,DAILY,Thane,Vashi,17:20,17:24
TH,sanpada_th,vashi_th,1.2,DOWN,99479,TV79,,,LOCAL,DAILY,Thane,Vashi,17:33,17:37
TH,sanpada_th,vashi_th,1.2,DOWN,99481,TV81,,,LOCAL,DAILY,Thane,Vashi,17:53,17:57
TH,sanpada_th,vashi_th,1.2,DOWN,99497,TV97,,,LOCAL,DAILY,Thane,Vashi,20:19,20:23
TH,sanpada_th,vashi_th,1.2,DOWN,99499,TV99,,,LOCAL,DAILY,Thane,Vashi,20:30,20:35
TH,sanpada_th,vashi_th,1.2,DOWN,99501,TV101,,,LOCAL,DAILY,Thane,Vashi,20:53,20:57
TH,sanpada_th,vashi_th,1.2,DOWN,99503,TV103,,,LOCAL,DAILY,Thane,Vashi,21:08,21:12
TH,sanpada_th,vashi_th,1.2,DOWN,99505,TV105,,,LOCAL,DAILY,Thane,Vashi,21:25,21:29
TH,sanpada_th,vashi_th,1.2,DOWN,99507,TV107,,,LOCAL,DAILY,Thane,Vashi,21:45,21:49
TH,juinagar_th,nerul_th,2.0,DOWN,99001,TPL1,,,LOCAL,DAILY,Thane,Panvel,00:30,00:34
TH,juinagar_th,nerul_th,2.0,DOWN,99003,TPL3,,,LOCAL,DAILY,Thane,Panvel,05:37,05:41
TH,juinagar_th,nerul_th,2.0,DOWN,99209,TNU9,,,LOCAL,DAILY,Thane,Nerul,08:08,08:13
TH,juinagar_th,nerul_th,2.0,DOWN,99009,TPL9,,,LOCAL,DAILY,Thane,Panvel,08:28,08:33
TH,juinagar_th,nerul_th,2.0,DOWN,99211,TNU11,,,LOCAL,DAILY,Thane,Nerul,08:39,08:44
TH,juinagar_th,nerul_th,2.0,DOWN,99213,TNU13,,,LOCAL,DAILY,Thane,Nerul,08:56,09:01
TH,juinagar_th,nerul_th,2.0,DOWN,99011,TPL11,,,LOCAL,DAILY,Thane,Panvel,09:06,09:10
TH,juinagar_th,nerul_th,2.0,DOWN,99215,TNU15,,,LOCAL,DAILY,Thane,Nerul,09:16,09:21
TH,juinagar_th,nerul_th,2.0,DOWN,99217,TNU17,,,LOCAL,DAILY,Thane,Nerul,09:29,09:34
TH,juinagar_th,nerul_th,2.0,DOWN,99013,TPL13,,,LOCAL,DAILY,Thane,Panvel,09:39,09:43
TH,juinagar_th,nerul_th,2.0,DOWN,99219,TNU19,,,LOCAL,NOT_SUN,Thane,Nerul,09:44,09:51
TH,juinagar_th,nerul_th,2.0,DOWN,99229,TNU29,,,LOCAL,DAILY,Thane,Nerul,12:07,12:12
TH,juinagar_th,nerul_th,2.0,DOWN,99023,TPL23,,,LOCAL,DAILY,Thane,Panvel,12:28,12:33
TH,juinagar_th,nerul_th,2.0,DOWN,99231,TNU31,,,LOCAL,DAILY,Thane,Nerul,12:37,12:42
TH,juinagar_th,nerul_th,2.0,DOWN,99233,TNU33,,,LOCAL,DAILY,Thane,Nerul,13:00,13:05
TH,juinagar_th,nerul_th,2.0,DOWN,99025,TPL25,,,LOCAL,DAILY,Thane,Panvel,13:14,13:19
TH,juinagar_th,nerul_th,2.0,DOWN,99235,TNU35,,,LOCAL,DAILY,Thane,Nerul,13:35,13:40
TH,juinagar_th,nerul_th,2.0,DOWN,99027,TPL27,,,LOCAL,DAILY,Thane,Panvel,13:49,13:53
TH,juinagar_th,nerul_th,2.0,DOWN,99037,TPL37,,,LOCAL,DAILY,Thane,Panvel,16:25,16:29
TH,juinagar_th,nerul_th,2.0,DOWN,99039,TPL39,,,LOCAL,DAILY,Thane,Panvel,16:49,16:53
TH,juinagar_th,nerul_th,2.0,DOWN,99245,TNU45,,,LOCAL,DAILY,Thane,Nerul,16:58,17:03
TH,juinagar_th,nerul_th,2.0,DOWN,99041,TPL41,,,LOCAL,DAILY,Thane,Panvel,17:13,17:17
TH,juinagar_th,nerul_th,2.0,DOWN,99247,TNU47,,,LOCAL,DAILY,Thane,Nerul,17:25,17:30
TH,juinagar_th,nerul_th,2.0,DOWN,99249,TNU49,,,LOCAL,NOT_SUN,Thane,Nerul,17:39,17:46
TH,juinagar_th,nerul_th,2.0,DOWN,99043,TPL43,,,LOCAL,DAILY,Thane,Panvel,17:48,17:52
TH,juinagar_th,nerul_th,2.0,DOWN,99251,TNU51,,,LOCAL,DAILY,Thane,Nerul,17:59,18:04
TH,juinagar_th,nerul_th,2.0,DOWN,99261,TNU61,,,LOCAL,DAILY,Thane,Nerul,20:03,20:08
TH,juinagar_th,nerul_th,2.0,DOWN,99053,TPL53,,,LOCAL,NOT_SUN,Thane,Panvel,20:13,20:18
TH,juinagar_th,nerul_th,2.0,DOWN,99055,TPL55,,,LOCAL,DAILY,Thane,Panvel,20:24,20:28
TH,juinagar_th,nerul_th,2.0,DOWN,99057,TPL57,,,LOCAL,DAILY,Thane,Panvel,20:40,20:44
TH,juinagar_th,nerul_th,2.0,DOWN,99263,TNU63,,,LOCAL,DAILY,Thane,Nerul,20:45,20:50
TH,juinagar_th,nerul_th,2.0,DOWN,99265,TNU65,,,LOCAL,DAILY,Thane,Nerul,20:58,21:03
TH,juinagar_th,nerul_th,2.0,DOWN,99059,TPL59,,,LOCAL,DAILY,Thane,Panvel,21:15,21:19
TH,juinagar_th,nerul_th,2.0,DOWN,99061,TPL61,,,LOCAL,DAILY,Thane,Panvel,21:36,21:40
TH,juinagar_th,nerul_th,2.0,DOWN,99267,TNU67,,,LOCAL,DAILY,Thane,Nerul,21:56,22:02
TH,nerul_th,seawoods_th,2.0,DOWN,99073,TPL73,,,LOCAL,DAILY,Thane,Panvel,00:01,00:05
TH,nerul_th,seawoods_th,2.0,DOWN,99001,TPL1,,,LOCAL,DAILY,Thane,Panvel,00:34,00:38
TH,nerul_th,seawoods_th,2.0,DOWN,99003,TPL3,,,LOCAL,DAILY,Thane,Panvel,05:41,05:45
TH,nerul_th,seawoods_th,2.0,DOWN,99009,TPL9,,,LOCAL,DAILY,Thane,Panvel,08:33,08:37
TH,nerul_th,seawoods_th,2.0,DOWN,99011,TPL11,,,LOCAL,DAILY,Thane,Panvel,09:10,09:14
TH,nerul_th,seawoods_th,2.0,DOWN,99013,TPL13,,,LOCAL,DAILY,Thane,Panvel,09:43,09:47
TH,nerul_th,seawoods_th,2.0,DOWN,99023,TPL23,,,LOCAL,DAILY,Thane,Panvel,12:33,12:37
TH,nerul_th,seawoods_th,2.0,DOWN,99025,TPL25,,,LOCAL,DAILY,Thane,Panvel,13:19,13:23
TH,nerul_th,seawoods_th,2.0,DOWN,99027,TPL27,,,LOCAL,DAILY,Thane,Panvel,13:53,13:57
TH,nerul_th,seawoods_th,2.0,DOWN,99037,TPL37,,,LOCAL,DAILY,Thane,Panvel,16:29,16:33
TH,nerul_th,seawoods_th,2.0,DOWN,99039,TPL39,,,LOCAL,DAILY,Thane,Panvel,16:53,16:57
TH,nerul_th,seawoods_th,2.0,DOWN,99041,TPL41,,,LOCAL,DAILY,Thane,Panvel,17:17,17:21
TH,nerul_th,seawoods_th,2.0,DOWN,99043,TPL43,,,LOCAL,DAILY,Thane,Panvel,17:52,17:56
TH,nerul_th,seawoods_th,2.0,DOWN,99053,TPL53,,,LOCAL,NOT_SUN,Thane,Panvel,20:18,20:22
TH,nerul_th,seawoods_th,2.0,DOWN,99055,TPL55,,,LOCAL,DAILY,Thane,Panvel,20:28,20:32
TH,nerul_th,seawoods_th,2.0,DOWN,99057,TPL57,,,LOCAL,DAILY,Thane,Panvel,20:44,20:48
TH,nerul_th,seawoods_th,2.0,DOWN,99059,TPL59,,,LOCAL,DAILY,Thane,Panvel,21:19,21:23
TH,nerul_th,seawoods_th,2.0,DOWN,99061,TPL61,,,LOCAL,DAILY,Thane,Panvel,21:40,21:43
TH,seawoods_th,belapur_th,2.5,DOWN,99073,TPL73,,,LOCAL,DAILY,Thane,Panvel,00:05,00:09
TH,seawoods_th,belapur_th,2.5,DOWN,99001,TPL1,,,LOCAL,DAILY,Thane,Panvel,00:38,00:42
TH,seawoods_th,belapur_th,2.5,DOWN,99003,TPL3,,,LOCAL,DAILY,Thane,Panvel,05:45,05:49
TH,seawoods_th,belapur_th,2.5,DOWN,99009,TPL9,,,LOCAL,DAILY,Thane,Panvel,08:37,08:41
TH,seawoods_th,belapur_th,2.5,DOWN,99011,TPL11,,,LOCAL,DAILY,Thane,Panvel,09:14,09:18
TH,seawoods_th,belapur_th,2.5,DOWN,99013,TPL13,,,LOCAL,DAILY,Thane,Panvel,09:47,09:51
TH,seawoods_th,belapur_th,2.5,DOWN,99023,TPL23,,,LOCAL,DAILY,Thane,Panvel,12:37,12:41
TH,seawoods_th,belapur_th,2.5,DOWN,99025,TPL25,,,LOCAL,DAILY,Thane,Panvel,13:23,13:27
TH,seawoods_th,belapur_th,2.5,DOWN,99027,TPL27,,,LOCAL,DAILY,Thane,Panvel,13:57,14:01
TH,seawoods_th,belapur_th,2.5,DOWN,99037,TPL37,,,LOCAL,DAILY,Thane,Panvel,16:33,16:37
TH,seawoods_th,belapur_th,2.5,DOWN,99039,TPL39,,,LOCAL,DAILY,Thane,Panvel,16:57,17:01
TH,seawoods_th,belapur_th,2.5,DOWN,99041,TPL41,,,LOCAL,DAILY,Thane,Panvel,17:21,17:25
TH,seawoods_th,belapur_th,2.5,DOWN,99043,TPL43,,,LOCAL,DAILY,Thane,Panvel,17:56,18:00
TH,seawoods_th,belapur_th,2.5,DOWN,99053,TPL53,,,LOCAL,NOT_SUN,Thane,Panvel,20:22,20:26
TH,seawoods_th,belapur_th,2.5,DOWN,99055,TPL55,,,LOCAL,DAILY,Thane,Panvel,20:32,20:36
TH,seawoods_th,belapur_th,2.5,DOWN,99057,TPL57,,,LOCAL,DAILY,Thane,Panvel,20:48,20:52
TH,seawoods_th,belapur_th,2.5,DOWN,99059,TPL59,,,LOCAL,DAILY,Thane,Panvel,21:23,21:27
TH,seawoods_th,belapur_th,2.5,DOWN,99061,TPL61,,,LOCAL,DAILY,Thane,Panvel,21:43,21:47
TH,belapur_th,kharghar_th,2.5,DOWN,99073,TPL73,,,LOCAL,DAILY,Thane,Panvel,00:09,00:13
TH,belapur_th,kharghar_th,2.5,DOWN,99001,TPL1,,,LOCAL,DAILY,Thane,Panvel,00:42,00:46
TH,belapur_th,kharghar_th,2.5,DOWN,99003,TPL3,,,LOCAL,DAILY,Thane,Panvel,05:49,05:53
TH,belapur_th,kharghar_th,2.5,DOWN,99009,TPL9,,,LOCAL,DAILY,Thane,Panvel,08:41,08:45
TH,belapur_th,kharghar_th,2.5,DOWN,99011,TPL11,,,LOCAL,DAILY,Thane,Panvel,09:18,09:22
TH,belapur_th,kharghar_th,2.5,DOWN,99013,TPL13,,,LOCAL,DAILY,Thane,Panvel,09:51,09:55
TH,belapur_th,kharghar_th,2.5,DOWN,99023,TPL23,,,LOCAL,DAILY,Thane,Panvel,12:41,12:45
TH,belapur_th,kharghar_th,2.5,DOWN,99025,TPL25,,,LOCAL,DAILY,Thane,Panvel,13:27,13:31
TH,belapur_th,kharghar_th,2.5,DOWN,99037,TPL37,,,LOCAL,DAILY,Thane,Panvel,16:37,16:41
TH,belapur_th,kharghar_th,2.5,DOWN,99039,TPL39,,,LOCAL,DAILY,Thane,Panvel,17:01,17:05
TH,belapur_th,kharghar_th,2.5,DOWN,99041,TPL41,,,LOCAL,DAILY,Thane,Panvel,17:25,17:29
TH,belapur_th,kharghar_th,2.5,DOWN,99043,TPL43,,,LOCAL,DAILY,Thane,Panvel,18:00,18:04
TH,belapur_th,kharghar_th,2.5,DOWN,99053,TPL53,,,LOCAL,NOT_SUN,Thane,Panvel,20:26,20:30
TH,belapur_th,kharghar_th,2.5,DOWN,99055,TPL55,,,LOCAL,DAILY,Thane,Panvel,20:36,20:40
TH,belapur_th,kharghar_th,2.5,DOWN,99057,TPL57,,,LOCAL,DAILY,Thane,Panvel,20:52,20:56
TH,belapur_th,kharghar_th,2.5,DOWN,99059,TPL59,,,LOCAL,DAILY,Thane,Panvel,21:27,21:31
TH,belapur_th,kharghar_th,2.5,DOWN,99061,TPL61,,,LOCAL,DAILY,Thane,Panvel,21:47,21:51
TH,kharghar_th,mansarovar_th,2.5,DOWN,99073,TPL73,,,LOCAL,DAILY,Thane,Panvel,00:13,00:16
TH,kharghar_th,mansarovar_th,2.5,DOWN,99001,TPL1,,,LOCAL,DAILY,Thane,Panvel,00:46,00:49
TH,kharghar_th,mansarovar_th,2.5,DOWN,99003,TPL3,,,LOCAL,DAILY,Thane,Panvel,05:53,05:56
TH,kharghar_th,mansarovar_th,2.5,DOWN,99009,TPL9,,,LOCAL,DAILY,Thane,Panvel,08:45,08:48
TH,kharghar_th,mansarovar_th,2.5,DOWN,99011,TPL11,,,LOCAL,DAILY,Thane,Panvel,09:22,09:25
TH,kharghar_th,mansarovar_th,2.5,DOWN,99013,TPL13,,,LOCAL,DAILY,Thane,Panvel,09:55,09:58
TH,kharghar_th,mansarovar_th,2.5,DOWN,99023,TPL23,,,LOCAL,DAILY,Thane,Panvel,12:45,12:48
TH,kharghar_th,mansarovar_th,2.5,DOWN,99025,TPL25,,,LOCAL,DAILY,Thane,Panvel,13:31,13:34
TH,kharghar_th,mansarovar_th,2.5,DOWN,99035,TPL35,,,LOCAL,DAILY,Thane,Panvel,16:01,16:04
TH,kharghar_th,mansarovar_th,2.5,DOWN,99037,TPL37,,,LOCAL,DAILY,Thane,Panvel,16:41,16:44
TH,kharghar_th,mansarovar_th,2.5,DOWN,99039,TPL39,,,LOCAL,DAILY,Thane,Panvel,17:05,17:08
TH,kharghar_th,mansarovar_th,2.5,DOWN,99041,TPL41,,,LOCAL,DAILY,Thane,Panvel,17:29,17:32
TH,kharghar_th,mansarovar_th,2.5,DOWN,99053,TPL53,,,LOCAL,NOT_SUN,Thane,Panvel,20:30,20:33
TH,kharghar_th,mansarovar_th,2.5,DOWN,99055,TPL55,,,LOCAL,DAILY,Thane,Panvel,20:40,20:43
TH,kharghar_th,mansarovar_th,2.5,DOWN,99057,TPL57,,,LOCAL,DAILY,Thane,Panvel,20:56,20:59
TH,kharghar_th,mansarovar_th,2.5,DOWN,99059,TPL59,,,LOCAL,DAILY,Thane,Panvel,21:31,21:34
TH,kharghar_th,mansarovar_th,2.5,DOWN,99061,TPL61,,,LOCAL,DAILY,Thane,Panvel,21:51,21:54
TH,mansarovar_th,khandeshwar_th,2.5,DOWN,99073,TPL73,,,LOCAL,DAILY,Thane,Panvel,00:16,00:19
TH,mansarovar_th,khandeshwar_th,2.5,DOWN,99001,TPL1,,,LOCAL,DAILY,Thane,Panvel,00:49,00:52
TH,mansarovar_th,khandeshwar_th,2.5,DOWN,99003,TPL3,,,LOCAL,DAILY,Thane,Panvel,05:56,05:59
TH,mansarovar_th,khandeshwar_th,2.5,DOWN,99009,TPL9,,,LOCAL,DAILY,Thane,Panvel,08:48,08:51
TH,mansarovar_th,khandeshwar_th,2.5,DOWN,99011,TPL11,,,LOCAL,DAILY,Thane,Panvel,09:25,09:28
TH,mansarovar_th,khandeshwar_th,2.5,DOWN,99013,TPL13,,,LOCAL,DAILY,Thane,Panvel,09:58,10:01
TH,mansarovar_th,khandeshwar_th,2.5,DOWN,99023,TPL23,,,LOCAL,DAILY,Thane,Panvel,12:48,12:51
TH,mansarovar_th,khandeshwar_th,2.5,DOWN,99025,TPL25,,,LOCAL,DAILY,Thane,Panvel,13:34,13:37
TH,mansarovar_th,khandeshwar_th,2.5,DOWN,99035,TPL35,,,LOCAL,DAILY,Thane,Panvel,16:04,16:07
TH,mansarovar_th,khandeshwar_th,2.5,DOWN,99037,TPL37,,,LOCAL,DAILY,Thane,Panvel,16:44,16:47
TH,mansarovar_th,khandeshwar_th,2.5,DOWN,99039,TPL39,,,LOCAL,DAILY,Thane,Panvel,17:08,17:11
TH,mansarovar_th,khandeshwar_th,2.5,DOWN,99041,TPL41,,,LOCAL,DAILY,Thane,Panvel,17:32,17:35
TH,mansarovar_th,khandeshwar_th,2.5,DOWN,99053,TPL53,,,LOCAL,NOT_SUN,Thane,Panvel,20:33,20:36
TH,mansarovar_th,khandeshwar_th,2.5,DOWN,99055,TPL55,,,LOCAL,DAILY,Thane,Panvel,20:43,20:46
TH,mansarovar_th,khandeshwar_th,2.5,DOWN,99057,TPL57,,,LOCAL,DAILY,Thane,Panvel,20:59,21:02
TH,mansarovar_th,khandeshwar_th,2.5,DOWN,99059,TPL59,,,LOCAL,DAILY,Thane,Panvel,21:34,21:37
TH,mansarovar_th,khandeshwar_th,2.5,DOWN,99061,TPL61,,,LOCAL,DAILY,Thane,Panvel,21:54,21:57
TH,khandeshwar_th,panvel_th,2.5,DOWN,99071,TPL71,,,LOCAL,DAILY,Thane,Panvel,00:01,00:06
TH,khandeshwar_th,panvel_th,2.5,DOWN,99073,TPL73,,,LOCAL,DAILY,Thane,Panvel,00:19,00:24
TH,khandeshwar_th,panvel_th,2.5,DOWN,99001,TPL1,,,LOCAL,DAILY,Thane,Panvel,00:52,00:57
TH,khandeshwar_th,panvel_th,2.5,DOWN,99003,TPL3,,,LOCAL,DAILY,Thane,Panvel,05:59,06:04
TH,khandeshwar_th,panvel_th,2.5,DOWN,99009,TPL9,,,LOCAL,DAILY,Thane,Panvel,08:51,08:56
TH,khandeshwar_th,panvel_th,2.5,DOWN,99011,TPL11,,,LOCAL,DAILY,Thane,Panvel,09:28,09:33
TH,khandeshwar_th,panvel_th,2.5,DOWN,99021,TPL21,,,LOCAL,DAILY,Thane,Panvel,12:02,12:07
TH,khandeshwar_th,panvel_th,2.5,DOWN,99023,TPL23,,,LOCAL,DAILY,Thane,Panvel,12:51,12:56
TH,khandeshwar_th,panvel_th,2.5,DOWN,99025,TPL25,,,LOCAL,DAILY,Thane,Panvel,13:37,13:42
TH,khandeshwar_th,panvel_th,2.5,DOWN,99035,TPL35,,,LOCAL,DAILY,Thane,Panvel,16:07,16:12
TH,khandeshwar_th,panvel_th,2.5,DOWN,99037,TPL37,,,LOCAL,DAILY,Thane,Panvel,16:47,16:52
TH,khandeshwar_th,panvel_th,2.5,DOWN,99039,TPL39,,,LOCAL,DAILY,Thane,Panvel,17:11,17:16
TH,khandeshwar_th,panvel_th,2.5,DOWN,99041,TPL41,,,LOCAL,DAILY,Thane,Panvel,17:35,17:40
TH,khandeshwar_th,panvel_th,2.5,DOWN,99051,TPL51,,,LOCAL,DAILY,Thane,Panvel,20:01,20:06
TH,khandeshwar_th,panvel_th,2.5,DOWN,99053,TPL53,,,LOCAL,NOT_SUN,Thane,Panvel,20:36,20:42
TH,khandeshwar_th,panvel_th,2.5,DOWN,99055,TPL55,,,LOCAL,DAILY,Thane,Panvel,20:46,20:51
TH,khandeshwar_th,panvel_th,2.5,DOWN,99057,TPL57,,,LOCAL,DAILY,Thane,Panvel,21:02,21:07
TH,khandeshwar_th,panvel_th,2.5,DOWN,99059,TPL59,,,LOCAL,DAILY,Thane,Panvel,21:37,21:42
TH,khandeshwar_th,panvel_th,2.5,DOWN,99061,TPL61,,,LOCAL,DAILY,Thane,Panvel,21:57,22:02
PL,nerul,seawoods,1.4,DOWN,99605,UNU5,12.0,,LOCAL,DAILY,Nerul,Uran,08:15,08:19
PL,nerul,seawoods,1.4,DOWN,99607,UNU7,12.0,,LOCAL,DAILY,Nerul,Uran,09:15,09:19
PL,nerul,seawoods,1.4,DOWN,99611,UNU11,12.0,,LOCAL,DAILY,Nerul,Uran,13:45,13:49
PL,nerul,seawoods,1.4,DOWN,99615,UNU15,12.0,,LOCAL,DAILY,Nerul,Uran,17:30,17:34
PL,nerul,seawoods,1.4,DOWN,99617,UNU17,12.0,,LOCAL,DAILY,Nerul,Uran,18:00,18:04
PL,nerul,seawoods,1.4,DOWN,99621,UNU21,12.0,,LOCAL,DAILY,Nerul,Uran,20:00,20:04
PL,nerul,seawoods,1.4,DOWN,99623,UNU23,12.0,,LOCAL,DAILY,Nerul,Uran,21:30,21:34
PL,belapur,targhar,1.4,DOWN,99701,UBR1,12.0,,LOCAL,DAILY,Belapur CBD,Uran,05:30,05:39
PL,belapur,targhar,1.4,DOWN,99707,UBR7,12.0,,LOCAL,DAILY,Belapur CBD,Uran,08:45,08:54
PL,belapur,targhar,1.4,DOWN,99709,UBR9,12.0,,LOCAL,DAILY,Belapur CBD,Uran,09:45,09:54
PL,belapur,targhar,1.4,DOWN,99713,UBR13,12.0,,LOCAL,DAILY,Belapur CBD,Uran,13:00,13:09
PL,belapur,targhar,1.4,DOWN,99717,UBR17,12.0,,LOCAL,DAILY,Belapur CBD,Uran,17:00,17:09
PL,belapur,targhar,1.4,DOWN,99723,UBR23,12.0,,LOCAL,DAILY,Belapur CBD,Uran,20:45,20:54
PL,targhar,bamandongri,1.8,DOWN,99701,UBR1,12.0,,LOCAL,DAILY,Belapur CBD,Uran,05:39,05:42
PL,targhar,bamandongri,1.8,DOWN,99605,UNU5,12.0,,LOCAL,DAILY,Nerul,Uran,08:25,08:28
PL,targhar,bamandongri,1.8,DOWN,99707,UBR7,12.0,,LOCAL,DAILY,Belapur CBD,Uran,08:54,08:57
PL,targhar,bamandongri,1.8,DOWN,99607,UNU7,12.0,,LOCAL,DAILY,Nerul,Uran,09:25,09:28
PL,targhar,bamandongri,1.8,DOWN,99709,UBR9,12.0,,LOCAL,DAILY,Belapur CBD,Uran,09:54,09:57
PL,targhar,bamandongri,1.8,DOWN,99713,UBR13,12.0,,LOCAL,DAILY,Belapur CBD,Uran,13:09,13:12
PL,targhar,bamandongri,1.8,DOWN,99611,UNU11,12.0,,LOCAL,DAILY,Nerul,Uran,13:55,13:58
PL,targhar,bamandongri,1.8,DOWN,99717,UBR17,12.0,,LOCAL,DAILY,Belapur CBD,Uran,17:09,17:12
PL,targhar,bamandongri,1.8,DOWN,99615,UNU15,12.0,,LOCAL,DAILY,Nerul,Uran,17:40,17:43
PL,targhar,bamandongri,1.8,DOWN,99621,UNU21,12.0,,LOCAL,DAILY,Nerul,Uran,20:10,20:13
PL,targhar,bamandongri,1.8,DOWN,99723,UBR23,12.0,,LOCAL,DAILY,Belapur CBD,Uran,20:54,20:57
PL,targhar,bamandongri,1.8,DOWN,99623,UNU23,12.0,,LOCAL,DAILY,Nerul,Uran,21:40,21:43
PL,bamandongri,kharkopar,1.9,DOWN,99701,UBR1,12.0,,LOCAL,DAILY,Belapur CBD,Uran,05:42,05:46
PL,bamandongri,kharkopar,1.9,DOWN,99605,UNU5,12.0,,LOCAL,DAILY,Nerul,Uran,08:28,08:32
PL,bamandongri,kharkopar,1.9,DOWN,99707,UBR7,12.0,,LOCAL,DAILY,Belapur CBD,Uran,08:57,09:01
PL,bamandongri,kharkopar,1.9,DOWN,99607,UNU7,12.0,,LOCAL,DAILY,Nerul,Uran,09:28,09:32
PL,bamandongri,kharkopar,1.9,DOWN,99709,UBR9,12.0,,LOCAL,DAILY,Belapur CBD,Uran,09:57,10:01
PL,bamandongri,kharkopar,1.9,DOWN,99713,UBR13,12.0,,LOCAL,DAILY,Belapur CBD,Uran,13:12,13:16
PL,bamandongri,kharkopar,1.9,DOWN,99611,UNU11,12.0,,LOCAL,DAILY,Nerul,Uran,13:58,14:02
PL,bamandongri,kharkopar,1.9,DOWN,99717,UBR17,12.0,,LOCAL,DAILY,Belapur CBD,Uran,17:12,17:16
PL,bamandongri,kharkopar,1.9,DOWN,99615,UNU15,12.0,,LOCAL,DAILY,Nerul,Uran,17:43,17:47
PL,bamandongri,kharkopar,1.9,DOWN,99621,UNU21,12.0,,LOCAL,DAILY,Nerul,Uran,20:13,20:17
PL,bamandongri,kharkopar,1.9,DOWN,99723,UBR23,12.0,,LOCAL,DAILY,Belapur CBD,Uran,20:57,21:01
PL,bamandongri,kharkopar,1.9,DOWN,99623,UNU23,12.0,,LOCAL,DAILY,Nerul,Uran,21:43,21:47
PL,kharkopar,gavhan,2.6,DOWN,99701,UBR1,12.0,,LOCAL,DAILY,Belapur CBD,Uran,05:46,05:50
PL,kharkopar,gavhan,2.6,DOWN,99705,UBR5,12.0,,LOCAL,DAILY,Belapur CBD,Uran,08:01,08:05
PL,kharkopar,gavhan,2.6,DOWN,99605,UNU5,12.0,,LOCAL,DAILY,Nerul,Uran,08:32,08:36
PL,kharkopar,gavhan,2.6,DOWN,99707,UBR7,12.0,,LOCAL,DAILY,Belapur CBD,Uran,09:01,09:05
PL,kharkopar,gavhan,2.6,DOWN,99607,UNU7,12.0,,LOCAL,DAILY,Nerul,Uran,09:32,09:36
PL,kharkopar,gavhan,2.6,DOWN,99713,UBR13,12.0,,LOCAL,DAILY,Belapur CBD,Uran,13:16,13:20
PL,kharkopar,gavhan,2.6,DOWN,99613,UNU13,12.0,,LOCAL,DAILY,Nerul,Uran,16:02,16:06
PL,kharkopar,gavhan,2.6,DOWN,99717,UBR17,12.0,,LOCAL,DAILY,Belapur CBD,Uran,17:16,17:20
PL,kharkopar,gavhan,2.6,DOWN,99615,UNU15,12.0,,LOCAL,DAILY,Nerul,Uran,17:47,17:51
PL,kharkopar,gavhan,2.6,DOWN,99621,UNU21,12.0,,LOCAL,DAILY,Nerul,Uran,20:17,20:21
PL,kharkopar,gavhan,2.6,DOWN,99723,UBR23,12.0,,LOCAL,DAILY,Belapur CBD,Uran,21:01,21:05
PL,kharkopar,gavhan,2.6,DOWN,99623,UNU23,12.0,,LOCAL,DAILY,Nerul,Uran,21:47,21:51
PL,gavhan,shematikhar,3.3,DOWN,99701,UBR1,12.0,,LOCAL,DAILY,Belapur CBD,Uran,05:50,05:54
PL,gavhan,shematikhar,3.3,DOWN,99705,UBR5,12.0,,LOCAL,DAILY,Belapur CBD,Uran,08:05,08:09
PL,gavhan,shematikhar,3.3,DOWN,99605,UNU5,12.0,,LOCAL,DAILY,Nerul,Uran,08:36,08:40
PL,gavhan,shematikhar,3.3,DOWN,99707,UBR7,12.0,,LOCAL,DAILY,Belapur CBD,Uran,09:05,09:09
PL,gavhan,shematikhar,3.3,DOWN,99607,UNU7,12.0,,LOCAL,DAILY,Nerul,Uran,09:36,09:40
PL,gavhan,shematikhar,3.3,DOWN,99713,UBR13,12.0,,LOCAL,DAILY,Belapur CBD,Uran,13:20,13:24
PL,gavhan,shematikhar,3.3,DOWN,99613,UNU13,12.0,,LOCAL,DAILY,Nerul,Uran,16:06,16:10
PL,gavhan,shematikhar,3.3,DOWN,99717,UBR17,12.0,,LOCAL,DAILY,Belapur CBD,Uran,17:20,17:24
PL,gavhan,shematikhar,3.3,DOWN,99615,UNU15,12.0,,LOCAL,DAILY,Nerul,Uran,17:51,17:55
PL,gavhan,shematikhar,3.3,DOWN,99621,UNU21,12.0,,LOCAL,DAILY,Nerul,Uran,20:21,20:25
PL,gavhan,shematikhar,3.3,DOWN,99723,UBR23,12.0,,LOCAL,DAILY,Belapur CBD,Uran,21:05,21:09
PL,gavhan,shematikhar,3.3,DOWN,99623,UNU23,12.0,,LOCAL,DAILY,Nerul,Uran,21:51,21:55
PL,shematikhar,nhave_sheva,3.8,DOWN,99701,UBR1,12.0,,LOCAL,DAILY,Belapur CBD,Uran,05:54,05:57
PL,shematikhar,nhave_sheva,3.8,DOWN,99705,UBR5,12.0,,LOCAL,DAILY,Belapur CBD,Uran,08:09,08:12
PL,shematikhar,nhave_sheva,3.8,DOWN,99605,UNU5,12.0,,LOCAL,DAILY,Nerul,Uran,08:40,08:43
PL,shematikhar,nhave_sheva,3.8,DOWN,99707,UBR7,12.0,,LOCAL,DAILY,Belapur CBD,Uran,09:09,09:12
PL,shematikhar,nhave_sheva,3.8,DOWN,99607,UNU7,12.0,,LOCAL,DAILY,Nerul,Uran,09:40,09:43
PL,shematikhar,nhave_sheva,3.8,DOWN,99713,UBR13,12.0,,LOCAL,DAILY,Belapur CBD,Uran,13:24,13:27
PL,shematikhar,nhave_sheva,3.8,DOWN,99613,UNU13,12.0,,LOCAL,DAILY,Nerul,Uran,16:10,16:13
PL,shematikhar,nhave_sheva,3.8,DOWN,99717,UBR17,12.0,,LOCAL,DAILY,Belapur CBD,Uran,17:24,17:27
PL,shematikhar,nhave_sheva,3.8,DOWN,99615,UNU15,12.0,,LOCAL,DAILY,Nerul,Uran,17:55,17:58
PL,shematikhar,nhave_sheva,3.8,DOWN,99621,UNU21,12.0,,LOCAL,DAILY,Nerul,Uran,20:25,20:28
PL,shematikhar,nhave_sheva,3.8,DOWN,99723,UBR23,12.0,,LOCAL,DAILY,Belapur CBD,Uran,21:09,21:12
PL,shematikhar,nhave_sheva,3.8,DOWN,99623,UNU23,12.0,,LOCAL,DAILY,Nerul,Uran,21:55,21:58
PL,nhave_sheva,dronagiri,3.0,DOWN,99701,UBR1,12.0,,LOCAL,DAILY,Belapur CBD,Uran,05:57,06:00
PL,nhave_sheva,dronagiri,3.0,DOWN,99705,UBR5,12.0,,LOCAL,DAILY,Belapur CBD,Uran,08:12,08:15
PL,nhave_sheva,dronagiri,3.0,DOWN,99605,UNU5,12.0,,LOCAL,DAILY,Nerul,Uran,08:43,08:46
PL,nhave_sheva,dronagiri,3.0,DOWN,99707,UBR7,12.0,,LOCAL,DAILY,Belapur CBD,Uran,09:12,09:15
PL,nhave_sheva,dronagiri,3.0,DOWN,99607,UNU7,12.0,,LOCAL,DAILY,Nerul,Uran,09:43,09:46
PL,nhave_sheva,dronagiri,3.0,DOWN,99713,UBR13,12.0,,LOCAL,DAILY,Belapur CBD,Uran,13:27,13:30
PL,nhave_sheva,dronagiri,3.0,DOWN,99613,UNU13,12.0,,LOCAL,DAILY,Nerul,Uran,16:13,16:16
PL,nhave_sheva,dronagiri,3.0,DOWN,99717,UBR17,12.0,,LOCAL,DAILY,Belapur CBD,Uran,17:27,17:30
PL,nhave_sheva,dronagiri,3.0,DOWN,99615,UNU15,12.0,,LOCAL,DAILY,Nerul,Uran,17:58,18:01
PL,nhave_sheva,dronagiri,3.0,DOWN,99621,UNU21,12.0,,LOCAL,DAILY,Nerul,Uran,20:28,20:31
PL,nhave_sheva,dronagiri,3.0,DOWN,99723,UBR23,12.0,,LOCAL,DAILY,Belapur CBD,Uran,21:12,21:15
PL,nhave_sheva,dronagiri,3.0,DOWN,99623,UNU23,12.0,,LOCAL,DAILY,Nerul,Uran,21:58,22:01
PL,dronagiri,uran,2.5,DOWN,99701,UBR1,12.0,,LOCAL,DAILY,Belapur CBD,Uran,06:00,06:03
PL,dronagiri,uran,2.5,DOWN,99705,UBR5,12.0,,LOCAL,DAILY,Belapur CBD,Uran,08:15,08:18
PL,dronagiri,uran,2.5,DOWN,99605,UNU5,12.0,,LOCAL,DAILY,Nerul,Uran,08:46,08:49
PL,dronagiri,uran,2.5,DOWN,99707,UBR7,12.0,,LOCAL,DAILY,Belapur CBD,Uran,09:15,09:18
PL,dronagiri,uran,2.5,DOWN,99607,UNU7,12.0,,LOCAL,DAILY,Nerul,Uran,09:46,09:49
PL,dronagiri,uran,2.5,DOWN,99711,UBR11,12.0,,LOCAL,DAILY,Belapur CBD,Uran,12:00,12:03
PL,dronagiri,uran,2.5,DOWN,99713,UBR13,12.0,,LOCAL,DAILY,Belapur CBD,Uran,13:30,13:33
PL,dronagiri,uran,2.5,DOWN,99613,UNU13,12.0,,LOCAL,DAILY,Nerul,Uran,16:16,16:19
PL,dronagiri,uran,2.5,DOWN,99717,UBR17,12.0,,LOCAL,DAILY,Belapur CBD,Uran,17:30,17:33
PL,dronagiri,uran,2.5,DOWN,99721,UBR21,12.0,,LOCAL,DAILY,Belapur CBD,Uran,20:00,20:03
PL,dronagiri,uran,2.5,DOWN,99621,UNU21,12.0,,LOCAL,DAILY,Nerul,Uran,20:31,20:34
PL,dronagiri,uran,2.5,DOWN,99723,UBR23,12.0,,LOCAL,DAILY,Belapur CBD,Uran,21:15,21:18
